facility_id,medicine_code,expected_delivery_date,actual_delivery_date,transit_delay_days,quantity_dispatched,delivery_id,delivery_status
FAC-0001,PARACETAMOL,2023-01-01,2023-01-14,13,5000,DEL-000001,Delayed
FAC-0001,PARACETAMOL,2023-01-31,2023-02-12,12,5000,DEL-000002,Delayed
FAC-0001,PARACETAMOL,2023-03-02,2023-03-15,13,5000,DEL-000003,Delayed
FAC-0001,PARACETAMOL,2023-04-01,2023-04-02,1,5000,DEL-000004,On-Time
FAC-0001,PARACETAMOL,2023-05-01,2023-05-01,0,5000,DEL-000005,On-Time
FAC-0001,PARACETAMOL,2023-05-31,2023-06-08,8,5000,DEL-000006,Delayed
FAC-0001,PARACETAMOL,2023-06-30,2023-07-07,7,5000,DEL-000007,Delayed
FAC-0001,PARACETAMOL,2023-07-30,2023-08-16,17,5000,DEL-000008,Delayed
FAC-0001,PARACETAMOL,2023-08-29,2023-08-29,0,5000,DEL-000009,On-Time
FAC-0001,PARACETAMOL,2023-09-28,2023-10-03,5,5000,DEL-000010,Delayed
FAC-0001,PARACETAMOL,2023-10-28,2023-10-28,0,5000,DEL-000011,On-Time
FAC-0001,PARACETAMOL,2023-11-27,2023-12-03,6,5000,DEL-000012,Delayed
FAC-0001,PARACETAMOL,2023-12-27,2024-01-05,9,5000,DEL-000013,Delayed
FAC-0001,RIF_INH,2023-01-01,2023-01-03,2,800,DEL-000014,On-Time
FAC-0001,RIF_INH,2023-01-31,2023-02-06,6,800,DEL-000015,Delayed
FAC-0001,RIF_INH,2023-03-02,2023-03-02,0,800,DEL-000016,On-Time
FAC-0001,RIF_INH,2023-04-01,2023-04-01,0,800,DEL-000017,On-Time
FAC-0001,RIF_INH,2023-05-01,2023-05-02,1,800,DEL-000018,On-Time
FAC-0001,RIF_INH,2023-05-31,2023-06-04,4,800,DEL-000019,Delayed
FAC-0001,RIF_INH,2023-06-30,2023-07-02,2,800,DEL-000020,On-Time
FAC-0001,RIF_INH,2023-07-30,2023-08-05,6,800,DEL-000021,Delayed
FAC-0001,RIF_INH,2023-08-29,2023-08-30,1,800,DEL-000022,On-Time
FAC-0001,RIF_INH,2023-09-28,2023-10-08,10,800,DEL-000023,Delayed
FAC-0001,RIF_INH,2023-10-28,2023-11-03,6,800,DEL-000024,Delayed
FAC-0001,RIF_INH,2023-11-27,2023-11-30,3,800,DEL-000025,On-Time
FAC-0001,RIF_INH,2023-12-27,2023-12-29,2,800,DEL-000026,On-Time
FAC-0001,EPINEPHRINE,2023-01-01,2023-01-03,2,10,DEL-000027,On-Time
FAC-0001,EPINEPHRINE,2023-01-31,2023-01-31,0,10,DEL-000028,On-Time
FAC-0001,EPINEPHRINE,2023-03-02,2023-03-02,0,10,DEL-000029,On-Time
FAC-0001,EPINEPHRINE,2023-04-01,2023-04-04,3,10,DEL-000030,On-Time
FAC-0001,EPINEPHRINE,2023-05-01,2023-05-03,2,10,DEL-000031,On-Time
FAC-0001,EPINEPHRINE,2023-05-31,2023-06-06,6,10,DEL-000032,Delayed
FAC-0001,EPINEPHRINE,2023-06-30,2023-07-03,3,10,DEL-000033,On-Time
FAC-0001,EPINEPHRINE,2023-07-30,2023-07-31,1,10,DEL-000034,On-Time
FAC-0001,EPINEPHRINE,2023-08-29,2023-08-31,2,10,DEL-000035,On-Time
FAC-0001,EPINEPHRINE,2023-09-28,2023-10-01,3,10,DEL-000036,On-Time
FAC-0001,EPINEPHRINE,2023-10-28,2023-10-29,1,10,DEL-000037,On-Time
FAC-0001,EPINEPHRINE,2023-11-27,2023-11-28,1,10,DEL-000038,On-Time
FAC-0001,EPINEPHRINE,2023-12-27,2023-12-31,4,10,DEL-000039,Delayed
FAC-0002,PARACETAMOL,2023-01-01,2023-01-04,3,5000,DEL-000040,On-Time
FAC-0002,PARACETAMOL,2023-01-31,2023-02-17,17,5000,DEL-000041,Delayed
FAC-0002,PARACETAMOL,2023-03-02,2023-03-20,18,5000,DEL-000042,Delayed
FAC-0002,PARACETAMOL,2023-04-01,2023-04-15,14,5000,DEL-000043,Delayed
FAC-0002,PARACETAMOL,2023-05-01,2023-05-01,0,5000,DEL-000044,On-Time
FAC-0002,PARACETAMOL,2023-05-31,2023-06-14,14,5000,DEL-000045,Delayed
FAC-0002,PARACETAMOL,2023-06-30,2023-07-17,17,5000,DEL-000046,Delayed
FAC-0002,PARACETAMOL,2023-07-30,2023-08-13,14,5000,DEL-000047,Delayed
FAC-0002,PARACETAMOL,2023-08-29,2023-09-01,3,5000,DEL-000048,On-Time
FAC-0002,PARACETAMOL,2023-09-28,2023-10-02,4,5000,DEL-000049,Delayed
FAC-0002,PARACETAMOL,2023-10-28,2023-10-30,2,5000,DEL-000050,On-Time
FAC-0002,PARACETAMOL,2023-11-27,2023-12-01,4,5000,DEL-000051,Delayed
FAC-0002,PARACETAMOL,2023-12-27,2023-12-27,0,5000,DEL-000052,On-Time
FAC-0002,RIF_INH,2023-01-01,2023-01-03,2,800,DEL-000053,On-Time
FAC-0002,RIF_INH,2023-01-31,2023-02-17,17,800,DEL-000054,Delayed
FAC-0002,RIF_INH,2023-03-02,2023-04-23,52,800,DEL-000055,Delayed
FAC-0002,RIF_INH,2023-04-01,2023-04-08,7,800,DEL-000056,Delayed
FAC-0002,RIF_INH,2023-05-01,2023-05-04,3,800,DEL-000057,On-Time
FAC-0002,RIF_INH,2023-05-31,2023-06-05,5,800,DEL-000058,Delayed
FAC-0002,RIF_INH,2023-06-30,2023-07-04,4,800,DEL-000059,Delayed
FAC-0002,RIF_INH,2023-07-30,2023-07-31,1,800,DEL-000060,On-Time
FAC-0002,RIF_INH,2023-08-29,2023-09-12,14,800,DEL-000061,Delayed
FAC-0002,RIF_INH,2023-09-28,2023-10-16,18,800,DEL-000062,Delayed
FAC-0002,RIF_INH,2023-10-28,2023-11-16,19,800,DEL-000063,Delayed
FAC-0002,RIF_INH,2023-11-27,2024-02-05,70,800,DEL-000064,Delayed
FAC-0002,RIF_INH,2023-12-27,2024-01-23,27,800,DEL-000065,Delayed
FAC-0002,EPINEPHRINE,2023-01-01,2023-01-22,21,10,DEL-000066,Delayed
FAC-0002,EPINEPHRINE,2023-01-31,2023-02-13,13,10,DEL-000067,Delayed
FAC-0002,EPINEPHRINE,2023-03-02,2023-03-09,7,10,DEL-000068,Delayed
FAC-0002,EPINEPHRINE,2023-04-01,2023-04-01,0,10,DEL-000069,On-Time
FAC-0002,EPINEPHRINE,2023-05-01,2023-05-13,12,10,DEL-000070,Delayed
FAC-0002,EPINEPHRINE,2023-05-31,2023-06-08,8,10,DEL-000071,Delayed
FAC-0002,EPINEPHRINE,2023-06-30,2023-07-19,19,10,DEL-000072,Delayed
FAC-0002,EPINEPHRINE,2023-07-30,2023-08-25,26,10,DEL-000073,Delayed
FAC-0002,EPINEPHRINE,2023-08-29,2023-09-02,4,10,DEL-000074,Delayed
FAC-0002,EPINEPHRINE,2023-09-28,2023-09-28,0,10,DEL-000075,On-Time
FAC-0002,EPINEPHRINE,2023-10-28,2023-11-09,12,10,DEL-000076,Delayed
FAC-0002,EPINEPHRINE,2023-11-27,2023-12-30,33,10,DEL-000077,Delayed
FAC-0002,EPINEPHRINE,2023-12-27,2024-01-06,10,10,DEL-000078,Delayed
FAC-0003,PARACETAMOL,2023-01-01,2023-01-22,21,5000,DEL-000079,Delayed
FAC-0003,PARACETAMOL,2023-01-31,2023-02-07,7,5000,DEL-000080,Delayed
FAC-0003,PARACETAMOL,2023-03-02,2023-03-15,13,5000,DEL-000081,Delayed
FAC-0003,PARACETAMOL,2023-04-01,2023-04-03,2,5000,DEL-000082,On-Time
FAC-0003,PARACETAMOL,2023-05-01,2023-05-02,1,5000,DEL-000083,On-Time
FAC-0003,PARACETAMOL,2023-05-31,2023-06-01,1,5000,DEL-000084,On-Time
FAC-0003,PARACETAMOL,2023-06-30,2023-07-01,1,5000,DEL-000085,On-Time
FAC-0003,PARACETAMOL,2023-07-30,2023-07-30,0,5000,DEL-000086,On-Time
FAC-0003,PARACETAMOL,2023-08-29,2023-09-15,17,5000,DEL-000087,Delayed
FAC-0003,PARACETAMOL,2023-09-28,2023-10-02,4,5000,DEL-000088,Delayed
FAC-0003,PARACETAMOL,2023-10-28,2023-10-31,3,5000,DEL-000089,On-Time
FAC-0003,PARACETAMOL,2023-11-27,2023-12-06,9,5000,DEL-000090,Delayed
FAC-0003,PARACETAMOL,2023-12-27,2023-12-28,1,5000,DEL-000091,On-Time
FAC-0003,RIF_INH,2023-01-01,2023-01-20,19,800,DEL-000092,Delayed
FAC-0003,RIF_INH,2023-01-31,2023-02-13,13,800,DEL-000093,Delayed
FAC-0003,RIF_INH,2023-03-02,2023-03-05,3,800,DEL-000094,On-Time
FAC-0003,RIF_INH,2023-04-01,2023-04-03,2,800,DEL-000095,On-Time
FAC-0003,RIF_INH,2023-05-01,2023-05-06,5,800,DEL-000096,Delayed
FAC-0003,RIF_INH,2023-05-31,2023-06-03,3,800,DEL-000097,On-Time
FAC-0003,RIF_INH,2023-06-30,2023-06-30,0,800,DEL-000098,On-Time
FAC-0003,RIF_INH,2023-07-30,2023-08-04,5,800,DEL-000099,Delayed
FAC-0003,RIF_INH,2023-08-29,2023-09-20,22,800,DEL-000100,Delayed
FAC-0003,RIF_INH,2023-09-28,2023-10-08,10,800,DEL-000101,Delayed
FAC-0003,RIF_INH,2023-10-28,2023-11-28,31,800,DEL-000102,Delayed
FAC-0003,RIF_INH,2023-11-27,2023-12-17,20,800,DEL-000103,Delayed
FAC-0003,RIF_INH,2023-12-27,2024-01-07,11,800,DEL-000104,Delayed
FAC-0003,EPINEPHRINE,2023-01-01,2023-01-19,18,10,DEL-000105,Delayed
FAC-0003,EPINEPHRINE,2023-01-31,2023-02-07,7,10,DEL-000106,Delayed
FAC-0003,EPINEPHRINE,2023-03-02,2023-03-12,10,10,DEL-000107,Delayed
FAC-0003,EPINEPHRINE,2023-04-01,2023-04-04,3,10,DEL-000108,On-Time
FAC-0003,EPINEPHRINE,2023-05-01,2023-05-03,2,10,DEL-000109,On-Time
FAC-0003,EPINEPHRINE,2023-05-31,2023-06-21,21,10,DEL-000110,Delayed
FAC-0003,EPINEPHRINE,2023-06-30,2023-07-01,1,10,DEL-000111,On-Time
FAC-0003,EPINEPHRINE,2023-07-30,2023-07-31,1,10,DEL-000112,On-Time
FAC-0003,EPINEPHRINE,2023-08-29,2023-09-01,3,10,DEL-000113,On-Time
FAC-0003,EPINEPHRINE,2023-09-28,2023-10-07,9,10,DEL-000114,Delayed
FAC-0003,EPINEPHRINE,2023-10-28,2023-11-01,4,10,DEL-000115,Delayed
FAC-0003,EPINEPHRINE,2023-11-27,2023-12-03,6,10,DEL-000116,Delayed
FAC-0003,EPINEPHRINE,2023-12-27,2024-01-17,21,10,DEL-000117,Delayed
FAC-0004,PARACETAMOL,2023-01-01,2023-01-08,7,5000,DEL-000118,Delayed
FAC-0004,PARACETAMOL,2023-01-31,2023-02-05,5,5000,DEL-000119,Delayed
FAC-0004,PARACETAMOL,2023-03-02,2023-03-02,0,5000,DEL-000120,On-Time
FAC-0004,PARACETAMOL,2023-04-01,2023-04-07,6,5000,DEL-000121,Delayed
FAC-0004,PARACETAMOL,2023-05-01,2023-05-03,2,5000,DEL-000122,On-Time
FAC-0004,PARACETAMOL,2023-05-31,2023-05-31,0,5000,DEL-000123,On-Time
FAC-0004,PARACETAMOL,2023-06-30,2023-07-02,2,5000,DEL-000124,On-Time
FAC-0004,PARACETAMOL,2023-07-30,2023-07-30,0,5000,DEL-000125,On-Time
FAC-0004,PARACETAMOL,2023-08-29,2023-09-02,4,5000,DEL-000126,Delayed
FAC-0004,PARACETAMOL,2023-09-28,2023-10-02,4,5000,DEL-000127,Delayed
FAC-0004,PARACETAMOL,2023-10-28,2023-10-29,1,5000,DEL-000128,On-Time
FAC-0004,PARACETAMOL,2023-11-27,2023-11-27,0,5000,DEL-000129,On-Time
FAC-0004,PARACETAMOL,2023-12-27,2024-01-09,13,5000,DEL-000130,Delayed
FAC-0004,RIF_INH,2023-01-01,2023-01-05,4,800,DEL-000131,Delayed
FAC-0004,RIF_INH,2023-01-31,2023-02-07,7,800,DEL-000132,Delayed
FAC-0004,RIF_INH,2023-03-02,2023-03-03,1,800,DEL-000133,On-Time
FAC-0004,RIF_INH,2023-04-01,2023-04-09,8,800,DEL-000134,Delayed
FAC-0004,RIF_INH,2023-05-01,2023-05-09,8,800,DEL-000135,Delayed
FAC-0004,RIF_INH,2023-05-31,2023-05-31,0,800,DEL-000136,On-Time
FAC-0004,RIF_INH,2023-06-30,2023-07-27,27,800,DEL-000137,Delayed
FAC-0004,RIF_INH,2023-07-30,2023-08-02,3,800,DEL-000138,On-Time
FAC-0004,RIF_INH,2023-08-29,2023-09-05,7,800,DEL-000139,Delayed
FAC-0004,RIF_INH,2023-09-28,2023-09-29,1,800,DEL-000140,On-Time
FAC-0004,RIF_INH,2023-10-28,2023-11-02,5,800,DEL-000141,Delayed
FAC-0004,RIF_INH,2023-11-27,2023-11-28,1,800,DEL-000142,On-Time
FAC-0004,RIF_INH,2023-12-27,2024-01-04,8,800,DEL-000143,Delayed
FAC-0004,EPINEPHRINE,2023-01-01,2023-01-03,2,10,DEL-000144,On-Time
FAC-0004,EPINEPHRINE,2023-01-31,2023-02-03,3,10,DEL-000145,On-Time
FAC-0004,EPINEPHRINE,2023-03-02,2023-03-04,2,10,DEL-000146,On-Time
FAC-0004,EPINEPHRINE,2023-04-01,2023-04-04,3,10,DEL-000147,On-Time
FAC-0004,EPINEPHRINE,2023-05-01,2023-05-03,2,10,DEL-000148,On-Time
FAC-0004,EPINEPHRINE,2023-05-31,2023-06-03,3,10,DEL-000149,On-Time
FAC-0004,EPINEPHRINE,2023-06-30,2023-06-30,0,10,DEL-000150,On-Time
FAC-0004,EPINEPHRINE,2023-07-30,2023-08-07,8,10,DEL-000151,Delayed
FAC-0004,EPINEPHRINE,2023-08-29,2023-09-10,12,10,DEL-000152,Delayed
FAC-0004,EPINEPHRINE,2023-09-28,2023-09-30,2,10,DEL-000153,On-Time
FAC-0004,EPINEPHRINE,2023-10-28,2023-11-14,17,10,DEL-000154,Delayed
FAC-0004,EPINEPHRINE,2023-11-27,2023-11-27,0,10,DEL-000155,On-Time
FAC-0004,EPINEPHRINE,2023-12-27,2024-01-10,14,10,DEL-000156,Delayed
FAC-0005,PARACETAMOL,2023-01-01,2023-01-06,5,5000,DEL-000157,Delayed
FAC-0005,PARACETAMOL,2023-01-31,2023-02-10,10,5000,DEL-000158,Delayed
FAC-0005,PARACETAMOL,2023-03-02,2023-04-07,36,5000,DEL-000159,Delayed
FAC-0005,PARACETAMOL,2023-04-01,2023-04-02,1,5000,DEL-000160,On-Time
FAC-0005,PARACETAMOL,2023-05-01,2023-05-03,2,5000,DEL-000161,On-Time
FAC-0005,PARACETAMOL,2023-05-31,2023-06-20,20,5000,DEL-000162,Delayed
FAC-0005,PARACETAMOL,2023-06-30,2023-07-14,14,5000,DEL-000163,Delayed
FAC-0005,PARACETAMOL,2023-07-30,2023-08-03,4,5000,DEL-000164,Delayed
FAC-0005,PARACETAMOL,2023-08-29,2023-09-04,6,5000,DEL-000165,Delayed
FAC-0005,PARACETAMOL,2023-09-28,2023-10-09,11,5000,DEL-000166,Delayed
FAC-0005,PARACETAMOL,2023-10-28,2023-11-25,28,5000,DEL-000167,Delayed
FAC-0005,PARACETAMOL,2023-11-27,2023-12-02,5,5000,DEL-000168,Delayed
FAC-0005,PARACETAMOL,2023-12-27,2024-01-07,11,5000,DEL-000169,Delayed
FAC-0005,RIF_INH,2023-01-01,2023-01-06,5,800,DEL-000170,Delayed
FAC-0005,RIF_INH,2023-01-31,2023-02-04,4,800,DEL-000171,Delayed
FAC-0005,RIF_INH,2023-03-02,2023-04-03,32,800,DEL-000172,Delayed
FAC-0005,RIF_INH,2023-04-01,2023-04-09,8,800,DEL-000173,Delayed
FAC-0005,RIF_INH,2023-05-01,2023-05-21,20,800,DEL-000174,Delayed
FAC-0005,RIF_INH,2023-05-31,2023-06-04,4,800,DEL-000175,Delayed
FAC-0005,RIF_INH,2023-06-30,2023-07-02,2,800,DEL-000176,On-Time
FAC-0005,RIF_INH,2023-07-30,2023-08-16,17,800,DEL-000177,Delayed
FAC-0005,RIF_INH,2023-08-29,2023-09-19,21,800,DEL-000178,Delayed
FAC-0005,RIF_INH,2023-09-28,2023-10-12,14,800,DEL-000179,Delayed
FAC-0005,RIF_INH,2023-10-28,2023-11-14,17,800,DEL-000180,Delayed
FAC-0005,RIF_INH,2023-11-27,2023-12-12,15,800,DEL-000181,Delayed
FAC-0005,RIF_INH,2023-12-27,2024-01-12,16,800,DEL-000182,Delayed
FAC-0005,EPINEPHRINE,2023-01-01,2023-02-04,34,10,DEL-000183,Delayed
FAC-0005,EPINEPHRINE,2023-01-31,2023-03-14,42,10,DEL-000184,Delayed
FAC-0005,EPINEPHRINE,2023-03-02,2023-03-11,9,10,DEL-000185,Delayed
FAC-0005,EPINEPHRINE,2023-04-01,2023-04-02,1,10,DEL-000186,On-Time
FAC-0005,EPINEPHRINE,2023-05-01,2023-05-22,21,10,DEL-000187,Delayed
FAC-0005,EPINEPHRINE,2023-05-31,2023-06-12,12,10,DEL-000188,Delayed
FAC-0005,EPINEPHRINE,2023-06-30,2023-08-05,36,10,DEL-000189,Delayed
FAC-0005,EPINEPHRINE,2023-07-30,2023-08-14,15,10,DEL-000190,Delayed
FAC-0005,EPINEPHRINE,2023-08-29,2023-08-31,2,10,DEL-000191,On-Time
FAC-0005,EPINEPHRINE,2023-09-28,2023-10-13,15,10,DEL-000192,Delayed
FAC-0005,EPINEPHRINE,2023-10-28,2023-11-05,8,10,DEL-000193,Delayed
FAC-0005,EPINEPHRINE,2023-11-27,2023-11-28,1,10,DEL-000194,On-Time
FAC-0005,EPINEPHRINE,2023-12-27,2023-12-31,4,10,DEL-000195,Delayed
FAC-0006,PARACETAMOL,2023-01-01,2023-01-14,13,5000,DEL-000196,Delayed
FAC-0006,PARACETAMOL,2023-01-31,2023-02-01,1,5000,DEL-000197,On-Time
FAC-0006,PARACETAMOL,2023-03-02,2023-03-03,1,5000,DEL-000198,On-Time
FAC-0006,PARACETAMOL,2023-04-01,2023-04-02,1,5000,DEL-000199,On-Time
FAC-0006,PARACETAMOL,2023-05-01,2023-05-09,8,5000,DEL-000200,Delayed
FAC-0006,PARACETAMOL,2023-05-31,2023-06-04,4,5000,DEL-000201,Delayed
FAC-0006,PARACETAMOL,2023-06-30,2023-06-30,0,5000,DEL-000202,On-Time
FAC-0006,PARACETAMOL,2023-07-30,2023-07-30,0,5000,DEL-000203,On-Time
FAC-0006,PARACETAMOL,2023-08-29,2023-08-30,1,5000,DEL-000204,On-Time
FAC-0006,PARACETAMOL,2023-09-28,2023-09-28,0,5000,DEL-000205,On-Time
FAC-0006,PARACETAMOL,2023-10-28,2023-11-05,8,5000,DEL-000206,Delayed
FAC-0006,PARACETAMOL,2023-11-27,2023-11-27,0,5000,DEL-000207,On-Time
FAC-0006,PARACETAMOL,2023-12-27,2023-12-29,2,5000,DEL-000208,On-Time
FAC-0006,RIF_INH,2023-01-01,2023-01-05,4,800,DEL-000209,Delayed
FAC-0006,RIF_INH,2023-01-31,2023-02-11,11,800,DEL-000210,Delayed
FAC-0006,RIF_INH,2023-03-02,2023-03-03,1,800,DEL-000211,On-Time
FAC-0006,RIF_INH,2023-04-01,2023-04-07,6,800,DEL-000212,Delayed
FAC-0006,RIF_INH,2023-05-01,2023-05-04,3,800,DEL-000213,On-Time
FAC-0006,RIF_INH,2023-05-31,2023-06-06,6,800,DEL-000214,Delayed
FAC-0006,RIF_INH,2023-06-30,2023-07-01,1,800,DEL-000215,On-Time
FAC-0006,RIF_INH,2023-07-30,2023-07-31,1,800,DEL-000216,On-Time
FAC-0006,RIF_INH,2023-08-29,2023-08-30,1,800,DEL-000217,On-Time
FAC-0006,RIF_INH,2023-09-28,2023-10-02,4,800,DEL-000218,Delayed
FAC-0006,RIF_INH,2023-10-28,2023-10-30,2,800,DEL-000219,On-Time
FAC-0006,RIF_INH,2023-11-27,2023-11-30,3,800,DEL-000220,On-Time
FAC-0006,RIF_INH,2023-12-27,2024-01-01,5,800,DEL-000221,Delayed
FAC-0006,EPINEPHRINE,2023-01-01,2023-01-05,4,10,DEL-000222,Delayed
FAC-0006,EPINEPHRINE,2023-01-31,2023-02-04,4,10,DEL-000223,Delayed
FAC-0006,EPINEPHRINE,2023-03-02,2023-03-07,5,10,DEL-000224,Delayed
FAC-0006,EPINEPHRINE,2023-04-01,2023-04-01,0,10,DEL-000225,On-Time
FAC-0006,EPINEPHRINE,2023-05-01,2023-05-06,5,10,DEL-000226,Delayed
FAC-0006,EPINEPHRINE,2023-05-31,2023-06-05,5,10,DEL-000227,Delayed
FAC-0006,EPINEPHRINE,2023-06-30,2023-07-01,1,10,DEL-000228,On-Time
FAC-0006,EPINEPHRINE,2023-07-30,2023-07-30,0,10,DEL-000229,On-Time
FAC-0006,EPINEPHRINE,2023-08-29,2023-08-31,2,10,DEL-000230,On-Time
FAC-0006,EPINEPHRINE,2023-09-28,2023-10-06,8,10,DEL-000231,Delayed
FAC-0006,EPINEPHRINE,2023-10-28,2023-10-29,1,10,DEL-000232,On-Time
FAC-0006,EPINEPHRINE,2023-11-27,2023-12-02,5,10,DEL-000233,Delayed
FAC-0006,EPINEPHRINE,2023-12-27,2024-01-07,11,10,DEL-000234,Delayed
FAC-0007,PARACETAMOL,2023-01-01,2023-01-04,3,5000,DEL-000235,On-Time
FAC-0007,PARACETAMOL,2023-01-31,2023-03-07,35,5000,DEL-000236,Delayed
FAC-0007,PARACETAMOL,2023-03-02,2023-03-02,0,5000,DEL-000237,On-Time
FAC-0007,PARACETAMOL,2023-04-01,2023-04-01,0,5000,DEL-000238,On-Time
FAC-0007,PARACETAMOL,2023-05-01,2023-05-16,15,5000,DEL-000239,Delayed
FAC-0007,PARACETAMOL,2023-05-31,2023-06-05,5,5000,DEL-000240,Delayed
FAC-0007,PARACETAMOL,2023-06-30,2023-07-04,4,5000,DEL-000241,Delayed
FAC-0007,PARACETAMOL,2023-07-30,2023-08-14,15,5000,DEL-000242,Delayed
FAC-0007,PARACETAMOL,2023-08-29,2023-09-18,20,5000,DEL-000243,Delayed
FAC-0007,PARACETAMOL,2023-09-28,2023-10-04,6,5000,DEL-000244,Delayed
FAC-0007,PARACETAMOL,2023-10-28,2023-11-14,17,5000,DEL-000245,Delayed
FAC-0007,PARACETAMOL,2023-11-27,2023-12-05,8,5000,DEL-000246,Delayed
FAC-0007,PARACETAMOL,2023-12-27,2023-12-31,4,5000,DEL-000247,Delayed
FAC-0007,RIF_INH,2023-01-01,2023-01-02,1,800,DEL-000248,On-Time
FAC-0007,RIF_INH,2023-01-31,2023-02-11,11,800,DEL-000249,Delayed
FAC-0007,RIF_INH,2023-03-02,2023-03-19,17,800,DEL-000250,Delayed
FAC-0007,RIF_INH,2023-04-01,2023-04-22,21,800,DEL-000251,Delayed
FAC-0007,RIF_INH,2023-05-01,2023-05-03,2,800,DEL-000252,On-Time
FAC-0007,RIF_INH,2023-05-31,2023-06-08,8,800,DEL-000253,Delayed
FAC-0007,RIF_INH,2023-06-30,2023-07-04,4,800,DEL-000254,Delayed
FAC-0007,RIF_INH,2023-07-30,2023-08-12,13,800,DEL-000255,Delayed
FAC-0007,RIF_INH,2023-08-29,2023-08-30,1,800,DEL-000256,On-Time
FAC-0007,RIF_INH,2023-09-28,2023-09-28,0,800,DEL-000257,On-Time
FAC-0007,RIF_INH,2023-10-28,2023-10-30,2,800,DEL-000258,On-Time
FAC-0007,RIF_INH,2023-11-27,2023-11-27,0,800,DEL-000259,On-Time
FAC-0007,RIF_INH,2023-12-27,2023-12-30,3,800,DEL-000260,On-Time
FAC-0007,EPINEPHRINE,2023-01-01,2023-01-04,3,10,DEL-000261,On-Time
FAC-0007,EPINEPHRINE,2023-01-31,2023-01-31,0,10,DEL-000262,On-Time
FAC-0007,EPINEPHRINE,2023-03-02,2023-03-27,25,10,DEL-000263,Delayed
FAC-0007,EPINEPHRINE,2023-04-01,2023-04-03,2,10,DEL-000264,On-Time
FAC-0007,EPINEPHRINE,2023-05-01,2023-05-10,9,10,DEL-000265,Delayed
FAC-0007,EPINEPHRINE,2023-05-31,2023-06-01,1,10,DEL-000266,On-Time
FAC-0007,EPINEPHRINE,2023-06-30,2023-07-04,4,10,DEL-000267,Delayed
FAC-0007,EPINEPHRINE,2023-07-30,2023-07-30,0,10,DEL-000268,On-Time
FAC-0007,EPINEPHRINE,2023-08-29,2023-08-29,0,10,DEL-000269,On-Time
FAC-0007,EPINEPHRINE,2023-09-28,2023-09-28,0,10,DEL-000270,On-Time
FAC-0007,EPINEPHRINE,2023-10-28,2023-11-10,13,10,DEL-000271,Delayed
FAC-0007,EPINEPHRINE,2023-11-27,2023-11-29,2,10,DEL-000272,On-Time
FAC-0007,EPINEPHRINE,2023-12-27,2024-01-01,5,10,DEL-000273,Delayed
FAC-0008,PARACETAMOL,2023-01-01,2023-01-04,3,5000,DEL-000274,On-Time
FAC-0008,PARACETAMOL,2023-01-31,2023-01-31,0,5000,DEL-000275,On-Time
FAC-0008,PARACETAMOL,2023-03-02,2023-03-14,12,5000,DEL-000276,Delayed
FAC-0008,PARACETAMOL,2023-04-01,2023-04-03,2,5000,DEL-000277,On-Time
FAC-0008,PARACETAMOL,2023-05-01,2023-05-01,0,5000,DEL-000278,On-Time
FAC-0008,PARACETAMOL,2023-05-31,2023-05-31,0,5000,DEL-000279,On-Time
FAC-0008,PARACETAMOL,2023-06-30,2023-07-02,2,5000,DEL-000280,On-Time
FAC-0008,PARACETAMOL,2023-07-30,2023-07-30,0,5000,DEL-000281,On-Time
FAC-0008,PARACETAMOL,2023-08-29,2023-08-30,1,5000,DEL-000282,On-Time
FAC-0008,PARACETAMOL,2023-09-28,2023-10-01,3,5000,DEL-000283,On-Time
FAC-0008,PARACETAMOL,2023-10-28,2023-10-28,0,5000,DEL-000284,On-Time
FAC-0008,PARACETAMOL,2023-11-27,2023-11-28,1,5000,DEL-000285,On-Time
FAC-0008,PARACETAMOL,2023-12-27,2024-01-02,6,5000,DEL-000286,Delayed
FAC-0008,RIF_INH,2023-01-01,2023-01-01,0,800,DEL-000287,On-Time
FAC-0008,RIF_INH,2023-01-31,2023-02-04,4,800,DEL-000288,Delayed
FAC-0008,RIF_INH,2023-03-02,2023-03-02,0,800,DEL-000289,On-Time
FAC-0008,RIF_INH,2023-04-01,2023-04-12,11,800,DEL-000290,Delayed
FAC-0008,RIF_INH,2023-05-01,2023-05-02,1,800,DEL-000291,On-Time
FAC-0008,RIF_INH,2023-05-31,2023-06-01,1,800,DEL-000292,On-Time
FAC-0008,RIF_INH,2023-06-30,2023-07-04,4,800,DEL-000293,Delayed
FAC-0008,RIF_INH,2023-07-30,2023-08-08,9,800,DEL-000294,Delayed
FAC-0008,RIF_INH,2023-08-29,2023-09-12,14,800,DEL-000295,Delayed
FAC-0008,RIF_INH,2023-09-28,2023-10-04,6,800,DEL-000296,Delayed
FAC-0008,RIF_INH,2023-10-28,2023-11-04,7,800,DEL-000297,Delayed
FAC-0008,RIF_INH,2023-11-27,2023-12-01,4,800,DEL-000298,Delayed
FAC-0008,RIF_INH,2023-12-27,2023-12-27,0,800,DEL-000299,On-Time
FAC-0008,EPINEPHRINE,2023-01-01,2023-01-06,5,10,DEL-000300,Delayed
FAC-0008,EPINEPHRINE,2023-01-31,2023-01-31,0,10,DEL-000301,On-Time
FAC-0008,EPINEPHRINE,2023-03-02,2023-03-06,4,10,DEL-000302,Delayed
FAC-0008,EPINEPHRINE,2023-04-01,2023-04-04,3,10,DEL-000303,On-Time
FAC-0008,EPINEPHRINE,2023-05-01,2023-05-02,1,10,DEL-000304,On-Time
FAC-0008,EPINEPHRINE,2023-05-31,2023-06-03,3,10,DEL-000305,On-Time
FAC-0008,EPINEPHRINE,2023-06-30,2023-07-03,3,10,DEL-000306,On-Time
FAC-0008,EPINEPHRINE,2023-07-30,2023-07-31,1,10,DEL-000307,On-Time
FAC-0008,EPINEPHRINE,2023-08-29,2023-08-30,1,10,DEL-000308,On-Time
FAC-0008,EPINEPHRINE,2023-09-28,2023-09-29,1,10,DEL-000309,On-Time
FAC-0008,EPINEPHRINE,2023-10-28,2023-10-28,0,10,DEL-000310,On-Time
FAC-0008,EPINEPHRINE,2023-11-27,2023-11-28,1,10,DEL-000311,On-Time
FAC-0008,EPINEPHRINE,2023-12-27,2023-12-31,4,10,DEL-000312,Delayed
FAC-0009,PARACETAMOL,2023-01-01,2023-01-20,19,5000,DEL-000313,Delayed
FAC-0009,PARACETAMOL,2023-01-31,2023-02-09,9,5000,DEL-000314,Delayed
FAC-0009,PARACETAMOL,2023-03-02,2023-03-11,9,5000,DEL-000315,Delayed
FAC-0009,PARACETAMOL,2023-04-01,2023-04-07,6,5000,DEL-000316,Delayed
FAC-0009,PARACETAMOL,2023-05-01,2023-05-20,19,5000,DEL-000317,Delayed
FAC-0009,PARACETAMOL,2023-05-31,2023-06-06,6,5000,DEL-000318,Delayed
FAC-0009,PARACETAMOL,2023-06-30,2023-07-15,15,5000,DEL-000319,Delayed
FAC-0009,PARACETAMOL,2023-07-30,2023-08-09,10,5000,DEL-000320,Delayed
FAC-0009,PARACETAMOL,2023-08-29,2023-09-08,10,5000,DEL-000321,Delayed
FAC-0009,PARACETAMOL,2023-09-28,2023-11-14,47,5000,DEL-000322,Delayed
FAC-0009,PARACETAMOL,2023-10-28,2023-12-02,35,5000,DEL-000323,Delayed
FAC-0009,PARACETAMOL,2023-11-27,2023-12-12,15,5000,DEL-000324,Delayed
FAC-0009,PARACETAMOL,2023-12-27,2024-01-15,19,5000,DEL-000325,Delayed
FAC-0009,RIF_INH,2023-01-01,2023-01-03,2,800,DEL-000326,On-Time
FAC-0009,RIF_INH,2023-01-31,2023-02-07,7,800,DEL-000327,Delayed
FAC-0009,RIF_INH,2023-03-02,2023-03-23,21,800,DEL-000328,Delayed
FAC-0009,RIF_INH,2023-04-01,2023-04-18,17,800,DEL-000329,Delayed
FAC-0009,RIF_INH,2023-05-01,2023-05-04,3,800,DEL-000330,On-Time
FAC-0009,RIF_INH,2023-05-31,2023-07-21,51,800,DEL-000331,Delayed
FAC-0009,RIF_INH,2023-06-30,2023-06-30,0,800,DEL-000332,On-Time
FAC-0009,RIF_INH,2023-07-30,2023-08-17,18,800,DEL-000333,Delayed
FAC-0009,RIF_INH,2023-08-29,2023-08-30,1,800,DEL-000334,On-Time
FAC-0009,RIF_INH,2023-09-28,2023-11-07,40,800,DEL-000335,Delayed
FAC-0009,RIF_INH,2023-10-28,2023-10-29,1,800,DEL-000336,On-Time
FAC-0009,RIF_INH,2023-11-27,2023-12-22,25,800,DEL-000337,Delayed
FAC-0009,RIF_INH,2023-12-27,2023-12-30,3,800,DEL-000338,On-Time
FAC-0009,EPINEPHRINE,2023-01-01,2023-03-17,75,10,DEL-000339,Delayed
FAC-0009,EPINEPHRINE,2023-01-31,2023-02-09,9,10,DEL-000340,Delayed
FAC-0009,EPINEPHRINE,2023-03-02,2023-03-21,19,10,DEL-000341,Delayed
FAC-0009,EPINEPHRINE,2023-04-01,2023-04-17,16,10,DEL-000342,Delayed
FAC-0009,EPINEPHRINE,2023-05-01,2023-05-12,11,10,DEL-000343,Delayed
FAC-0009,EPINEPHRINE,2023-05-31,2023-06-24,24,10,DEL-000344,Delayed
FAC-0009,EPINEPHRINE,2023-06-30,2023-07-12,12,10,DEL-000345,Delayed
FAC-0009,EPINEPHRINE,2023-07-30,2023-09-13,45,10,DEL-000346,Delayed
FAC-0009,EPINEPHRINE,2023-08-29,2023-08-30,1,10,DEL-000347,On-Time
FAC-0009,EPINEPHRINE,2023-09-28,2023-12-26,89,10,DEL-000348,Delayed
FAC-0009,EPINEPHRINE,2023-10-28,2023-11-10,13,10,DEL-000349,Delayed
FAC-0009,EPINEPHRINE,2023-11-27,2023-12-01,4,10,DEL-000350,Delayed
FAC-0009,EPINEPHRINE,2023-12-27,2024-01-05,9,10,DEL-000351,Delayed
FAC-0010,PARACETAMOL,2023-01-01,2023-01-23,22,5000,DEL-000352,Delayed
FAC-0010,PARACETAMOL,2023-01-31,2023-02-17,17,5000,DEL-000353,Delayed
FAC-0010,PARACETAMOL,2023-03-02,2023-04-08,37,5000,DEL-000354,Delayed
FAC-0010,PARACETAMOL,2023-04-01,2023-05-11,40,5000,DEL-000355,Delayed
FAC-0010,PARACETAMOL,2023-05-01,2023-05-17,16,5000,DEL-000356,Delayed
FAC-0010,PARACETAMOL,2023-05-31,2023-06-28,28,5000,DEL-000357,Delayed
FAC-0010,PARACETAMOL,2023-06-30,2023-07-12,12,5000,DEL-000358,Delayed
FAC-0010,PARACETAMOL,2023-07-30,2023-08-01,2,5000,DEL-000359,On-Time
FAC-0010,PARACETAMOL,2023-08-29,2023-09-07,9,5000,DEL-000360,Delayed
FAC-0010,PARACETAMOL,2023-09-28,2023-10-03,5,5000,DEL-000361,Delayed
FAC-0010,PARACETAMOL,2023-10-28,2023-12-02,35,5000,DEL-000362,Delayed
FAC-0010,PARACETAMOL,2023-11-27,2023-12-01,4,5000,DEL-000363,Delayed
FAC-0010,PARACETAMOL,2023-12-27,2024-01-18,22,5000,DEL-000364,Delayed
FAC-0010,RIF_INH,2023-01-01,2023-02-10,40,800,DEL-000365,Delayed
FAC-0010,RIF_INH,2023-01-31,2023-02-02,2,800,DEL-000366,On-Time
FAC-0010,RIF_INH,2023-03-02,2023-03-19,17,800,DEL-000367,Delayed
FAC-0010,RIF_INH,2023-04-01,2023-05-17,46,800,DEL-000368,Delayed
FAC-0010,RIF_INH,2023-05-01,2023-05-10,9,800,DEL-000369,Delayed
FAC-0010,RIF_INH,2023-05-31,2023-06-08,8,800,DEL-000370,Delayed
FAC-0010,RIF_INH,2023-06-30,2023-07-11,11,800,DEL-000371,Delayed
FAC-0010,RIF_INH,2023-07-30,2023-08-02,3,800,DEL-000372,On-Time
FAC-0010,RIF_INH,2023-08-29,2023-09-01,3,800,DEL-000373,On-Time
FAC-0010,RIF_INH,2023-09-28,2023-11-22,55,800,DEL-000374,Delayed
FAC-0010,RIF_INH,2023-10-28,2023-12-10,43,800,DEL-000375,Delayed
FAC-0010,RIF_INH,2023-11-27,2023-12-07,10,800,DEL-000376,Delayed
FAC-0010,RIF_INH,2023-12-27,2024-01-01,5,800,DEL-000377,Delayed
FAC-0010,EPINEPHRINE,2023-01-01,2023-01-25,24,10,DEL-000378,Delayed
FAC-0010,EPINEPHRINE,2023-01-31,2023-04-18,77,10,DEL-000379,Delayed
FAC-0010,EPINEPHRINE,2023-03-02,2023-04-09,38,10,DEL-000380,Delayed
FAC-0010,EPINEPHRINE,2023-04-01,2023-04-09,8,10,DEL-000381,Delayed
FAC-0010,EPINEPHRINE,2023-05-01,2023-05-12,11,10,DEL-000382,Delayed
FAC-0010,EPINEPHRINE,2023-05-31,2023-06-19,19,10,DEL-000383,Delayed
FAC-0010,EPINEPHRINE,2023-06-30,2023-07-13,13,10,DEL-000384,Delayed
FAC-0010,EPINEPHRINE,2023-07-30,2023-08-04,5,10,DEL-000385,Delayed
FAC-0010,EPINEPHRINE,2023-08-29,2023-09-03,5,10,DEL-000386,Delayed
FAC-0010,EPINEPHRINE,2023-09-28,2023-10-17,19,10,DEL-000387,Delayed
FAC-0010,EPINEPHRINE,2023-10-28,2023-12-29,62,10,DEL-000388,Delayed
FAC-0010,EPINEPHRINE,2023-11-27,2023-11-30,3,10,DEL-000389,On-Time
FAC-0010,EPINEPHRINE,2023-12-27,2024-01-17,21,10,DEL-000390,Delayed
FAC-0011,PARACETAMOL,2023-01-01,2023-02-05,35,5000,DEL-000391,Delayed
FAC-0011,PARACETAMOL,2023-01-31,2023-01-31,0,5000,DEL-000392,On-Time
FAC-0011,PARACETAMOL,2023-03-02,2023-03-09,7,5000,DEL-000393,Delayed
FAC-0011,PARACETAMOL,2023-04-01,2023-04-19,18,5000,DEL-000394,Delayed
FAC-0011,PARACETAMOL,2023-05-01,2023-05-31,30,5000,DEL-000395,Delayed
FAC-0011,PARACETAMOL,2023-05-31,2023-07-08,38,5000,DEL-000396,Delayed
FAC-0011,PARACETAMOL,2023-06-30,2023-07-04,4,5000,DEL-000397,Delayed
FAC-0011,PARACETAMOL,2023-07-30,2023-07-30,0,5000,DEL-000398,On-Time
FAC-0011,PARACETAMOL,2023-08-29,2023-09-02,4,5000,DEL-000399,Delayed
FAC-0011,PARACETAMOL,2023-09-28,2023-10-08,10,5000,DEL-000400,Delayed
FAC-0011,PARACETAMOL,2023-10-28,2023-10-31,3,5000,DEL-000401,On-Time
FAC-0011,PARACETAMOL,2023-11-27,2023-12-02,5,5000,DEL-000402,Delayed
FAC-0011,PARACETAMOL,2023-12-27,2024-01-15,19,5000,DEL-000403,Delayed
FAC-0011,RIF_INH,2023-01-01,2023-01-01,0,800,DEL-000404,On-Time
FAC-0011,RIF_INH,2023-01-31,2023-02-23,23,800,DEL-000405,Delayed
FAC-0011,RIF_INH,2023-03-02,2023-03-02,0,800,DEL-000406,On-Time
FAC-0011,RIF_INH,2023-04-01,2023-04-13,12,800,DEL-000407,Delayed
FAC-0011,RIF_INH,2023-05-01,2023-05-01,0,800,DEL-000408,On-Time
FAC-0011,RIF_INH,2023-05-31,2023-06-04,4,800,DEL-000409,Delayed
FAC-0011,RIF_INH,2023-06-30,2023-07-07,7,800,DEL-000410,Delayed
FAC-0011,RIF_INH,2023-07-30,2023-08-28,29,800,DEL-000411,Delayed
FAC-0011,RIF_INH,2023-08-29,2023-08-31,2,800,DEL-000412,On-Time
FAC-0011,RIF_INH,2023-09-28,2023-11-19,52,800,DEL-000413,Delayed
FAC-0011,RIF_INH,2023-10-28,2023-11-26,29,800,DEL-000414,Delayed
FAC-0011,RIF_INH,2023-11-27,2023-11-28,1,800,DEL-000415,On-Time
FAC-0011,RIF_INH,2023-12-27,2023-12-27,0,800,DEL-000416,On-Time
FAC-0011,EPINEPHRINE,2023-01-01,2023-01-03,2,10,DEL-000417,On-Time
FAC-0011,EPINEPHRINE,2023-01-31,2023-02-13,13,10,DEL-000418,Delayed
FAC-0011,EPINEPHRINE,2023-03-02,2023-05-24,83,10,DEL-000419,Delayed
FAC-0011,EPINEPHRINE,2023-04-01,2023-04-05,4,10,DEL-000420,Delayed
FAC-0011,EPINEPHRINE,2023-05-01,2023-05-19,18,10,DEL-000421,Delayed
FAC-0011,EPINEPHRINE,2023-05-31,2023-06-01,1,10,DEL-000422,On-Time
FAC-0011,EPINEPHRINE,2023-06-30,2023-07-21,21,10,DEL-000423,Delayed
FAC-0011,EPINEPHRINE,2023-07-30,2023-08-25,26,10,DEL-000424,Delayed
FAC-0011,EPINEPHRINE,2023-08-29,2023-09-27,29,10,DEL-000425,Delayed
FAC-0011,EPINEPHRINE,2023-09-28,2023-10-28,30,10,DEL-000426,Delayed
FAC-0011,EPINEPHRINE,2023-10-28,2023-11-19,22,10,DEL-000427,Delayed
FAC-0011,EPINEPHRINE,2023-11-27,2023-11-28,1,10,DEL-000428,On-Time
FAC-0011,EPINEPHRINE,2023-12-27,2024-01-07,11,10,DEL-000429,Delayed
FAC-0012,PARACETAMOL,2023-01-01,2023-01-04,3,5000,DEL-000430,On-Time
FAC-0012,PARACETAMOL,2023-01-31,2023-02-03,3,5000,DEL-000431,On-Time
FAC-0012,PARACETAMOL,2023-03-02,2023-03-20,18,5000,DEL-000432,Delayed
FAC-0012,PARACETAMOL,2023-04-01,2023-04-18,17,5000,DEL-000433,Delayed
FAC-0012,PARACETAMOL,2023-05-01,2023-05-10,9,5000,DEL-000434,Delayed
FAC-0012,PARACETAMOL,2023-05-31,2023-06-02,2,5000,DEL-000435,On-Time
FAC-0012,PARACETAMOL,2023-06-30,2023-07-08,8,5000,DEL-000436,Delayed
FAC-0012,PARACETAMOL,2023-07-30,2023-08-01,2,5000,DEL-000437,On-Time
FAC-0012,PARACETAMOL,2023-08-29,2023-09-10,12,5000,DEL-000438,Delayed
FAC-0012,PARACETAMOL,2023-09-28,2023-09-29,1,5000,DEL-000439,On-Time
FAC-0012,PARACETAMOL,2023-10-28,2023-11-06,9,5000,DEL-000440,Delayed
FAC-0012,PARACETAMOL,2023-11-27,2023-11-30,3,5000,DEL-000441,On-Time
FAC-0012,PARACETAMOL,2023-12-27,2023-12-27,0,5000,DEL-000442,On-Time
FAC-0012,RIF_INH,2023-01-01,2023-01-12,11,800,DEL-000443,Delayed
FAC-0012,RIF_INH,2023-01-31,2023-02-01,1,800,DEL-000444,On-Time
FAC-0012,RIF_INH,2023-03-02,2023-04-05,34,800,DEL-000445,Delayed
FAC-0012,RIF_INH,2023-04-01,2023-04-06,5,800,DEL-000446,Delayed
FAC-0012,RIF_INH,2023-05-01,2023-05-03,2,800,DEL-000447,On-Time
FAC-0012,RIF_INH,2023-05-31,2023-06-01,1,800,DEL-000448,On-Time
FAC-0012,RIF_INH,2023-06-30,2023-07-05,5,800,DEL-000449,Delayed
FAC-0012,RIF_INH,2023-07-30,2023-08-10,11,800,DEL-000450,Delayed
FAC-0012,RIF_INH,2023-08-29,2023-09-12,14,800,DEL-000451,Delayed
FAC-0012,RIF_INH,2023-09-28,2023-10-05,7,800,DEL-000452,Delayed
FAC-0012,RIF_INH,2023-10-28,2023-11-24,27,800,DEL-000453,Delayed
FAC-0012,RIF_INH,2023-11-27,2023-12-09,12,800,DEL-000454,Delayed
FAC-0012,RIF_INH,2023-12-27,2023-12-28,1,800,DEL-000455,On-Time
FAC-0012,EPINEPHRINE,2023-01-01,2023-01-27,26,10,DEL-000456,Delayed
FAC-0012,EPINEPHRINE,2023-01-31,2023-02-03,3,10,DEL-000457,On-Time
FAC-0012,EPINEPHRINE,2023-03-02,2023-03-29,27,10,DEL-000458,Delayed
FAC-0012,EPINEPHRINE,2023-04-01,2023-04-03,2,10,DEL-000459,On-Time
FAC-0012,EPINEPHRINE,2023-05-01,2023-05-05,4,10,DEL-000460,Delayed
FAC-0012,EPINEPHRINE,2023-05-31,2023-06-09,9,10,DEL-000461,Delayed
FAC-0012,EPINEPHRINE,2023-06-30,2023-06-30,0,10,DEL-000462,On-Time
FAC-0012,EPINEPHRINE,2023-07-30,2023-08-20,21,10,DEL-000463,Delayed
FAC-0012,EPINEPHRINE,2023-08-29,2023-09-01,3,10,DEL-000464,On-Time
FAC-0012,EPINEPHRINE,2023-09-28,2023-09-30,2,10,DEL-000465,On-Time
FAC-0012,EPINEPHRINE,2023-10-28,2023-10-28,0,10,DEL-000466,On-Time
FAC-0012,EPINEPHRINE,2023-11-27,2023-11-27,0,10,DEL-000467,On-Time
FAC-0012,EPINEPHRINE,2023-12-27,2023-12-27,0,10,DEL-000468,On-Time
FAC-0013,PARACETAMOL,2023-01-01,2023-01-04,3,5000,DEL-000469,On-Time
FAC-0013,PARACETAMOL,2023-01-31,2023-02-03,3,5000,DEL-000470,On-Time
FAC-0013,PARACETAMOL,2023-03-02,2023-03-12,10,5000,DEL-000471,Delayed
FAC-0013,PARACETAMOL,2023-04-01,2023-04-23,22,5000,DEL-000472,Delayed
FAC-0013,PARACETAMOL,2023-05-01,2023-05-12,11,5000,DEL-000473,Delayed
FAC-0013,PARACETAMOL,2023-05-31,2023-06-10,10,5000,DEL-000474,Delayed
FAC-0013,PARACETAMOL,2023-06-30,2023-07-05,5,5000,DEL-000475,Delayed
FAC-0013,PARACETAMOL,2023-07-30,2023-08-08,9,5000,DEL-000476,Delayed
FAC-0013,PARACETAMOL,2023-08-29,2023-09-05,7,5000,DEL-000477,Delayed
FAC-0013,PARACETAMOL,2023-09-28,2023-09-28,0,5000,DEL-000478,On-Time
FAC-0013,PARACETAMOL,2023-10-28,2023-10-30,2,5000,DEL-000479,On-Time
FAC-0013,PARACETAMOL,2023-11-27,2023-11-29,2,5000,DEL-000480,On-Time
FAC-0013,PARACETAMOL,2023-12-27,2023-12-27,0,5000,DEL-000481,On-Time
FAC-0013,RIF_INH,2023-01-01,2023-01-05,4,800,DEL-000482,Delayed
FAC-0013,RIF_INH,2023-01-31,2023-01-31,0,800,DEL-000483,On-Time
FAC-0013,RIF_INH,2023-03-02,2023-03-17,15,800,DEL-000484,Delayed
FAC-0013,RIF_INH,2023-04-01,2023-04-16,15,800,DEL-000485,Delayed
FAC-0013,RIF_INH,2023-05-01,2023-05-02,1,800,DEL-000486,On-Time
FAC-0013,RIF_INH,2023-05-31,2023-05-31,0,800,DEL-000487,On-Time
FAC-0013,RIF_INH,2023-06-30,2023-07-31,31,800,DEL-000488,Delayed
FAC-0013,RIF_INH,2023-07-30,2023-08-02,3,800,DEL-000489,On-Time
FAC-0013,RIF_INH,2023-08-29,2023-09-05,7,800,DEL-000490,Delayed
FAC-0013,RIF_INH,2023-09-28,2023-10-04,6,800,DEL-000491,Delayed
FAC-0013,RIF_INH,2023-10-28,2023-11-09,12,800,DEL-000492,Delayed
FAC-0013,RIF_INH,2023-11-27,2023-12-07,10,800,DEL-000493,Delayed
FAC-0013,RIF_INH,2023-12-27,2024-01-18,22,800,DEL-000494,Delayed
FAC-0013,EPINEPHRINE,2023-01-01,2023-01-02,1,10,DEL-000495,On-Time
FAC-0013,EPINEPHRINE,2023-01-31,2023-02-10,10,10,DEL-000496,Delayed
FAC-0013,EPINEPHRINE,2023-03-02,2023-03-06,4,10,DEL-000497,Delayed
FAC-0013,EPINEPHRINE,2023-04-01,2023-04-08,7,10,DEL-000498,Delayed
FAC-0013,EPINEPHRINE,2023-05-01,2023-06-11,41,10,DEL-000499,Delayed
FAC-0013,EPINEPHRINE,2023-05-31,2023-06-05,5,10,DEL-000500,Delayed
FAC-0013,EPINEPHRINE,2023-06-30,2023-07-11,11,10,DEL-000501,Delayed
FAC-0013,EPINEPHRINE,2023-07-30,2023-08-05,6,10,DEL-000502,Delayed
FAC-0013,EPINEPHRINE,2023-08-29,2023-08-30,1,10,DEL-000503,On-Time
FAC-0013,EPINEPHRINE,2023-09-28,2023-09-28,0,10,DEL-000504,On-Time
FAC-0013,EPINEPHRINE,2023-10-28,2023-11-12,15,10,DEL-000505,Delayed
FAC-0013,EPINEPHRINE,2023-11-27,2023-11-27,0,10,DEL-000506,On-Time
FAC-0013,EPINEPHRINE,2023-12-27,2023-12-28,1,10,DEL-000507,On-Time
FAC-0014,PARACETAMOL,2023-01-01,2023-01-04,3,5000,DEL-000508,On-Time
FAC-0014,PARACETAMOL,2023-01-31,2023-02-01,1,5000,DEL-000509,On-Time
FAC-0014,PARACETAMOL,2023-03-02,2023-03-04,2,5000,DEL-000510,On-Time
FAC-0014,PARACETAMOL,2023-04-01,2023-04-03,2,5000,DEL-000511,On-Time
FAC-0014,PARACETAMOL,2023-05-01,2023-05-01,0,5000,DEL-000512,On-Time
FAC-0014,PARACETAMOL,2023-05-31,2023-06-08,8,5000,DEL-000513,Delayed
FAC-0014,PARACETAMOL,2023-06-30,2023-07-15,15,5000,DEL-000514,Delayed
FAC-0014,PARACETAMOL,2023-07-30,2023-08-01,2,5000,DEL-000515,On-Time
FAC-0014,PARACETAMOL,2023-08-29,2023-08-30,1,5000,DEL-000516,On-Time
FAC-0014,PARACETAMOL,2023-09-28,2023-10-06,8,5000,DEL-000517,Delayed
FAC-0014,PARACETAMOL,2023-10-28,2023-10-30,2,5000,DEL-000518,On-Time
FAC-0014,PARACETAMOL,2023-11-27,2023-11-30,3,5000,DEL-000519,On-Time
FAC-0014,PARACETAMOL,2023-12-27,2024-01-04,8,5000,DEL-000520,Delayed
FAC-0014,RIF_INH,2023-01-01,2023-01-02,1,800,DEL-000521,On-Time
FAC-0014,RIF_INH,2023-01-31,2023-02-07,7,800,DEL-000522,Delayed
FAC-0014,RIF_INH,2023-03-02,2023-03-06,4,800,DEL-000523,Delayed
FAC-0014,RIF_INH,2023-04-01,2023-04-05,4,800,DEL-000524,Delayed
FAC-0014,RIF_INH,2023-05-01,2023-05-07,6,800,DEL-000525,Delayed
FAC-0014,RIF_INH,2023-05-31,2023-05-31,0,800,DEL-000526,On-Time
FAC-0014,RIF_INH,2023-06-30,2023-07-01,1,800,DEL-000527,On-Time
FAC-0014,RIF_INH,2023-07-30,2023-07-30,0,800,DEL-000528,On-Time
FAC-0014,RIF_INH,2023-08-29,2023-08-30,1,800,DEL-000529,On-Time
FAC-0014,RIF_INH,2023-09-28,2023-09-29,1,800,DEL-000530,On-Time
FAC-0014,RIF_INH,2023-10-28,2023-10-29,1,800,DEL-000531,On-Time
FAC-0014,RIF_INH,2023-11-27,2023-11-29,2,800,DEL-000532,On-Time
FAC-0014,RIF_INH,2023-12-27,2023-12-28,1,800,DEL-000533,On-Time
FAC-0014,EPINEPHRINE,2023-01-01,2023-01-03,2,10,DEL-000534,On-Time
FAC-0014,EPINEPHRINE,2023-01-31,2023-02-02,2,10,DEL-000535,On-Time
FAC-0014,EPINEPHRINE,2023-03-02,2023-03-03,1,10,DEL-000536,On-Time
FAC-0014,EPINEPHRINE,2023-04-01,2023-04-04,3,10,DEL-000537,On-Time
FAC-0014,EPINEPHRINE,2023-05-01,2023-05-05,4,10,DEL-000538,Delayed
FAC-0014,EPINEPHRINE,2023-05-31,2023-06-06,6,10,DEL-000539,Delayed
FAC-0014,EPINEPHRINE,2023-06-30,2023-06-30,0,10,DEL-000540,On-Time
FAC-0014,EPINEPHRINE,2023-07-30,2023-08-02,3,10,DEL-000541,On-Time
FAC-0014,EPINEPHRINE,2023-08-29,2023-09-03,5,10,DEL-000542,Delayed
FAC-0014,EPINEPHRINE,2023-09-28,2023-09-28,0,10,DEL-000543,On-Time
FAC-0014,EPINEPHRINE,2023-10-28,2023-10-30,2,10,DEL-000544,On-Time
FAC-0014,EPINEPHRINE,2023-11-27,2023-11-30,3,10,DEL-000545,On-Time
FAC-0014,EPINEPHRINE,2023-12-27,2023-12-28,1,10,DEL-000546,On-Time
FAC-0015,PARACETAMOL,2023-01-01,2023-01-28,27,5000,DEL-000547,Delayed
FAC-0015,PARACETAMOL,2023-01-31,2023-02-19,19,5000,DEL-000548,Delayed
FAC-0015,PARACETAMOL,2023-03-02,2023-03-04,2,5000,DEL-000549,On-Time
FAC-0015,PARACETAMOL,2023-04-01,2023-04-09,8,5000,DEL-000550,Delayed
FAC-0015,PARACETAMOL,2023-05-01,2023-06-20,50,5000,DEL-000551,Delayed
FAC-0015,PARACETAMOL,2023-05-31,2023-06-11,11,5000,DEL-000552,Delayed
FAC-0015,PARACETAMOL,2023-06-30,2023-07-21,21,5000,DEL-000553,Delayed
FAC-0015,PARACETAMOL,2023-07-30,2023-09-05,37,5000,DEL-000554,Delayed
FAC-0015,PARACETAMOL,2023-08-29,2023-09-06,8,5000,DEL-000555,Delayed
FAC-0015,PARACETAMOL,2023-09-28,2023-09-29,1,5000,DEL-000556,On-Time
FAC-0015,PARACETAMOL,2023-10-28,2023-10-31,3,5000,DEL-000557,On-Time
FAC-0015,PARACETAMOL,2023-11-27,2023-12-06,9,5000,DEL-000558,Delayed
FAC-0015,PARACETAMOL,2023-12-27,2024-01-04,8,5000,DEL-000559,Delayed
FAC-0015,RIF_INH,2023-01-01,2023-01-13,12,800,DEL-000560,Delayed
FAC-0015,RIF_INH,2023-01-31,2023-02-19,19,800,DEL-000561,Delayed
FAC-0015,RIF_INH,2023-03-02,2023-03-24,22,800,DEL-000562,Delayed
FAC-0015,RIF_INH,2023-04-01,2023-04-17,16,800,DEL-000563,Delayed
FAC-0015,RIF_INH,2023-05-01,2023-06-12,42,800,DEL-000564,Delayed
FAC-0015,RIF_INH,2023-05-31,2023-07-24,54,800,DEL-000565,Delayed
FAC-0015,RIF_INH,2023-06-30,2023-07-19,19,800,DEL-000566,Delayed
FAC-0015,RIF_INH,2023-07-30,2023-08-28,29,800,DEL-000567,Delayed
FAC-0015,RIF_INH,2023-08-29,2023-09-05,7,800,DEL-000568,Delayed
FAC-0015,RIF_INH,2023-09-28,2023-09-30,2,800,DEL-000569,On-Time
FAC-0015,RIF_INH,2023-10-28,2023-11-09,12,800,DEL-000570,Delayed
FAC-0015,RIF_INH,2023-11-27,2024-01-04,38,800,DEL-000571,Delayed
FAC-0015,RIF_INH,2023-12-27,2023-12-29,2,800,DEL-000572,On-Time
FAC-0015,EPINEPHRINE,2023-01-01,2023-01-07,6,10,DEL-000573,Delayed
FAC-0015,EPINEPHRINE,2023-01-31,2023-02-15,15,10,DEL-000574,Delayed
FAC-0015,EPINEPHRINE,2023-03-02,2023-03-10,8,10,DEL-000575,Delayed
FAC-0015,EPINEPHRINE,2023-04-01,2023-04-01,0,10,DEL-000576,On-Time
FAC-0015,EPINEPHRINE,2023-05-01,2023-07-02,62,10,DEL-000577,Delayed
FAC-0015,EPINEPHRINE,2023-05-31,2023-06-11,11,10,DEL-000578,Delayed
FAC-0015,EPINEPHRINE,2023-06-30,2023-07-04,4,10,DEL-000579,Delayed
FAC-0015,EPINEPHRINE,2023-07-30,2023-08-06,7,10,DEL-000580,Delayed
FAC-0015,EPINEPHRINE,2023-08-29,2023-08-29,0,10,DEL-000581,On-Time
FAC-0015,EPINEPHRINE,2023-09-28,2023-10-10,12,10,DEL-000582,Delayed
FAC-0015,EPINEPHRINE,2023-10-28,2023-11-21,24,10,DEL-000583,Delayed
FAC-0015,EPINEPHRINE,2023-11-27,2023-12-09,12,10,DEL-000584,Delayed
FAC-0015,EPINEPHRINE,2023-12-27,2024-01-18,22,10,DEL-000585,Delayed
FAC-0016,PARACETAMOL,2023-01-01,2023-01-09,8,5000,DEL-000586,Delayed
FAC-0016,PARACETAMOL,2023-01-31,2023-02-19,19,5000,DEL-000587,Delayed
FAC-0016,PARACETAMOL,2023-03-02,2023-03-11,9,5000,DEL-000588,Delayed
FAC-0016,PARACETAMOL,2023-04-01,2023-04-14,13,5000,DEL-000589,Delayed
FAC-0016,PARACETAMOL,2023-05-01,2023-05-26,25,5000,DEL-000590,Delayed
FAC-0016,PARACETAMOL,2023-05-31,2023-07-28,58,5000,DEL-000591,Delayed
FAC-0016,PARACETAMOL,2023-06-30,2023-07-07,7,5000,DEL-000592,Delayed
FAC-0016,PARACETAMOL,2023-07-30,2023-09-13,45,5000,DEL-000593,Delayed
FAC-0016,PARACETAMOL,2023-08-29,2023-08-30,1,5000,DEL-000594,On-Time
FAC-0016,PARACETAMOL,2023-09-28,2023-10-10,12,5000,DEL-000595,Delayed
FAC-0016,PARACETAMOL,2023-10-28,2023-11-06,9,5000,DEL-000596,Delayed
FAC-0016,PARACETAMOL,2023-11-27,2023-12-08,11,5000,DEL-000597,Delayed
FAC-0016,PARACETAMOL,2023-12-27,2024-01-20,24,5000,DEL-000598,Delayed
FAC-0016,RIF_INH,2023-01-01,2023-01-07,6,800,DEL-000599,Delayed
FAC-0016,RIF_INH,2023-01-31,2023-03-27,55,800,DEL-000600,Delayed
FAC-0016,RIF_INH,2023-03-02,2023-03-12,10,800,DEL-000601,Delayed
FAC-0016,RIF_INH,2023-04-01,2023-04-20,19,800,DEL-000602,Delayed
FAC-0016,RIF_INH,2023-05-01,2023-05-12,11,800,DEL-000603,Delayed
FAC-0016,RIF_INH,2023-05-31,2023-06-09,9,800,DEL-000604,Delayed
FAC-0016,RIF_INH,2023-06-30,2023-07-07,7,800,DEL-000605,Delayed
FAC-0016,RIF_INH,2023-07-30,2023-07-30,0,800,DEL-000606,On-Time
FAC-0016,RIF_INH,2023-08-29,2023-10-20,52,800,DEL-000607,Delayed
FAC-0016,RIF_INH,2023-09-28,2023-10-11,13,800,DEL-000608,Delayed
FAC-0016,RIF_INH,2023-10-28,2023-12-03,36,800,DEL-000609,Delayed
FAC-0016,RIF_INH,2023-11-27,2024-01-19,53,800,DEL-000610,Delayed
FAC-0016,RIF_INH,2023-12-27,2024-01-16,20,800,DEL-000611,Delayed
FAC-0016,EPINEPHRINE,2023-01-01,2023-01-07,6,10,DEL-000612,Delayed
FAC-0016,EPINEPHRINE,2023-01-31,2023-02-08,8,10,DEL-000613,Delayed
FAC-0016,EPINEPHRINE,2023-03-02,2023-03-03,1,10,DEL-000614,On-Time
FAC-0016,EPINEPHRINE,2023-04-01,2023-05-02,31,10,DEL-000615,Delayed
FAC-0016,EPINEPHRINE,2023-05-01,2023-05-16,15,10,DEL-000616,Delayed
FAC-0016,EPINEPHRINE,2023-05-31,2023-07-06,36,10,DEL-000617,Delayed
FAC-0016,EPINEPHRINE,2023-06-30,2023-08-01,32,10,DEL-000618,Delayed
FAC-0016,EPINEPHRINE,2023-07-30,2023-07-30,0,10,DEL-000619,On-Time
FAC-0016,EPINEPHRINE,2023-08-29,2023-09-21,23,10,DEL-000620,Delayed
FAC-0016,EPINEPHRINE,2023-09-28,2023-09-29,1,10,DEL-000621,On-Time
FAC-0016,EPINEPHRINE,2023-10-28,2023-10-29,1,10,DEL-000622,On-Time
FAC-0016,EPINEPHRINE,2023-11-27,2023-12-12,15,10,DEL-000623,Delayed
FAC-0016,EPINEPHRINE,2023-12-27,2024-01-04,8,10,DEL-000624,Delayed
FAC-0017,PARACETAMOL,2023-01-01,2023-01-23,22,5000,DEL-000625,Delayed
FAC-0017,PARACETAMOL,2023-01-31,2023-03-17,45,5000,DEL-000626,Delayed
FAC-0017,PARACETAMOL,2023-03-02,2023-03-09,7,5000,DEL-000627,Delayed
FAC-0017,PARACETAMOL,2023-04-01,2023-04-13,12,5000,DEL-000628,Delayed
FAC-0017,PARACETAMOL,2023-05-01,2023-05-01,0,5000,DEL-000629,On-Time
FAC-0017,PARACETAMOL,2023-05-31,2023-06-03,3,5000,DEL-000630,On-Time
FAC-0017,PARACETAMOL,2023-06-30,2023-07-15,15,5000,DEL-000631,Delayed
FAC-0017,PARACETAMOL,2023-07-30,2023-07-30,0,5000,DEL-000632,On-Time
FAC-0017,PARACETAMOL,2023-08-29,2023-09-12,14,5000,DEL-000633,Delayed
FAC-0017,PARACETAMOL,2023-09-28,2023-10-11,13,5000,DEL-000634,Delayed
FAC-0017,PARACETAMOL,2023-10-28,2023-10-29,1,5000,DEL-000635,On-Time
FAC-0017,PARACETAMOL,2023-11-27,2024-01-02,36,5000,DEL-000636,Delayed
FAC-0017,PARACETAMOL,2023-12-27,2024-01-16,20,5000,DEL-000637,Delayed
FAC-0017,RIF_INH,2023-01-01,2023-02-03,33,800,DEL-000638,Delayed
FAC-0017,RIF_INH,2023-01-31,2023-02-02,2,800,DEL-000639,On-Time
FAC-0017,RIF_INH,2023-03-02,2023-03-21,19,800,DEL-000640,Delayed
FAC-0017,RIF_INH,2023-04-01,2023-04-06,5,800,DEL-000641,Delayed
FAC-0017,RIF_INH,2023-05-01,2023-06-12,42,800,DEL-000642,Delayed
FAC-0017,RIF_INH,2023-05-31,2023-06-09,9,800,DEL-000643,Delayed
FAC-0017,RIF_INH,2023-06-30,2023-07-13,13,800,DEL-000644,Delayed
FAC-0017,RIF_INH,2023-07-30,2023-08-03,4,800,DEL-000645,Delayed
FAC-0017,RIF_INH,2023-08-29,2023-09-07,9,800,DEL-000646,Delayed
FAC-0017,RIF_INH,2023-09-28,2023-10-17,19,800,DEL-000647,Delayed
FAC-0017,RIF_INH,2023-10-28,2023-11-11,14,800,DEL-000648,Delayed
FAC-0017,RIF_INH,2023-11-27,2023-11-27,0,800,DEL-000649,On-Time
FAC-0017,RIF_INH,2023-12-27,2023-12-27,0,800,DEL-000650,On-Time
FAC-0017,EPINEPHRINE,2023-01-01,2023-01-09,8,10,DEL-000651,Delayed
FAC-0017,EPINEPHRINE,2023-01-31,2023-02-21,21,10,DEL-000652,Delayed
FAC-0017,EPINEPHRINE,2023-03-02,2023-03-15,13,10,DEL-000653,Delayed
FAC-0017,EPINEPHRINE,2023-04-01,2023-04-03,2,10,DEL-000654,On-Time
FAC-0017,EPINEPHRINE,2023-05-01,2023-05-23,22,10,DEL-000655,Delayed
FAC-0017,EPINEPHRINE,2023-05-31,2023-07-17,47,10,DEL-000656,Delayed
FAC-0017,EPINEPHRINE,2023-06-30,2023-07-05,5,10,DEL-000657,Delayed
FAC-0017,EPINEPHRINE,2023-07-30,2023-08-08,9,10,DEL-000658,Delayed
FAC-0017,EPINEPHRINE,2023-08-29,2023-09-06,8,10,DEL-000659,Delayed
FAC-0017,EPINEPHRINE,2023-09-28,2023-10-02,4,10,DEL-000660,Delayed
FAC-0017,EPINEPHRINE,2023-10-28,2023-11-02,5,10,DEL-000661,Delayed
FAC-0017,EPINEPHRINE,2023-11-27,2023-12-02,5,10,DEL-000662,Delayed
FAC-0017,EPINEPHRINE,2023-12-27,2023-12-29,2,10,DEL-000663,On-Time
FAC-0018,PARACETAMOL,2023-01-01,2023-01-01,0,5000,DEL-000664,On-Time
FAC-0018,PARACETAMOL,2023-01-31,2023-02-04,4,5000,DEL-000665,Delayed
FAC-0018,PARACETAMOL,2023-03-02,2023-03-31,29,5000,DEL-000666,Delayed
FAC-0018,PARACETAMOL,2023-04-01,2023-04-06,5,5000,DEL-000667,Delayed
FAC-0018,PARACETAMOL,2023-05-01,2023-05-04,3,5000,DEL-000668,On-Time
FAC-0018,PARACETAMOL,2023-05-31,2023-06-20,20,5000,DEL-000669,Delayed
FAC-0018,PARACETAMOL,2023-06-30,2023-07-06,6,5000,DEL-000670,Delayed
FAC-0018,PARACETAMOL,2023-07-30,2023-08-18,19,5000,DEL-000671,Delayed
FAC-0018,PARACETAMOL,2023-08-29,2023-09-13,15,5000,DEL-000672,Delayed
FAC-0018,PARACETAMOL,2023-09-28,2023-10-13,15,5000,DEL-000673,Delayed
FAC-0018,PARACETAMOL,2023-10-28,2023-11-01,4,5000,DEL-000674,Delayed
FAC-0018,PARACETAMOL,2023-11-27,2023-12-08,11,5000,DEL-000675,Delayed
FAC-0018,PARACETAMOL,2023-12-27,2024-02-04,39,5000,DEL-000676,Delayed
FAC-0018,RIF_INH,2023-01-01,2023-01-19,18,800,DEL-000677,Delayed
FAC-0018,RIF_INH,2023-01-31,2023-02-16,16,800,DEL-000678,Delayed
FAC-0018,RIF_INH,2023-03-02,2023-03-10,8,800,DEL-000679,Delayed
FAC-0018,RIF_INH,2023-04-01,2023-04-16,15,800,DEL-000680,Delayed
FAC-0018,RIF_INH,2023-05-01,2023-05-10,9,800,DEL-000681,Delayed
FAC-0018,RIF_INH,2023-05-31,2023-06-02,2,800,DEL-000682,On-Time
FAC-0018,RIF_INH,2023-06-30,2023-07-04,4,800,DEL-000683,Delayed
FAC-0018,RIF_INH,2023-07-30,2023-08-01,2,800,DEL-000684,On-Time
FAC-0018,RIF_INH,2023-08-29,2023-09-12,14,800,DEL-000685,Delayed
FAC-0018,RIF_INH,2023-09-28,2023-09-29,1,800,DEL-000686,On-Time
FAC-0018,RIF_INH,2023-10-28,2023-10-29,1,800,DEL-000687,On-Time
FAC-0018,RIF_INH,2023-11-27,2023-11-29,2,800,DEL-000688,On-Time
FAC-0018,RIF_INH,2023-12-27,2024-01-02,6,800,DEL-000689,Delayed
FAC-0018,EPINEPHRINE,2023-01-01,2023-01-03,2,10,DEL-000690,On-Time
FAC-0018,EPINEPHRINE,2023-01-31,2023-02-17,17,10,DEL-000691,Delayed
FAC-0018,EPINEPHRINE,2023-03-02,2023-03-12,10,10,DEL-000692,Delayed
FAC-0018,EPINEPHRINE,2023-04-01,2023-06-08,68,10,DEL-000693,Delayed
FAC-0018,EPINEPHRINE,2023-05-01,2023-06-15,45,10,DEL-000694,Delayed
FAC-0018,EPINEPHRINE,2023-05-31,2023-06-09,9,10,DEL-000695,Delayed
FAC-0018,EPINEPHRINE,2023-06-30,2023-07-08,8,10,DEL-000696,Delayed
FAC-0018,EPINEPHRINE,2023-07-30,2023-07-31,1,10,DEL-000697,On-Time
FAC-0018,EPINEPHRINE,2023-08-29,2023-09-20,22,10,DEL-000698,Delayed
FAC-0018,EPINEPHRINE,2023-09-28,2023-11-14,47,10,DEL-000699,Delayed
FAC-0018,EPINEPHRINE,2023-10-28,2023-11-05,8,10,DEL-000700,Delayed
FAC-0018,EPINEPHRINE,2023-11-27,2023-12-18,21,10,DEL-000701,Delayed
FAC-0018,EPINEPHRINE,2023-12-27,2023-12-27,0,10,DEL-000702,On-Time
FAC-0019,PARACETAMOL,2023-01-01,2023-02-18,48,5000,DEL-000703,Delayed
FAC-0019,PARACETAMOL,2023-01-31,2023-01-31,0,5000,DEL-000704,On-Time
FAC-0019,PARACETAMOL,2023-03-02,2023-03-11,9,5000,DEL-000705,Delayed
FAC-0019,PARACETAMOL,2023-04-01,2023-04-01,0,5000,DEL-000706,On-Time
FAC-0019,PARACETAMOL,2023-05-01,2023-05-03,2,5000,DEL-000707,On-Time
FAC-0019,PARACETAMOL,2023-05-31,2023-06-02,2,5000,DEL-000708,On-Time
FAC-0019,PARACETAMOL,2023-06-30,2023-07-06,6,5000,DEL-000709,Delayed
FAC-0019,PARACETAMOL,2023-07-30,2023-07-30,0,5000,DEL-000710,On-Time
FAC-0019,PARACETAMOL,2023-08-29,2023-08-31,2,5000,DEL-000711,On-Time
FAC-0019,PARACETAMOL,2023-09-28,2023-09-29,1,5000,DEL-000712,On-Time
FAC-0019,PARACETAMOL,2023-10-28,2023-10-28,0,5000,DEL-000713,On-Time
FAC-0019,PARACETAMOL,2023-11-27,2023-12-08,11,5000,DEL-000714,Delayed
FAC-0019,PARACETAMOL,2023-12-27,2023-12-30,3,5000,DEL-000715,On-Time
FAC-0019,RIF_INH,2023-01-01,2023-01-01,0,800,DEL-000716,On-Time
FAC-0019,RIF_INH,2023-01-31,2023-02-03,3,800,DEL-000717,On-Time
FAC-0019,RIF_INH,2023-03-02,2023-03-03,1,800,DEL-000718,On-Time
FAC-0019,RIF_INH,2023-04-01,2023-04-01,0,800,DEL-000719,On-Time
FAC-0019,RIF_INH,2023-05-01,2023-05-01,0,800,DEL-000720,On-Time
FAC-0019,RIF_INH,2023-05-31,2023-06-07,7,800,DEL-000721,Delayed
FAC-0019,RIF_INH,2023-06-30,2023-06-30,0,800,DEL-000722,On-Time
FAC-0019,RIF_INH,2023-07-30,2023-08-02,3,800,DEL-000723,On-Time
FAC-0019,RIF_INH,2023-08-29,2023-09-02,4,800,DEL-000724,Delayed
FAC-0019,RIF_INH,2023-09-28,2023-09-29,1,800,DEL-000725,On-Time
FAC-0019,RIF_INH,2023-10-28,2023-11-02,5,800,DEL-000726,Delayed
FAC-0019,RIF_INH,2023-11-27,2023-12-08,11,800,DEL-000727,Delayed
FAC-0019,RIF_INH,2023-12-27,2023-12-31,4,800,DEL-000728,Delayed
FAC-0019,EPINEPHRINE,2023-01-01,2023-01-04,3,10,DEL-000729,On-Time
FAC-0019,EPINEPHRINE,2023-01-31,2023-01-31,0,10,DEL-000730,On-Time
FAC-0019,EPINEPHRINE,2023-03-02,2023-03-06,4,10,DEL-000731,Delayed
FAC-0019,EPINEPHRINE,2023-04-01,2023-04-16,15,10,DEL-000732,Delayed
FAC-0019,EPINEPHRINE,2023-05-01,2023-05-04,3,10,DEL-000733,On-Time
FAC-0019,EPINEPHRINE,2023-05-31,2023-06-04,4,10,DEL-000734,Delayed
FAC-0019,EPINEPHRINE,2023-06-30,2023-07-18,18,10,DEL-000735,Delayed
FAC-0019,EPINEPHRINE,2023-07-30,2023-08-01,2,10,DEL-000736,On-Time
FAC-0019,EPINEPHRINE,2023-08-29,2023-08-29,0,10,DEL-000737,On-Time
FAC-0019,EPINEPHRINE,2023-09-28,2023-10-11,13,10,DEL-000738,Delayed
FAC-0019,EPINEPHRINE,2023-10-28,2023-11-01,4,10,DEL-000739,Delayed
FAC-0019,EPINEPHRINE,2023-11-27,2023-11-27,0,10,DEL-000740,On-Time
FAC-0019,EPINEPHRINE,2023-12-27,2023-12-27,0,10,DEL-000741,On-Time
FAC-0020,PARACETAMOL,2023-01-01,2023-01-09,8,5000,DEL-000742,Delayed
FAC-0020,PARACETAMOL,2023-01-31,2023-02-19,19,5000,DEL-000743,Delayed
FAC-0020,PARACETAMOL,2023-03-02,2023-03-02,0,5000,DEL-000744,On-Time
FAC-0020,PARACETAMOL,2023-04-01,2023-04-01,0,5000,DEL-000745,On-Time
FAC-0020,PARACETAMOL,2023-05-01,2023-05-02,1,5000,DEL-000746,On-Time
FAC-0020,PARACETAMOL,2023-05-31,2023-06-02,2,5000,DEL-000747,On-Time
FAC-0020,PARACETAMOL,2023-06-30,2023-07-12,12,5000,DEL-000748,Delayed
FAC-0020,PARACETAMOL,2023-07-30,2023-07-30,0,5000,DEL-000749,On-Time
FAC-0020,PARACETAMOL,2023-08-29,2023-09-21,23,5000,DEL-000750,Delayed
FAC-0020,PARACETAMOL,2023-09-28,2023-10-28,30,5000,DEL-000751,Delayed
FAC-0020,PARACETAMOL,2023-10-28,2023-12-28,61,5000,DEL-000752,Delayed
FAC-0020,PARACETAMOL,2023-11-27,2023-11-27,0,5000,DEL-000753,On-Time
FAC-0020,PARACETAMOL,2023-12-27,2023-12-29,2,5000,DEL-000754,On-Time
FAC-0020,RIF_INH,2023-01-01,2023-01-09,8,800,DEL-000755,Delayed
FAC-0020,RIF_INH,2023-01-31,2023-01-31,0,800,DEL-000756,On-Time
FAC-0020,RIF_INH,2023-03-02,2023-04-21,50,800,DEL-000757,Delayed
FAC-0020,RIF_INH,2023-04-01,2023-05-11,40,800,DEL-000758,Delayed
FAC-0020,RIF_INH,2023-05-01,2023-05-09,8,800,DEL-000759,Delayed
FAC-0020,RIF_INH,2023-05-31,2023-06-24,24,800,DEL-000760,Delayed
FAC-0020,RIF_INH,2023-06-30,2023-07-25,25,800,DEL-000761,Delayed
FAC-0020,RIF_INH,2023-07-30,2023-08-08,9,800,DEL-000762,Delayed
FAC-0020,RIF_INH,2023-08-29,2023-09-03,5,800,DEL-000763,Delayed
FAC-0020,RIF_INH,2023-09-28,2023-10-22,24,800,DEL-000764,Delayed
FAC-0020,RIF_INH,2023-10-28,2023-11-04,7,800,DEL-000765,Delayed
FAC-0020,RIF_INH,2023-11-27,2023-12-27,30,800,DEL-000766,Delayed
FAC-0020,RIF_INH,2023-12-27,2024-01-08,12,800,DEL-000767,Delayed
FAC-0020,EPINEPHRINE,2023-01-01,2023-01-09,8,10,DEL-000768,Delayed
FAC-0020,EPINEPHRINE,2023-01-31,2023-02-06,6,10,DEL-000769,Delayed
FAC-0020,EPINEPHRINE,2023-03-02,2023-03-06,4,10,DEL-000770,Delayed
FAC-0020,EPINEPHRINE,2023-04-01,2023-04-03,2,10,DEL-000771,On-Time
FAC-0020,EPINEPHRINE,2023-05-01,2023-05-01,0,10,DEL-000772,On-Time
FAC-0020,EPINEPHRINE,2023-05-31,2023-06-03,3,10,DEL-000773,On-Time
FAC-0020,EPINEPHRINE,2023-06-30,2023-06-30,0,10,DEL-000774,On-Time
FAC-0020,EPINEPHRINE,2023-07-30,2023-08-02,3,10,DEL-000775,On-Time
FAC-0020,EPINEPHRINE,2023-08-29,2023-10-08,40,10,DEL-000776,Delayed
FAC-0020,EPINEPHRINE,2023-09-28,2023-10-28,30,10,DEL-000777,Delayed
FAC-0020,EPINEPHRINE,2023-10-28,2023-11-26,29,10,DEL-000778,Delayed
FAC-0020,EPINEPHRINE,2023-11-27,2023-12-01,4,10,DEL-000779,Delayed
FAC-0020,EPINEPHRINE,2023-12-27,2024-02-01,36,10,DEL-000780,Delayed
FAC-0021,PARACETAMOL,2023-01-01,2023-01-12,11,5000,DEL-000781,Delayed
FAC-0021,PARACETAMOL,2023-01-31,2023-01-31,0,5000,DEL-000782,On-Time
FAC-0021,PARACETAMOL,2023-03-02,2023-03-04,2,5000,DEL-000783,On-Time
FAC-0021,PARACETAMOL,2023-04-01,2023-04-11,10,5000,DEL-000784,Delayed
FAC-0021,PARACETAMOL,2023-05-01,2023-05-02,1,5000,DEL-000785,On-Time
FAC-0021,PARACETAMOL,2023-05-31,2023-06-01,1,5000,DEL-000786,On-Time
FAC-0021,PARACETAMOL,2023-06-30,2023-07-13,13,5000,DEL-000787,Delayed
FAC-0021,PARACETAMOL,2023-07-30,2023-07-30,0,5000,DEL-000788,On-Time
FAC-0021,PARACETAMOL,2023-08-29,2023-08-29,0,5000,DEL-000789,On-Time
FAC-0021,PARACETAMOL,2023-09-28,2023-10-16,18,5000,DEL-000790,Delayed
FAC-0021,PARACETAMOL,2023-10-28,2023-10-31,3,5000,DEL-000791,On-Time
FAC-0021,PARACETAMOL,2023-11-27,2023-12-22,25,5000,DEL-000792,Delayed
FAC-0021,PARACETAMOL,2023-12-27,2024-01-10,14,5000,DEL-000793,Delayed
FAC-0021,RIF_INH,2023-01-01,2023-01-12,11,800,DEL-000794,Delayed
FAC-0021,RIF_INH,2023-01-31,2023-02-04,4,800,DEL-000795,Delayed
FAC-0021,RIF_INH,2023-03-02,2023-03-03,1,800,DEL-000796,On-Time
FAC-0021,RIF_INH,2023-04-01,2023-04-01,0,800,DEL-000797,On-Time
FAC-0021,RIF_INH,2023-05-01,2023-05-14,13,800,DEL-000798,Delayed
FAC-0021,RIF_INH,2023-05-31,2023-06-01,1,800,DEL-000799,On-Time
FAC-0021,RIF_INH,2023-06-30,2023-07-01,1,800,DEL-000800,On-Time
FAC-0021,RIF_INH,2023-07-30,2023-08-06,7,800,DEL-000801,Delayed
FAC-0021,RIF_INH,2023-08-29,2023-08-29,0,800,DEL-000802,On-Time
FAC-0021,RIF_INH,2023-09-28,2023-10-08,10,800,DEL-000803,Delayed
FAC-0021,RIF_INH,2023-10-28,2023-10-28,0,800,DEL-000804,On-Time
FAC-0021,RIF_INH,2023-11-27,2023-11-28,1,800,DEL-000805,On-Time
FAC-0021,RIF_INH,2023-12-27,2023-12-27,0,800,DEL-000806,On-Time
FAC-0021,EPINEPHRINE,2023-01-01,2023-01-23,22,10,DEL-000807,Delayed
FAC-0021,EPINEPHRINE,2023-01-31,2023-03-06,34,10,DEL-000808,Delayed
FAC-0021,EPINEPHRINE,2023-03-02,2023-03-14,12,10,DEL-000809,Delayed
FAC-0021,EPINEPHRINE,2023-04-01,2023-04-12,11,10,DEL-000810,Delayed
FAC-0021,EPINEPHRINE,2023-05-01,2023-05-03,2,10,DEL-000811,On-Time
FAC-0021,EPINEPHRINE,2023-05-31,2023-06-10,10,10,DEL-000812,Delayed
FAC-0021,EPINEPHRINE,2023-06-30,2023-07-11,11,10,DEL-000813,Delayed
FAC-0021,EPINEPHRINE,2023-07-30,2023-08-12,13,10,DEL-000814,Delayed
FAC-0021,EPINEPHRINE,2023-08-29,2023-09-13,15,10,DEL-000815,Delayed
FAC-0021,EPINEPHRINE,2023-09-28,2023-10-13,15,10,DEL-000816,Delayed
FAC-0021,EPINEPHRINE,2023-10-28,2023-10-28,0,10,DEL-000817,On-Time
FAC-0021,EPINEPHRINE,2023-11-27,2023-12-08,11,10,DEL-000818,Delayed
FAC-0021,EPINEPHRINE,2023-12-27,2024-01-05,9,10,DEL-000819,Delayed
FAC-0022,PARACETAMOL,2023-01-01,2023-02-03,33,5000,DEL-000820,Delayed
FAC-0022,PARACETAMOL,2023-01-31,2023-02-02,2,5000,DEL-000821,On-Time
FAC-0022,PARACETAMOL,2023-03-02,2023-03-20,18,5000,DEL-000822,Delayed
FAC-0022,PARACETAMOL,2023-04-01,2023-04-11,10,5000,DEL-000823,Delayed
FAC-0022,PARACETAMOL,2023-05-01,2023-05-11,10,5000,DEL-000824,Delayed
FAC-0022,PARACETAMOL,2023-05-31,2023-06-02,2,5000,DEL-000825,On-Time
FAC-0022,PARACETAMOL,2023-06-30,2023-07-23,23,5000,DEL-000826,Delayed
FAC-0022,PARACETAMOL,2023-07-30,2023-08-10,11,5000,DEL-000827,Delayed
FAC-0022,PARACETAMOL,2023-08-29,2023-08-30,1,5000,DEL-000828,On-Time
FAC-0022,PARACETAMOL,2023-09-28,2024-01-27,121,5000,DEL-000829,Delayed
FAC-0022,PARACETAMOL,2023-10-28,2023-11-12,15,5000,DEL-000830,Delayed
FAC-0022,PARACETAMOL,2023-11-27,2023-12-05,8,5000,DEL-000831,Delayed
FAC-0022,PARACETAMOL,2023-12-27,2024-02-17,52,5000,DEL-000832,Delayed
FAC-0022,RIF_INH,2023-01-01,2023-01-31,30,800,DEL-000833,Delayed
FAC-0022,RIF_INH,2023-01-31,2023-02-25,25,800,DEL-000834,Delayed
FAC-0022,RIF_INH,2023-03-02,2023-03-03,1,800,DEL-000835,On-Time
FAC-0022,RIF_INH,2023-04-01,2023-04-19,18,800,DEL-000836,Delayed
FAC-0022,RIF_INH,2023-05-01,2023-06-05,35,800,DEL-000837,Delayed
FAC-0022,RIF_INH,2023-05-31,2023-06-11,11,800,DEL-000838,Delayed
FAC-0022,RIF_INH,2023-06-30,2023-07-23,23,800,DEL-000839,Delayed
FAC-0022,RIF_INH,2023-07-30,2023-08-04,5,800,DEL-000840,Delayed
FAC-0022,RIF_INH,2023-08-29,2023-08-31,2,800,DEL-000841,On-Time
FAC-0022,RIF_INH,2023-09-28,2023-11-02,35,800,DEL-000842,Delayed
FAC-0022,RIF_INH,2023-10-28,2023-11-05,8,800,DEL-000843,Delayed
FAC-0022,RIF_INH,2023-11-27,2023-12-08,11,800,DEL-000844,Delayed
FAC-0022,RIF_INH,2023-12-27,2024-01-01,5,800,DEL-000845,Delayed
FAC-0022,EPINEPHRINE,2023-01-01,2023-01-12,11,10,DEL-000846,Delayed
FAC-0022,EPINEPHRINE,2023-01-31,2023-02-05,5,10,DEL-000847,Delayed
FAC-0022,EPINEPHRINE,2023-03-02,2023-03-02,0,10,DEL-000848,On-Time
FAC-0022,EPINEPHRINE,2023-04-01,2023-05-03,32,10,DEL-000849,Delayed
FAC-0022,EPINEPHRINE,2023-05-01,2023-05-04,3,10,DEL-000850,On-Time
FAC-0022,EPINEPHRINE,2023-05-31,2023-06-06,6,10,DEL-000851,Delayed
FAC-0022,EPINEPHRINE,2023-06-30,2023-07-31,31,10,DEL-000852,Delayed
FAC-0022,EPINEPHRINE,2023-07-30,2023-08-16,17,10,DEL-000853,Delayed
FAC-0022,EPINEPHRINE,2023-08-29,2023-09-12,14,10,DEL-000854,Delayed
FAC-0022,EPINEPHRINE,2023-09-28,2023-11-02,35,10,DEL-000855,Delayed
FAC-0022,EPINEPHRINE,2023-10-28,2023-10-30,2,10,DEL-000856,On-Time
FAC-0022,EPINEPHRINE,2023-11-27,2023-12-07,10,10,DEL-000857,Delayed
FAC-0022,EPINEPHRINE,2023-12-27,2024-01-06,10,10,DEL-000858,Delayed
FAC-0023,PARACETAMOL,2023-01-01,2023-01-15,14,5000,DEL-000859,Delayed
FAC-0023,PARACETAMOL,2023-01-31,2023-02-07,7,5000,DEL-000860,Delayed
FAC-0023,PARACETAMOL,2023-03-02,2023-03-02,0,5000,DEL-000861,On-Time
FAC-0023,PARACETAMOL,2023-04-01,2023-04-01,0,5000,DEL-000862,On-Time
FAC-0023,PARACETAMOL,2023-05-01,2023-05-02,1,5000,DEL-000863,On-Time
FAC-0023,PARACETAMOL,2023-05-31,2023-05-31,0,5000,DEL-000864,On-Time
FAC-0023,PARACETAMOL,2023-06-30,2023-07-01,1,5000,DEL-000865,On-Time
FAC-0023,PARACETAMOL,2023-07-30,2023-07-30,0,5000,DEL-000866,On-Time
FAC-0023,PARACETAMOL,2023-08-29,2023-09-01,3,5000,DEL-000867,On-Time
FAC-0023,PARACETAMOL,2023-09-28,2023-09-28,0,5000,DEL-000868,On-Time
FAC-0023,PARACETAMOL,2023-10-28,2023-10-29,1,5000,DEL-000869,On-Time
FAC-0023,PARACETAMOL,2023-11-27,2023-12-13,16,5000,DEL-000870,Delayed
FAC-0023,PARACETAMOL,2023-12-27,2024-01-03,7,5000,DEL-000871,Delayed
FAC-0023,RIF_INH,2023-01-01,2023-01-09,8,800,DEL-000872,Delayed
FAC-0023,RIF_INH,2023-01-31,2023-01-31,0,800,DEL-000873,On-Time
FAC-0023,RIF_INH,2023-03-02,2023-03-03,1,800,DEL-000874,On-Time
FAC-0023,RIF_INH,2023-04-01,2023-04-02,1,800,DEL-000875,On-Time
FAC-0023,RIF_INH,2023-05-01,2023-05-08,7,800,DEL-000876,Delayed
FAC-0023,RIF_INH,2023-05-31,2023-06-03,3,800,DEL-000877,On-Time
FAC-0023,RIF_INH,2023-06-30,2023-06-30,0,800,DEL-000878,On-Time
FAC-0023,RIF_INH,2023-07-30,2023-07-31,1,800,DEL-000879,On-Time
FAC-0023,RIF_INH,2023-08-29,2023-09-04,6,800,DEL-000880,Delayed
FAC-0023,RIF_INH,2023-09-28,2023-10-21,23,800,DEL-000881,Delayed
FAC-0023,RIF_INH,2023-10-28,2023-10-29,1,800,DEL-000882,On-Time
FAC-0023,RIF_INH,2023-11-27,2023-11-29,2,800,DEL-000883,On-Time
FAC-0023,RIF_INH,2023-12-27,2023-12-30,3,800,DEL-000884,On-Time
FAC-0023,EPINEPHRINE,2023-01-01,2023-01-03,2,10,DEL-000885,On-Time
FAC-0023,EPINEPHRINE,2023-01-31,2023-02-06,6,10,DEL-000886,Delayed
FAC-0023,EPINEPHRINE,2023-03-02,2023-03-11,9,10,DEL-000887,Delayed
FAC-0023,EPINEPHRINE,2023-04-01,2023-04-01,0,10,DEL-000888,On-Time
FAC-0023,EPINEPHRINE,2023-05-01,2023-05-04,3,10,DEL-000889,On-Time
FAC-0023,EPINEPHRINE,2023-05-31,2023-05-31,0,10,DEL-000890,On-Time
FAC-0023,EPINEPHRINE,2023-06-30,2023-06-30,0,10,DEL-000891,On-Time
FAC-0023,EPINEPHRINE,2023-07-30,2023-08-01,2,10,DEL-000892,On-Time
FAC-0023,EPINEPHRINE,2023-08-29,2023-08-30,1,10,DEL-000893,On-Time
FAC-0023,EPINEPHRINE,2023-09-28,2023-09-28,0,10,DEL-000894,On-Time
FAC-0023,EPINEPHRINE,2023-10-28,2023-10-31,3,10,DEL-000895,On-Time
FAC-0023,EPINEPHRINE,2023-11-27,2023-12-02,5,10,DEL-000896,Delayed
FAC-0023,EPINEPHRINE,2023-12-27,2024-01-01,5,10,DEL-000897,Delayed
FAC-0024,PARACETAMOL,2023-01-01,2023-01-02,1,5000,DEL-000898,On-Time
FAC-0024,PARACETAMOL,2023-01-31,2023-02-03,3,5000,DEL-000899,On-Time
FAC-0024,PARACETAMOL,2023-03-02,2023-03-03,1,5000,DEL-000900,On-Time
FAC-0024,PARACETAMOL,2023-04-01,2023-04-02,1,5000,DEL-000901,On-Time
FAC-0024,PARACETAMOL,2023-05-01,2023-05-02,1,5000,DEL-000902,On-Time
FAC-0024,PARACETAMOL,2023-05-31,2023-06-13,13,5000,DEL-000903,Delayed
FAC-0024,PARACETAMOL,2023-06-30,2023-07-02,2,5000,DEL-000904,On-Time
FAC-0024,PARACETAMOL,2023-07-30,2023-08-03,4,5000,DEL-000905,Delayed
FAC-0024,PARACETAMOL,2023-08-29,2023-09-01,3,5000,DEL-000906,On-Time
FAC-0024,PARACETAMOL,2023-09-28,2023-10-04,6,5000,DEL-000907,Delayed
FAC-0024,PARACETAMOL,2023-10-28,2023-11-10,13,5000,DEL-000908,Delayed
FAC-0024,PARACETAMOL,2023-11-27,2023-11-28,1,5000,DEL-000909,On-Time
FAC-0024,PARACETAMOL,2023-12-27,2024-01-02,6,5000,DEL-000910,Delayed
FAC-0024,RIF_INH,2023-01-01,2023-01-02,1,800,DEL-000911,On-Time
FAC-0024,RIF_INH,2023-01-31,2023-02-09,9,800,DEL-000912,Delayed
FAC-0024,RIF_INH,2023-03-02,2023-03-02,0,800,DEL-000913,On-Time
FAC-0024,RIF_INH,2023-04-01,2023-04-01,0,800,DEL-000914,On-Time
FAC-0024,RIF_INH,2023-05-01,2023-05-04,3,800,DEL-000915,On-Time
FAC-0024,RIF_INH,2023-05-31,2023-05-31,0,800,DEL-000916,On-Time
FAC-0024,RIF_INH,2023-06-30,2023-07-01,1,800,DEL-000917,On-Time
FAC-0024,RIF_INH,2023-07-30,2023-08-02,3,800,DEL-000918,On-Time
FAC-0024,RIF_INH,2023-08-29,2023-08-30,1,800,DEL-000919,On-Time
FAC-0024,RIF_INH,2023-09-28,2023-10-10,12,800,DEL-000920,Delayed
FAC-0024,RIF_INH,2023-10-28,2023-10-31,3,800,DEL-000921,On-Time
FAC-0024,RIF_INH,2023-11-27,2023-11-29,2,800,DEL-000922,On-Time
FAC-0024,RIF_INH,2023-12-27,2023-12-30,3,800,DEL-000923,On-Time
FAC-0024,EPINEPHRINE,2023-01-01,2023-01-06,5,10,DEL-000924,Delayed
FAC-0024,EPINEPHRINE,2023-01-31,2023-02-01,1,10,DEL-000925,On-Time
FAC-0024,EPINEPHRINE,2023-03-02,2023-03-08,6,10,DEL-000926,Delayed
FAC-0024,EPINEPHRINE,2023-04-01,2023-04-12,11,10,DEL-000927,Delayed
FAC-0024,EPINEPHRINE,2023-05-01,2023-05-10,9,10,DEL-000928,Delayed
FAC-0024,EPINEPHRINE,2023-05-31,2023-06-03,3,10,DEL-000929,On-Time
FAC-0024,EPINEPHRINE,2023-06-30,2023-07-01,1,10,DEL-000930,On-Time
FAC-0024,EPINEPHRINE,2023-07-30,2023-07-31,1,10,DEL-000931,On-Time
FAC-0024,EPINEPHRINE,2023-08-29,2023-09-05,7,10,DEL-000932,Delayed
FAC-0024,EPINEPHRINE,2023-09-28,2023-10-02,4,10,DEL-000933,Delayed
FAC-0024,EPINEPHRINE,2023-10-28,2023-10-29,1,10,DEL-000934,On-Time
FAC-0024,EPINEPHRINE,2023-11-27,2023-11-27,0,10,DEL-000935,On-Time
FAC-0024,EPINEPHRINE,2023-12-27,2024-01-05,9,10,DEL-000936,Delayed
FAC-0025,PARACETAMOL,2023-01-01,2023-01-02,1,5000,DEL-000937,On-Time
FAC-0025,PARACETAMOL,2023-01-31,2023-02-05,5,5000,DEL-000938,Delayed
FAC-0025,PARACETAMOL,2023-03-02,2023-03-05,3,5000,DEL-000939,On-Time
FAC-0025,PARACETAMOL,2023-04-01,2023-04-05,4,5000,DEL-000940,Delayed
FAC-0025,PARACETAMOL,2023-05-01,2023-05-01,0,5000,DEL-000941,On-Time
FAC-0025,PARACETAMOL,2023-05-31,2023-06-03,3,5000,DEL-000942,On-Time
FAC-0025,PARACETAMOL,2023-06-30,2023-07-24,24,5000,DEL-000943,Delayed
FAC-0025,PARACETAMOL,2023-07-30,2023-08-05,6,5000,DEL-000944,Delayed
FAC-0025,PARACETAMOL,2023-08-29,2023-09-03,5,5000,DEL-000945,Delayed
FAC-0025,PARACETAMOL,2023-09-28,2023-10-06,8,5000,DEL-000946,Delayed
FAC-0025,PARACETAMOL,2023-10-28,2023-11-01,4,5000,DEL-000947,Delayed
FAC-0025,PARACETAMOL,2023-11-27,2023-11-30,3,5000,DEL-000948,On-Time
FAC-0025,PARACETAMOL,2023-12-27,2023-12-27,0,5000,DEL-000949,On-Time
FAC-0025,RIF_INH,2023-01-01,2023-01-16,15,800,DEL-000950,Delayed
FAC-0025,RIF_INH,2023-01-31,2023-02-12,12,800,DEL-000951,Delayed
FAC-0025,RIF_INH,2023-03-02,2023-03-07,5,800,DEL-000952,Delayed
FAC-0025,RIF_INH,2023-04-01,2023-04-10,9,800,DEL-000953,Delayed
FAC-0025,RIF_INH,2023-05-01,2023-05-06,5,800,DEL-000954,Delayed
FAC-0025,RIF_INH,2023-05-31,2023-06-01,1,800,DEL-000955,On-Time
FAC-0025,RIF_INH,2023-06-30,2023-07-01,1,800,DEL-000956,On-Time
FAC-0025,RIF_INH,2023-07-30,2023-09-01,33,800,DEL-000957,Delayed
FAC-0025,RIF_INH,2023-08-29,2023-09-10,12,800,DEL-000958,Delayed
FAC-0025,RIF_INH,2023-09-28,2023-10-02,4,800,DEL-000959,Delayed
FAC-0025,RIF_INH,2023-10-28,2023-11-11,14,800,DEL-000960,Delayed
FAC-0025,RIF_INH,2023-11-27,2023-12-04,7,800,DEL-000961,Delayed
FAC-0025,RIF_INH,2023-12-27,2024-01-11,15,800,DEL-000962,Delayed
FAC-0025,EPINEPHRINE,2023-01-01,2023-01-11,10,10,DEL-000963,Delayed
FAC-0025,EPINEPHRINE,2023-01-31,2023-02-14,14,10,DEL-000964,Delayed
FAC-0025,EPINEPHRINE,2023-03-02,2023-03-02,0,10,DEL-000965,On-Time
FAC-0025,EPINEPHRINE,2023-04-01,2023-05-13,42,10,DEL-000966,Delayed
FAC-0025,EPINEPHRINE,2023-05-01,2023-05-01,0,10,DEL-000967,On-Time
FAC-0025,EPINEPHRINE,2023-05-31,2023-06-04,4,10,DEL-000968,Delayed
FAC-0025,EPINEPHRINE,2023-06-30,2023-07-01,1,10,DEL-000969,On-Time
FAC-0025,EPINEPHRINE,2023-07-30,2023-08-01,2,10,DEL-000970,On-Time
FAC-0025,EPINEPHRINE,2023-08-29,2023-09-03,5,10,DEL-000971,Delayed
FAC-0025,EPINEPHRINE,2023-09-28,2023-10-02,4,10,DEL-000972,Delayed
FAC-0025,EPINEPHRINE,2023-10-28,2023-11-25,28,10,DEL-000973,Delayed
FAC-0025,EPINEPHRINE,2023-11-27,2023-12-01,4,10,DEL-000974,Delayed
FAC-0025,EPINEPHRINE,2023-12-27,2024-01-26,30,10,DEL-000975,Delayed
FAC-0026,PARACETAMOL,2023-01-01,2023-01-14,13,5000,DEL-000976,Delayed
FAC-0026,PARACETAMOL,2023-01-31,2023-02-07,7,5000,DEL-000977,Delayed
FAC-0026,PARACETAMOL,2023-03-02,2023-03-16,14,5000,DEL-000978,Delayed
FAC-0026,PARACETAMOL,2023-04-01,2023-04-14,13,5000,DEL-000979,Delayed
FAC-0026,PARACETAMOL,2023-05-01,2023-05-05,4,5000,DEL-000980,Delayed
FAC-0026,PARACETAMOL,2023-05-31,2023-06-04,4,5000,DEL-000981,Delayed
FAC-0026,PARACETAMOL,2023-06-30,2023-08-04,35,5000,DEL-000982,Delayed
FAC-0026,PARACETAMOL,2023-07-30,2023-07-31,1,5000,DEL-000983,On-Time
FAC-0026,PARACETAMOL,2023-08-29,2023-09-09,11,5000,DEL-000984,Delayed
FAC-0026,PARACETAMOL,2023-09-28,2023-11-14,47,5000,DEL-000985,Delayed
FAC-0026,PARACETAMOL,2023-10-28,2023-11-02,5,5000,DEL-000986,Delayed
FAC-0026,PARACETAMOL,2023-11-27,2023-12-22,25,5000,DEL-000987,Delayed
FAC-0026,PARACETAMOL,2023-12-27,2024-01-01,5,5000,DEL-000988,Delayed
FAC-0026,RIF_INH,2023-01-01,2023-02-18,48,800,DEL-000989,Delayed
FAC-0026,RIF_INH,2023-01-31,2023-02-02,2,800,DEL-000990,On-Time
FAC-0026,RIF_INH,2023-03-02,2023-03-10,8,800,DEL-000991,Delayed
FAC-0026,RIF_INH,2023-04-01,2023-04-12,11,800,DEL-000992,Delayed
FAC-0026,RIF_INH,2023-05-01,2023-05-22,21,800,DEL-000993,Delayed
FAC-0026,RIF_INH,2023-05-31,2023-06-13,13,800,DEL-000994,Delayed
FAC-0026,RIF_INH,2023-06-30,2023-07-23,23,800,DEL-000995,Delayed
FAC-0026,RIF_INH,2023-07-30,2023-08-01,2,800,DEL-000996,On-Time
FAC-0026,RIF_INH,2023-08-29,2023-09-22,24,800,DEL-000997,Delayed
FAC-0026,RIF_INH,2023-09-28,2023-11-04,37,800,DEL-000998,Delayed
FAC-0026,RIF_INH,2023-10-28,2023-11-19,22,800,DEL-000999,Delayed
FAC-0026,RIF_INH,2023-11-27,2023-12-02,5,800,DEL-001000,Delayed
FAC-0026,RIF_INH,2023-12-27,2023-12-30,3,800,DEL-001001,On-Time
FAC-0026,EPINEPHRINE,2023-01-01,2023-01-05,4,10,DEL-001002,Delayed
FAC-0026,EPINEPHRINE,2023-01-31,2023-02-01,1,10,DEL-001003,On-Time
FAC-0026,EPINEPHRINE,2023-03-02,2023-03-18,16,10,DEL-001004,Delayed
FAC-0026,EPINEPHRINE,2023-04-01,2023-04-13,12,10,DEL-001005,Delayed
FAC-0026,EPINEPHRINE,2023-05-01,2023-05-13,12,10,DEL-001006,Delayed
FAC-0026,EPINEPHRINE,2023-05-31,2023-06-14,14,10,DEL-001007,Delayed
FAC-0026,EPINEPHRINE,2023-06-30,2023-08-04,35,10,DEL-001008,Delayed
FAC-0026,EPINEPHRINE,2023-07-30,2023-07-31,1,10,DEL-001009,On-Time
FAC-0026,EPINEPHRINE,2023-08-29,2023-09-05,7,10,DEL-001010,Delayed
FAC-0026,EPINEPHRINE,2023-09-28,2023-10-01,3,10,DEL-001011,On-Time
FAC-0026,EPINEPHRINE,2023-10-28,2023-11-16,19,10,DEL-001012,Delayed
FAC-0026,EPINEPHRINE,2023-11-27,2023-12-29,32,10,DEL-001013,Delayed
FAC-0026,EPINEPHRINE,2023-12-27,2024-01-01,5,10,DEL-001014,Delayed
FAC-0027,PARACETAMOL,2023-01-01,2023-01-08,7,5000,DEL-001015,Delayed
FAC-0027,PARACETAMOL,2023-01-31,2023-01-31,0,5000,DEL-001016,On-Time
FAC-0027,PARACETAMOL,2023-03-02,2023-03-09,7,5000,DEL-001017,Delayed
FAC-0027,PARACETAMOL,2023-04-01,2023-04-05,4,5000,DEL-001018,Delayed
FAC-0027,PARACETAMOL,2023-05-01,2023-05-12,11,5000,DEL-001019,Delayed
FAC-0027,PARACETAMOL,2023-05-31,2023-06-07,7,5000,DEL-001020,Delayed
FAC-0027,PARACETAMOL,2023-06-30,2023-07-18,18,5000,DEL-001021,Delayed
FAC-0027,PARACETAMOL,2023-07-30,2023-08-05,6,5000,DEL-001022,Delayed
FAC-0027,PARACETAMOL,2023-08-29,2023-09-05,7,5000,DEL-001023,Delayed
FAC-0027,PARACETAMOL,2023-09-28,2023-10-19,21,5000,DEL-001024,Delayed
FAC-0027,PARACETAMOL,2023-10-28,2023-11-03,6,5000,DEL-001025,Delayed
FAC-0027,PARACETAMOL,2023-11-27,2023-12-08,11,5000,DEL-001026,Delayed
FAC-0027,PARACETAMOL,2023-12-27,2023-12-29,2,5000,DEL-001027,On-Time
FAC-0027,RIF_INH,2023-01-01,2023-01-17,16,800,DEL-001028,Delayed
FAC-0027,RIF_INH,2023-01-31,2023-02-11,11,800,DEL-001029,Delayed
FAC-0027,RIF_INH,2023-03-02,2023-03-14,12,800,DEL-001030,Delayed
FAC-0027,RIF_INH,2023-04-01,2023-04-13,12,800,DEL-001031,Delayed
FAC-0027,RIF_INH,2023-05-01,2023-05-11,10,800,DEL-001032,Delayed
FAC-0027,RIF_INH,2023-05-31,2023-05-31,0,800,DEL-001033,On-Time
FAC-0027,RIF_INH,2023-06-30,2023-07-04,4,800,DEL-001034,Delayed
FAC-0027,RIF_INH,2023-07-30,2023-08-23,24,800,DEL-001035,Delayed
FAC-0027,RIF_INH,2023-08-29,2023-09-18,20,800,DEL-001036,Delayed
FAC-0027,RIF_INH,2023-09-28,2023-10-17,19,800,DEL-001037,Delayed
FAC-0027,RIF_INH,2023-10-28,2023-11-30,33,800,DEL-001038,Delayed
FAC-0027,RIF_INH,2023-11-27,2023-12-06,9,800,DEL-001039,Delayed
FAC-0027,RIF_INH,2023-12-27,2024-01-04,8,800,DEL-001040,Delayed
FAC-0027,EPINEPHRINE,2023-01-01,2023-01-08,7,10,DEL-001041,Delayed
FAC-0027,EPINEPHRINE,2023-01-31,2023-01-31,0,10,DEL-001042,On-Time
FAC-0027,EPINEPHRINE,2023-03-02,2023-03-10,8,10,DEL-001043,Delayed
FAC-0027,EPINEPHRINE,2023-04-01,2023-04-16,15,10,DEL-001044,Delayed
FAC-0027,EPINEPHRINE,2023-05-01,2023-05-04,3,10,DEL-001045,On-Time
FAC-0027,EPINEPHRINE,2023-05-31,2023-06-25,25,10,DEL-001046,Delayed
FAC-0027,EPINEPHRINE,2023-06-30,2023-07-11,11,10,DEL-001047,Delayed
FAC-0027,EPINEPHRINE,2023-07-30,2023-08-12,13,10,DEL-001048,Delayed
FAC-0027,EPINEPHRINE,2023-08-29,2023-09-08,10,10,DEL-001049,Delayed
FAC-0027,EPINEPHRINE,2023-09-28,2023-10-17,19,10,DEL-001050,Delayed
FAC-0027,EPINEPHRINE,2023-10-28,2023-11-04,7,10,DEL-001051,Delayed
FAC-0027,EPINEPHRINE,2023-11-27,2023-12-05,8,10,DEL-001052,Delayed
FAC-0027,EPINEPHRINE,2023-12-27,2023-12-30,3,10,DEL-001053,On-Time
FAC-0028,PARACETAMOL,2023-01-01,2023-01-10,9,5000,DEL-001054,Delayed
FAC-0028,PARACETAMOL,2023-01-31,2023-02-03,3,5000,DEL-001055,On-Time
FAC-0028,PARACETAMOL,2023-03-02,2023-03-26,24,5000,DEL-001056,Delayed
FAC-0028,PARACETAMOL,2023-04-01,2023-04-12,11,5000,DEL-001057,Delayed
FAC-0028,PARACETAMOL,2023-05-01,2023-05-12,11,5000,DEL-001058,Delayed
FAC-0028,PARACETAMOL,2023-05-31,2023-06-22,22,5000,DEL-001059,Delayed
FAC-0028,PARACETAMOL,2023-06-30,2023-07-03,3,5000,DEL-001060,On-Time
FAC-0028,PARACETAMOL,2023-07-30,2023-08-02,3,5000,DEL-001061,On-Time
FAC-0028,PARACETAMOL,2023-08-29,2023-10-10,42,5000,DEL-001062,Delayed
FAC-0028,PARACETAMOL,2023-09-28,2023-10-10,12,5000,DEL-001063,Delayed
FAC-0028,PARACETAMOL,2023-10-28,2023-11-08,11,5000,DEL-001064,Delayed
FAC-0028,PARACETAMOL,2023-11-27,2023-11-27,0,5000,DEL-001065,On-Time
FAC-0028,PARACETAMOL,2023-12-27,2024-01-02,6,5000,DEL-001066,Delayed
FAC-0028,RIF_INH,2023-01-01,2023-02-01,31,800,DEL-001067,Delayed
FAC-0028,RIF_INH,2023-01-31,2023-02-23,23,800,DEL-001068,Delayed
FAC-0028,RIF_INH,2023-03-02,2023-03-09,7,800,DEL-001069,Delayed
FAC-0028,RIF_INH,2023-04-01,2023-04-15,14,800,DEL-001070,Delayed
FAC-0028,RIF_INH,2023-05-01,2023-05-07,6,800,DEL-001071,Delayed
FAC-0028,RIF_INH,2023-05-31,2023-06-08,8,800,DEL-001072,Delayed
FAC-0028,RIF_INH,2023-06-30,2023-07-06,6,800,DEL-001073,Delayed
FAC-0028,RIF_INH,2023-07-30,2023-08-02,3,800,DEL-001074,On-Time
FAC-0028,RIF_INH,2023-08-29,2023-09-08,10,800,DEL-001075,Delayed
FAC-0028,RIF_INH,2023-09-28,2023-10-07,9,800,DEL-001076,Delayed
FAC-0028,RIF_INH,2023-10-28,2023-12-09,42,800,DEL-001077,Delayed
FAC-0028,RIF_INH,2023-11-27,2023-11-28,1,800,DEL-001078,On-Time
FAC-0028,RIF_INH,2023-12-27,2024-01-04,8,800,DEL-001079,Delayed
FAC-0028,EPINEPHRINE,2023-01-01,2023-01-20,19,10,DEL-001080,Delayed
FAC-0028,EPINEPHRINE,2023-01-31,2023-02-10,10,10,DEL-001081,Delayed
FAC-0028,EPINEPHRINE,2023-03-02,2023-04-07,36,10,DEL-001082,Delayed
FAC-0028,EPINEPHRINE,2023-04-01,2023-04-07,6,10,DEL-001083,Delayed
FAC-0028,EPINEPHRINE,2023-05-01,2023-05-03,2,10,DEL-001084,On-Time
FAC-0028,EPINEPHRINE,2023-05-31,2023-06-29,29,10,DEL-001085,Delayed
FAC-0028,EPINEPHRINE,2023-06-30,2023-06-30,0,10,DEL-001086,On-Time
FAC-0028,EPINEPHRINE,2023-07-30,2023-08-06,7,10,DEL-001087,Delayed
FAC-0028,EPINEPHRINE,2023-08-29,2023-09-03,5,10,DEL-001088,Delayed
FAC-0028,EPINEPHRINE,2023-09-28,2023-10-10,12,10,DEL-001089,Delayed
FAC-0028,EPINEPHRINE,2023-10-28,2023-11-14,17,10,DEL-001090,Delayed
FAC-0028,EPINEPHRINE,2023-11-27,2023-12-05,8,10,DEL-001091,Delayed
FAC-0028,EPINEPHRINE,2023-12-27,2024-01-22,26,10,DEL-001092,Delayed
FAC-0029,PARACETAMOL,2023-01-01,2023-01-01,0,5000,DEL-001093,On-Time
FAC-0029,PARACETAMOL,2023-01-31,2023-02-05,5,5000,DEL-001094,Delayed
FAC-0029,PARACETAMOL,2023-03-02,2023-03-14,12,5000,DEL-001095,Delayed
FAC-0029,PARACETAMOL,2023-04-01,2023-04-07,6,5000,DEL-001096,Delayed
FAC-0029,PARACETAMOL,2023-05-01,2023-05-03,2,5000,DEL-001097,On-Time
FAC-0029,PARACETAMOL,2023-05-31,2023-06-03,3,5000,DEL-001098,On-Time
FAC-0029,PARACETAMOL,2023-06-30,2023-07-06,6,5000,DEL-001099,Delayed
FAC-0029,PARACETAMOL,2023-07-30,2023-08-04,5,5000,DEL-001100,Delayed
FAC-0029,PARACETAMOL,2023-08-29,2023-09-16,18,5000,DEL-001101,Delayed
FAC-0029,PARACETAMOL,2023-09-28,2023-10-14,16,5000,DEL-001102,Delayed
FAC-0029,PARACETAMOL,2023-10-28,2023-11-12,15,5000,DEL-001103,Delayed
FAC-0029,PARACETAMOL,2023-11-27,2023-12-10,13,5000,DEL-001104,Delayed
FAC-0029,PARACETAMOL,2023-12-27,2024-01-15,19,5000,DEL-001105,Delayed
FAC-0029,RIF_INH,2023-01-01,2023-02-10,40,800,DEL-001106,Delayed
FAC-0029,RIF_INH,2023-01-31,2023-02-04,4,800,DEL-001107,Delayed
FAC-0029,RIF_INH,2023-03-02,2023-03-31,29,800,DEL-001108,Delayed
FAC-0029,RIF_INH,2023-04-01,2023-04-01,0,800,DEL-001109,On-Time
FAC-0029,RIF_INH,2023-05-01,2023-06-11,41,800,DEL-001110,Delayed
FAC-0029,RIF_INH,2023-05-31,2023-06-01,1,800,DEL-001111,On-Time
FAC-0029,RIF_INH,2023-06-30,2023-07-01,1,800,DEL-001112,On-Time
FAC-0029,RIF_INH,2023-07-30,2023-08-06,7,800,DEL-001113,Delayed
FAC-0029,RIF_INH,2023-08-29,2023-08-31,2,800,DEL-001114,On-Time
FAC-0029,RIF_INH,2023-09-28,2023-09-28,0,800,DEL-001115,On-Time
FAC-0029,RIF_INH,2023-10-28,2023-10-28,0,800,DEL-001116,On-Time
FAC-0029,RIF_INH,2023-11-27,2023-12-01,4,800,DEL-001117,Delayed
FAC-0029,RIF_INH,2023-12-27,2024-01-20,24,800,DEL-001118,Delayed
FAC-0029,EPINEPHRINE,2023-01-01,2023-01-02,1,10,DEL-001119,On-Time
FAC-0029,EPINEPHRINE,2023-01-31,2023-02-12,12,10,DEL-001120,Delayed
FAC-0029,EPINEPHRINE,2023-03-02,2023-03-25,23,10,DEL-001121,Delayed
FAC-0029,EPINEPHRINE,2023-04-01,2023-04-03,2,10,DEL-001122,On-Time
FAC-0029,EPINEPHRINE,2023-05-01,2023-05-05,4,10,DEL-001123,Delayed
FAC-0029,EPINEPHRINE,2023-05-31,2023-08-08,69,10,DEL-001124,Delayed
FAC-0029,EPINEPHRINE,2023-06-30,2023-07-16,16,10,DEL-001125,Delayed
FAC-0029,EPINEPHRINE,2023-07-30,2023-08-08,9,10,DEL-001126,Delayed
FAC-0029,EPINEPHRINE,2023-08-29,2023-09-23,25,10,DEL-001127,Delayed
FAC-0029,EPINEPHRINE,2023-09-28,2023-09-29,1,10,DEL-001128,On-Time
FAC-0029,EPINEPHRINE,2023-10-28,2023-11-18,21,10,DEL-001129,Delayed
FAC-0029,EPINEPHRINE,2023-11-27,2023-12-15,18,10,DEL-001130,Delayed
FAC-0029,EPINEPHRINE,2023-12-27,2024-01-02,6,10,DEL-001131,Delayed
FAC-0030,PARACETAMOL,2023-01-01,2023-01-03,2,5000,DEL-001132,On-Time
FAC-0030,PARACETAMOL,2023-01-31,2023-02-04,4,5000,DEL-001133,Delayed
FAC-0030,PARACETAMOL,2023-03-02,2023-03-10,8,5000,DEL-001134,Delayed
FAC-0030,PARACETAMOL,2023-04-01,2023-04-09,8,5000,DEL-001135,Delayed
FAC-0030,PARACETAMOL,2023-05-01,2023-05-13,12,5000,DEL-001136,Delayed
FAC-0030,PARACETAMOL,2023-05-31,2023-06-01,1,5000,DEL-001137,On-Time
FAC-0030,PARACETAMOL,2023-06-30,2023-07-01,1,5000,DEL-001138,On-Time
FAC-0030,PARACETAMOL,2023-07-30,2023-08-06,7,5000,DEL-001139,Delayed
FAC-0030,PARACETAMOL,2023-08-29,2023-08-30,1,5000,DEL-001140,On-Time
FAC-0030,PARACETAMOL,2023-09-28,2023-09-28,0,5000,DEL-001141,On-Time
FAC-0030,PARACETAMOL,2023-10-28,2023-10-29,1,5000,DEL-001142,On-Time
FAC-0030,PARACETAMOL,2023-11-27,2023-11-29,2,5000,DEL-001143,On-Time
FAC-0030,PARACETAMOL,2023-12-27,2023-12-29,2,5000,DEL-001144,On-Time
FAC-0030,RIF_INH,2023-01-01,2023-01-07,6,800,DEL-001145,Delayed
FAC-0030,RIF_INH,2023-01-31,2023-02-05,5,800,DEL-001146,Delayed
FAC-0030,RIF_INH,2023-03-02,2023-03-05,3,800,DEL-001147,On-Time
FAC-0030,RIF_INH,2023-04-01,2023-04-08,7,800,DEL-001148,Delayed
FAC-0030,RIF_INH,2023-05-01,2023-05-04,3,800,DEL-001149,On-Time
FAC-0030,RIF_INH,2023-05-31,2023-06-05,5,800,DEL-001150,Delayed
FAC-0030,RIF_INH,2023-06-30,2023-07-17,17,800,DEL-001151,Delayed
FAC-0030,RIF_INH,2023-07-30,2023-08-06,7,800,DEL-001152,Delayed
FAC-0030,RIF_INH,2023-08-29,2023-08-30,1,800,DEL-001153,On-Time
FAC-0030,RIF_INH,2023-09-28,2023-09-28,0,800,DEL-001154,On-Time
FAC-0030,RIF_INH,2023-10-28,2023-11-12,15,800,DEL-001155,Delayed
FAC-0030,RIF_INH,2023-11-27,2023-12-02,5,800,DEL-001156,Delayed
FAC-0030,RIF_INH,2023-12-27,2024-01-05,9,800,DEL-001157,Delayed
FAC-0030,EPINEPHRINE,2023-01-01,2023-01-05,4,10,DEL-001158,Delayed
FAC-0030,EPINEPHRINE,2023-01-31,2023-02-04,4,10,DEL-001159,Delayed
FAC-0030,EPINEPHRINE,2023-03-02,2023-04-10,39,10,DEL-001160,Delayed
FAC-0030,EPINEPHRINE,2023-04-01,2023-04-14,13,10,DEL-001161,Delayed
FAC-0030,EPINEPHRINE,2023-05-01,2023-05-01,0,10,DEL-001162,On-Time
FAC-0030,EPINEPHRINE,2023-05-31,2023-06-01,1,10,DEL-001163,On-Time
FAC-0030,EPINEPHRINE,2023-06-30,2023-07-02,2,10,DEL-001164,On-Time
FAC-0030,EPINEPHRINE,2023-07-30,2023-08-01,2,10,DEL-001165,On-Time
FAC-0030,EPINEPHRINE,2023-08-29,2023-08-30,1,10,DEL-001166,On-Time
FAC-0030,EPINEPHRINE,2023-09-28,2023-10-04,6,10,DEL-001167,Delayed
FAC-0030,EPINEPHRINE,2023-10-28,2023-10-31,3,10,DEL-001168,On-Time
FAC-0030,EPINEPHRINE,2023-11-27,2023-12-08,11,10,DEL-001169,Delayed
FAC-0030,EPINEPHRINE,2023-12-27,2023-12-29,2,10,DEL-001170,On-Time
FAC-0031,PARACETAMOL,2023-01-01,2023-01-05,4,5000,DEL-001171,Delayed
FAC-0031,PARACETAMOL,2023-01-31,2023-02-03,3,5000,DEL-001172,On-Time
FAC-0031,PARACETAMOL,2023-03-02,2023-03-08,6,5000,DEL-001173,Delayed
FAC-0031,PARACETAMOL,2023-04-01,2023-04-02,1,5000,DEL-001174,On-Time
FAC-0031,PARACETAMOL,2023-05-01,2023-05-11,10,5000,DEL-001175,Delayed
FAC-0031,PARACETAMOL,2023-05-31,2023-06-19,19,5000,DEL-001176,Delayed
FAC-0031,PARACETAMOL,2023-06-30,2023-06-30,0,5000,DEL-001177,On-Time
FAC-0031,PARACETAMOL,2023-07-30,2023-07-30,0,5000,DEL-001178,On-Time
FAC-0031,PARACETAMOL,2023-08-29,2023-09-01,3,5000,DEL-001179,On-Time
FAC-0031,PARACETAMOL,2023-09-28,2023-10-02,4,5000,DEL-001180,Delayed
FAC-0031,PARACETAMOL,2023-10-28,2023-11-04,7,5000,DEL-001181,Delayed
FAC-0031,PARACETAMOL,2023-11-27,2023-11-30,3,5000,DEL-001182,On-Time
FAC-0031,PARACETAMOL,2023-12-27,2023-12-30,3,5000,DEL-001183,On-Time
FAC-0031,RIF_INH,2023-01-01,2023-01-06,5,800,DEL-001184,Delayed
FAC-0031,RIF_INH,2023-01-31,2023-02-02,2,800,DEL-001185,On-Time
FAC-0031,RIF_INH,2023-03-02,2023-03-21,19,800,DEL-001186,Delayed
FAC-0031,RIF_INH,2023-04-01,2023-04-01,0,800,DEL-001187,On-Time
FAC-0031,RIF_INH,2023-05-01,2023-05-01,0,800,DEL-001188,On-Time
FAC-0031,RIF_INH,2023-05-31,2023-06-04,4,800,DEL-001189,Delayed
FAC-0031,RIF_INH,2023-06-30,2023-07-01,1,800,DEL-001190,On-Time
FAC-0031,RIF_INH,2023-07-30,2023-08-09,10,800,DEL-001191,Delayed
FAC-0031,RIF_INH,2023-08-29,2023-08-31,2,800,DEL-001192,On-Time
FAC-0031,RIF_INH,2023-09-28,2023-09-29,1,800,DEL-001193,On-Time
FAC-0031,RIF_INH,2023-10-28,2023-10-29,1,800,DEL-001194,On-Time
FAC-0031,RIF_INH,2023-11-27,2023-12-02,5,800,DEL-001195,Delayed
FAC-0031,RIF_INH,2023-12-27,2023-12-28,1,800,DEL-001196,On-Time
FAC-0031,EPINEPHRINE,2023-01-01,2023-01-04,3,10,DEL-001197,On-Time
FAC-0031,EPINEPHRINE,2023-01-31,2023-02-06,6,10,DEL-001198,Delayed
FAC-0031,EPINEPHRINE,2023-03-02,2023-03-09,7,10,DEL-001199,Delayed
FAC-0031,EPINEPHRINE,2023-04-01,2023-04-03,2,10,DEL-001200,On-Time
FAC-0031,EPINEPHRINE,2023-05-01,2023-05-01,0,10,DEL-001201,On-Time
FAC-0031,EPINEPHRINE,2023-05-31,2023-06-02,2,10,DEL-001202,On-Time
FAC-0031,EPINEPHRINE,2023-06-30,2023-07-03,3,10,DEL-001203,On-Time
FAC-0031,EPINEPHRINE,2023-07-30,2023-08-02,3,10,DEL-001204,On-Time
FAC-0031,EPINEPHRINE,2023-08-29,2023-08-30,1,10,DEL-001205,On-Time
FAC-0031,EPINEPHRINE,2023-09-28,2023-10-22,24,10,DEL-001206,Delayed
FAC-0031,EPINEPHRINE,2023-10-28,2023-11-05,8,10,DEL-001207,Delayed
FAC-0031,EPINEPHRINE,2023-11-27,2023-11-27,0,10,DEL-001208,On-Time
FAC-0031,EPINEPHRINE,2023-12-27,2023-12-27,0,10,DEL-001209,On-Time
FAC-0032,PARACETAMOL,2023-01-01,2023-01-05,4,5000,DEL-001210,Delayed
FAC-0032,PARACETAMOL,2023-01-31,2023-02-11,11,5000,DEL-001211,Delayed
FAC-0032,PARACETAMOL,2023-03-02,2023-03-02,0,5000,DEL-001212,On-Time
FAC-0032,PARACETAMOL,2023-04-01,2023-04-12,11,5000,DEL-001213,Delayed
FAC-0032,PARACETAMOL,2023-05-01,2023-05-08,7,5000,DEL-001214,Delayed
FAC-0032,PARACETAMOL,2023-05-31,2023-06-12,12,5000,DEL-001215,Delayed
FAC-0032,PARACETAMOL,2023-06-30,2023-07-12,12,5000,DEL-001216,Delayed
FAC-0032,PARACETAMOL,2023-07-30,2023-08-09,10,5000,DEL-001217,Delayed
FAC-0032,PARACETAMOL,2023-08-29,2023-09-04,6,5000,DEL-001218,Delayed
FAC-0032,PARACETAMOL,2023-09-28,2023-10-13,15,5000,DEL-001219,Delayed
FAC-0032,PARACETAMOL,2023-10-28,2023-11-04,7,5000,DEL-001220,Delayed
FAC-0032,PARACETAMOL,2023-11-27,2023-12-03,6,5000,DEL-001221,Delayed
FAC-0032,PARACETAMOL,2023-12-27,2024-01-01,5,5000,DEL-001222,Delayed
FAC-0032,RIF_INH,2023-01-01,2023-01-11,10,800,DEL-001223,Delayed
FAC-0032,RIF_INH,2023-01-31,2023-02-02,2,800,DEL-001224,On-Time
FAC-0032,RIF_INH,2023-03-02,2023-04-02,31,800,DEL-001225,Delayed
FAC-0032,RIF_INH,2023-04-01,2023-04-12,11,800,DEL-001226,Delayed
FAC-0032,RIF_INH,2023-05-01,2023-05-02,1,800,DEL-001227,On-Time
FAC-0032,RIF_INH,2023-05-31,2023-06-09,9,800,DEL-001228,Delayed
FAC-0032,RIF_INH,2023-06-30,2023-07-09,9,800,DEL-001229,Delayed
FAC-0032,RIF_INH,2023-07-30,2023-07-30,0,800,DEL-001230,On-Time
FAC-0032,RIF_INH,2023-08-29,2023-09-02,4,800,DEL-001231,Delayed
FAC-0032,RIF_INH,2023-09-28,2023-09-30,2,800,DEL-001232,On-Time
FAC-0032,RIF_INH,2023-10-28,2023-10-29,1,800,DEL-001233,On-Time
FAC-0032,RIF_INH,2023-11-27,2023-11-29,2,800,DEL-001234,On-Time
FAC-0032,RIF_INH,2023-12-27,2024-01-06,10,800,DEL-001235,Delayed
FAC-0032,EPINEPHRINE,2023-01-01,2023-01-06,5,10,DEL-001236,Delayed
FAC-0032,EPINEPHRINE,2023-01-31,2023-02-02,2,10,DEL-001237,On-Time
FAC-0032,EPINEPHRINE,2023-03-02,2023-03-03,1,10,DEL-001238,On-Time
FAC-0032,EPINEPHRINE,2023-04-01,2023-04-14,13,10,DEL-001239,Delayed
FAC-0032,EPINEPHRINE,2023-05-01,2023-05-05,4,10,DEL-001240,Delayed
FAC-0032,EPINEPHRINE,2023-05-31,2023-06-08,8,10,DEL-001241,Delayed
FAC-0032,EPINEPHRINE,2023-06-30,2023-07-04,4,10,DEL-001242,Delayed
FAC-0032,EPINEPHRINE,2023-07-30,2023-08-01,2,10,DEL-001243,On-Time
FAC-0032,EPINEPHRINE,2023-08-29,2023-09-08,10,10,DEL-001244,Delayed
FAC-0032,EPINEPHRINE,2023-09-28,2023-10-03,5,10,DEL-001245,Delayed
FAC-0032,EPINEPHRINE,2023-10-28,2023-11-04,7,10,DEL-001246,Delayed
FAC-0032,EPINEPHRINE,2023-11-27,2023-12-10,13,10,DEL-001247,Delayed
FAC-0032,EPINEPHRINE,2023-12-27,2024-01-14,18,10,DEL-001248,Delayed
FAC-0033,PARACETAMOL,2023-01-01,2023-01-25,24,5000,DEL-001249,Delayed
FAC-0033,PARACETAMOL,2023-01-31,2023-02-19,19,5000,DEL-001250,Delayed
FAC-0033,PARACETAMOL,2023-03-02,2023-04-02,31,5000,DEL-001251,Delayed
FAC-0033,PARACETAMOL,2023-04-01,2023-04-07,6,5000,DEL-001252,Delayed
FAC-0033,PARACETAMOL,2023-05-01,2023-05-08,7,5000,DEL-001253,Delayed
FAC-0033,PARACETAMOL,2023-05-31,2023-06-25,25,5000,DEL-001254,Delayed
FAC-0033,PARACETAMOL,2023-06-30,2023-07-07,7,5000,DEL-001255,Delayed
FAC-0033,PARACETAMOL,2023-07-30,2023-08-06,7,5000,DEL-001256,Delayed
FAC-0033,PARACETAMOL,2023-08-29,2023-10-09,41,5000,DEL-001257,Delayed
FAC-0033,PARACETAMOL,2023-09-28,2023-10-30,32,5000,DEL-001258,Delayed
FAC-0033,PARACETAMOL,2023-10-28,2023-11-04,7,5000,DEL-001259,Delayed
FAC-0033,PARACETAMOL,2023-11-27,2023-12-08,11,5000,DEL-001260,Delayed
FAC-0033,PARACETAMOL,2023-12-27,2024-01-29,33,5000,DEL-001261,Delayed
FAC-0033,RIF_INH,2023-01-01,2023-01-02,1,800,DEL-001262,On-Time
FAC-0033,RIF_INH,2023-01-31,2023-02-24,24,800,DEL-001263,Delayed
FAC-0033,RIF_INH,2023-03-02,2023-03-05,3,800,DEL-001264,On-Time
FAC-0033,RIF_INH,2023-04-01,2023-05-09,38,800,DEL-001265,Delayed
FAC-0033,RIF_INH,2023-05-01,2023-05-13,12,800,DEL-001266,Delayed
FAC-0033,RIF_INH,2023-05-31,2023-06-03,3,800,DEL-001267,On-Time
FAC-0033,RIF_INH,2023-06-30,2023-06-30,0,800,DEL-001268,On-Time
FAC-0033,RIF_INH,2023-07-30,2023-07-30,0,800,DEL-001269,On-Time
FAC-0033,RIF_INH,2023-08-29,2023-09-05,7,800,DEL-001270,Delayed
FAC-0033,RIF_INH,2023-09-28,2023-10-27,29,800,DEL-001271,Delayed
FAC-0033,RIF_INH,2023-10-28,2023-10-28,0,800,DEL-001272,On-Time
FAC-0033,RIF_INH,2023-11-27,2023-12-23,26,800,DEL-001273,Delayed
FAC-0033,RIF_INH,2023-12-27,2024-02-08,43,800,DEL-001274,Delayed
FAC-0033,EPINEPHRINE,2023-01-01,2023-01-09,8,10,DEL-001275,Delayed
FAC-0033,EPINEPHRINE,2023-01-31,2023-02-26,26,10,DEL-001276,Delayed
FAC-0033,EPINEPHRINE,2023-03-02,2023-03-02,0,10,DEL-001277,On-Time
FAC-0033,EPINEPHRINE,2023-04-01,2023-04-03,2,10,DEL-001278,On-Time
FAC-0033,EPINEPHRINE,2023-05-01,2023-05-06,5,10,DEL-001279,Delayed
FAC-0033,EPINEPHRINE,2023-05-31,2023-06-10,10,10,DEL-001280,Delayed
FAC-0033,EPINEPHRINE,2023-06-30,2023-07-24,24,10,DEL-001281,Delayed
FAC-0033,EPINEPHRINE,2023-07-30,2023-09-01,33,10,DEL-001282,Delayed
FAC-0033,EPINEPHRINE,2023-08-29,2023-09-07,9,10,DEL-001283,Delayed
FAC-0033,EPINEPHRINE,2023-09-28,2023-10-12,14,10,DEL-001284,Delayed
FAC-0033,EPINEPHRINE,2023-10-28,2024-01-14,78,10,DEL-001285,Delayed
FAC-0033,EPINEPHRINE,2023-11-27,2023-12-12,15,10,DEL-001286,Delayed
FAC-0033,EPINEPHRINE,2023-12-27,2024-01-06,10,10,DEL-001287,Delayed
FAC-0034,PARACETAMOL,2023-01-01,2023-01-22,21,5000,DEL-001288,Delayed
FAC-0034,PARACETAMOL,2023-01-31,2023-04-09,68,5000,DEL-001289,Delayed
FAC-0034,PARACETAMOL,2023-03-02,2023-03-08,6,5000,DEL-001290,Delayed
FAC-0034,PARACETAMOL,2023-04-01,2023-04-14,13,5000,DEL-001291,Delayed
FAC-0034,PARACETAMOL,2023-05-01,2023-06-01,31,5000,DEL-001292,Delayed
FAC-0034,PARACETAMOL,2023-05-31,2023-06-05,5,5000,DEL-001293,Delayed
FAC-0034,PARACETAMOL,2023-06-30,2023-07-07,7,5000,DEL-001294,Delayed
FAC-0034,PARACETAMOL,2023-07-30,2023-08-08,9,5000,DEL-001295,Delayed
FAC-0034,PARACETAMOL,2023-08-29,2023-09-08,10,5000,DEL-001296,Delayed
FAC-0034,PARACETAMOL,2023-09-28,2023-10-14,16,5000,DEL-001297,Delayed
FAC-0034,PARACETAMOL,2023-10-28,2023-11-12,15,5000,DEL-001298,Delayed
FAC-0034,PARACETAMOL,2023-11-27,2023-12-03,6,5000,DEL-001299,Delayed
FAC-0034,PARACETAMOL,2023-12-27,2024-01-28,32,5000,DEL-001300,Delayed
FAC-0034,RIF_INH,2023-01-01,2023-01-08,7,800,DEL-001301,Delayed
FAC-0034,RIF_INH,2023-01-31,2023-02-03,3,800,DEL-001302,On-Time
FAC-0034,RIF_INH,2023-03-02,2023-03-14,12,800,DEL-001303,Delayed
FAC-0034,RIF_INH,2023-04-01,2023-04-24,23,800,DEL-001304,Delayed
FAC-0034,RIF_INH,2023-05-01,2023-05-04,3,800,DEL-001305,On-Time
FAC-0034,RIF_INH,2023-05-31,2023-06-11,11,800,DEL-001306,Delayed
FAC-0034,RIF_INH,2023-06-30,2023-07-05,5,800,DEL-001307,Delayed
FAC-0034,RIF_INH,2023-07-30,2023-07-30,0,800,DEL-001308,On-Time
FAC-0034,RIF_INH,2023-08-29,2023-09-01,3,800,DEL-001309,On-Time
FAC-0034,RIF_INH,2023-09-28,2023-10-12,14,800,DEL-001310,Delayed
FAC-0034,RIF_INH,2023-10-28,2023-11-14,17,800,DEL-001311,Delayed
FAC-0034,RIF_INH,2023-11-27,2023-11-30,3,800,DEL-001312,On-Time
FAC-0034,RIF_INH,2023-12-27,2024-01-08,12,800,DEL-001313,Delayed
FAC-0034,EPINEPHRINE,2023-01-01,2023-01-08,7,10,DEL-001314,Delayed
FAC-0034,EPINEPHRINE,2023-01-31,2023-02-11,11,10,DEL-001315,Delayed
FAC-0034,EPINEPHRINE,2023-03-02,2023-03-02,0,10,DEL-001316,On-Time
FAC-0034,EPINEPHRINE,2023-04-01,2023-04-02,1,10,DEL-001317,On-Time
FAC-0034,EPINEPHRINE,2023-05-01,2023-05-03,2,10,DEL-001318,On-Time
FAC-0034,EPINEPHRINE,2023-05-31,2023-06-04,4,10,DEL-001319,Delayed
FAC-0034,EPINEPHRINE,2023-06-30,2023-07-06,6,10,DEL-001320,Delayed
FAC-0034,EPINEPHRINE,2023-07-30,2023-08-06,7,10,DEL-001321,Delayed
FAC-0034,EPINEPHRINE,2023-08-29,2023-09-05,7,10,DEL-001322,Delayed
FAC-0034,EPINEPHRINE,2023-09-28,2023-09-29,1,10,DEL-001323,On-Time
FAC-0034,EPINEPHRINE,2023-10-28,2023-12-03,36,10,DEL-001324,Delayed
FAC-0034,EPINEPHRINE,2023-11-27,2023-12-02,5,10,DEL-001325,Delayed
FAC-0034,EPINEPHRINE,2023-12-27,2024-01-06,10,10,DEL-001326,Delayed
FAC-0035,PARACETAMOL,2023-01-01,2023-01-26,25,5000,DEL-001327,Delayed
FAC-0035,PARACETAMOL,2023-01-31,2023-02-01,1,5000,DEL-001328,On-Time
FAC-0035,PARACETAMOL,2023-03-02,2023-03-12,10,5000,DEL-001329,Delayed
FAC-0035,PARACETAMOL,2023-04-01,2023-04-07,6,5000,DEL-001330,Delayed
FAC-0035,PARACETAMOL,2023-05-01,2023-05-22,21,5000,DEL-001331,Delayed
FAC-0035,PARACETAMOL,2023-05-31,2023-06-08,8,5000,DEL-001332,Delayed
FAC-0035,PARACETAMOL,2023-06-30,2023-07-05,5,5000,DEL-001333,Delayed
FAC-0035,PARACETAMOL,2023-07-30,2023-07-30,0,5000,DEL-001334,On-Time
FAC-0035,PARACETAMOL,2023-08-29,2023-10-03,35,5000,DEL-001335,Delayed
FAC-0035,PARACETAMOL,2023-09-28,2023-09-29,1,5000,DEL-001336,On-Time
FAC-0035,PARACETAMOL,2023-10-28,2023-11-09,12,5000,DEL-001337,Delayed
FAC-0035,PARACETAMOL,2023-11-27,2023-12-01,4,5000,DEL-001338,Delayed
FAC-0035,PARACETAMOL,2023-12-27,2024-02-07,42,5000,DEL-001339,Delayed
FAC-0035,RIF_INH,2023-01-01,2023-01-03,2,800,DEL-001340,On-Time
FAC-0035,RIF_INH,2023-01-31,2023-03-07,35,800,DEL-001341,Delayed
FAC-0035,RIF_INH,2023-03-02,2023-04-24,53,800,DEL-001342,Delayed
FAC-0035,RIF_INH,2023-04-01,2023-04-05,4,800,DEL-001343,Delayed
FAC-0035,RIF_INH,2023-05-01,2023-05-02,1,800,DEL-001344,On-Time
FAC-0035,RIF_INH,2023-05-31,2023-06-13,13,800,DEL-001345,Delayed
FAC-0035,RIF_INH,2023-06-30,2023-07-03,3,800,DEL-001346,On-Time
FAC-0035,RIF_INH,2023-07-30,2023-08-04,5,800,DEL-001347,Delayed
FAC-0035,RIF_INH,2023-08-29,2023-09-15,17,800,DEL-001348,Delayed
FAC-0035,RIF_INH,2023-09-28,2023-10-25,27,800,DEL-001349,Delayed
FAC-0035,RIF_INH,2023-10-28,2023-11-09,12,800,DEL-001350,Delayed
FAC-0035,RIF_INH,2023-11-27,2023-12-18,21,800,DEL-001351,Delayed
FAC-0035,RIF_INH,2023-12-27,2023-12-28,1,800,DEL-001352,On-Time
FAC-0035,EPINEPHRINE,2023-01-01,2023-02-02,32,10,DEL-001353,Delayed
FAC-0035,EPINEPHRINE,2023-01-31,2023-02-01,1,10,DEL-001354,On-Time
FAC-0035,EPINEPHRINE,2023-03-02,2023-03-03,1,10,DEL-001355,On-Time
FAC-0035,EPINEPHRINE,2023-04-01,2023-04-04,3,10,DEL-001356,On-Time
FAC-0035,EPINEPHRINE,2023-05-01,2023-05-10,9,10,DEL-001357,Delayed
FAC-0035,EPINEPHRINE,2023-05-31,2023-06-02,2,10,DEL-001358,On-Time
FAC-0035,EPINEPHRINE,2023-06-30,2023-08-02,33,10,DEL-001359,Delayed
FAC-0035,EPINEPHRINE,2023-07-30,2023-08-02,3,10,DEL-001360,On-Time
FAC-0035,EPINEPHRINE,2023-08-29,2023-09-25,27,10,DEL-001361,Delayed
FAC-0035,EPINEPHRINE,2023-09-28,2023-10-30,32,10,DEL-001362,Delayed
FAC-0035,EPINEPHRINE,2023-10-28,2023-11-04,7,10,DEL-001363,Delayed
FAC-0035,EPINEPHRINE,2023-11-27,2023-12-26,29,10,DEL-001364,Delayed
FAC-0035,EPINEPHRINE,2023-12-27,2024-01-17,21,10,DEL-001365,Delayed
FAC-0036,PARACETAMOL,2023-01-01,2023-01-09,8,5000,DEL-001366,Delayed
FAC-0036,PARACETAMOL,2023-01-31,2023-02-25,25,5000,DEL-001367,Delayed
FAC-0036,PARACETAMOL,2023-03-02,2023-03-19,17,5000,DEL-001368,Delayed
FAC-0036,PARACETAMOL,2023-04-01,2023-04-06,5,5000,DEL-001369,Delayed
FAC-0036,PARACETAMOL,2023-05-01,2023-06-27,57,5000,DEL-001370,Delayed
FAC-0036,PARACETAMOL,2023-05-31,2023-06-14,14,5000,DEL-001371,Delayed
FAC-0036,PARACETAMOL,2023-06-30,2023-07-28,28,5000,DEL-001372,Delayed
FAC-0036,PARACETAMOL,2023-07-30,2023-08-07,8,5000,DEL-001373,Delayed
FAC-0036,PARACETAMOL,2023-08-29,2023-09-14,16,5000,DEL-001374,Delayed
FAC-0036,PARACETAMOL,2023-09-28,2023-10-02,4,5000,DEL-001375,Delayed
FAC-0036,PARACETAMOL,2023-10-28,2023-11-02,5,5000,DEL-001376,Delayed
FAC-0036,PARACETAMOL,2023-11-27,2023-12-19,22,5000,DEL-001377,Delayed
FAC-0036,PARACETAMOL,2023-12-27,2024-01-27,31,5000,DEL-001378,Delayed
FAC-0036,RIF_INH,2023-01-01,2023-03-05,63,800,DEL-001379,Delayed
FAC-0036,RIF_INH,2023-01-31,2023-02-10,10,800,DEL-001380,Delayed
FAC-0036,RIF_INH,2023-03-02,2023-03-02,0,800,DEL-001381,On-Time
FAC-0036,RIF_INH,2023-04-01,2023-04-03,2,800,DEL-001382,On-Time
FAC-0036,RIF_INH,2023-05-01,2023-05-03,2,800,DEL-001383,On-Time
FAC-0036,RIF_INH,2023-05-31,2023-07-21,51,800,DEL-001384,Delayed
FAC-0036,RIF_INH,2023-06-30,2023-07-05,5,800,DEL-001385,Delayed
FAC-0036,RIF_INH,2023-07-30,2023-08-04,5,800,DEL-001386,Delayed
FAC-0036,RIF_INH,2023-08-29,2023-10-09,41,800,DEL-001387,Delayed
FAC-0036,RIF_INH,2023-09-28,2023-10-10,12,800,DEL-001388,Delayed
FAC-0036,RIF_INH,2023-10-28,2023-11-03,6,800,DEL-001389,Delayed
FAC-0036,RIF_INH,2023-11-27,2023-11-27,0,800,DEL-001390,On-Time
FAC-0036,RIF_INH,2023-12-27,2023-12-28,1,800,DEL-001391,On-Time
FAC-0036,EPINEPHRINE,2023-01-01,2023-01-04,3,10,DEL-001392,On-Time
FAC-0036,EPINEPHRINE,2023-01-31,2023-02-04,4,10,DEL-001393,Delayed
FAC-0036,EPINEPHRINE,2023-03-02,2023-03-11,9,10,DEL-001394,Delayed
FAC-0036,EPINEPHRINE,2023-04-01,2023-04-14,13,10,DEL-001395,Delayed
FAC-0036,EPINEPHRINE,2023-05-01,2023-05-05,4,10,DEL-001396,Delayed
FAC-0036,EPINEPHRINE,2023-05-31,2023-06-13,13,10,DEL-001397,Delayed
FAC-0036,EPINEPHRINE,2023-06-30,2023-07-08,8,10,DEL-001398,Delayed
FAC-0036,EPINEPHRINE,2023-07-30,2023-08-26,27,10,DEL-001399,Delayed
FAC-0036,EPINEPHRINE,2023-08-29,2023-09-09,11,10,DEL-001400,Delayed
FAC-0036,EPINEPHRINE,2023-09-28,2023-10-08,10,10,DEL-001401,Delayed
FAC-0036,EPINEPHRINE,2023-10-28,2023-11-04,7,10,DEL-001402,Delayed
FAC-0036,EPINEPHRINE,2023-11-27,2023-12-07,10,10,DEL-001403,Delayed
FAC-0036,EPINEPHRINE,2023-12-27,2024-01-01,5,10,DEL-001404,Delayed
FAC-0037,PARACETAMOL,2023-01-01,2023-01-04,3,5000,DEL-001405,On-Time
FAC-0037,PARACETAMOL,2023-01-31,2023-02-10,10,5000,DEL-001406,Delayed
FAC-0037,PARACETAMOL,2023-03-02,2023-03-06,4,5000,DEL-001407,Delayed
FAC-0037,PARACETAMOL,2023-04-01,2023-04-05,4,5000,DEL-001408,Delayed
FAC-0037,PARACETAMOL,2023-05-01,2023-06-07,37,5000,DEL-001409,Delayed
FAC-0037,PARACETAMOL,2023-05-31,2023-06-13,13,5000,DEL-001410,Delayed
FAC-0037,PARACETAMOL,2023-06-30,2023-07-06,6,5000,DEL-001411,Delayed
FAC-0037,PARACETAMOL,2023-07-30,2023-08-12,13,5000,DEL-001412,Delayed
FAC-0037,PARACETAMOL,2023-08-29,2023-09-19,21,5000,DEL-001413,Delayed
FAC-0037,PARACETAMOL,2023-09-28,2023-11-14,47,5000,DEL-001414,Delayed
FAC-0037,PARACETAMOL,2023-10-28,2023-11-06,9,5000,DEL-001415,Delayed
FAC-0037,PARACETAMOL,2023-11-27,2023-11-27,0,5000,DEL-001416,On-Time
FAC-0037,PARACETAMOL,2023-12-27,2024-01-04,8,5000,DEL-001417,Delayed
FAC-0037,RIF_INH,2023-01-01,2023-01-02,1,800,DEL-001418,On-Time
FAC-0037,RIF_INH,2023-01-31,2023-03-12,40,800,DEL-001419,Delayed
FAC-0037,RIF_INH,2023-03-02,2023-03-03,1,800,DEL-001420,On-Time
FAC-0037,RIF_INH,2023-04-01,2023-04-01,0,800,DEL-001421,On-Time
FAC-0037,RIF_INH,2023-05-01,2023-05-28,27,800,DEL-001422,Delayed
FAC-0037,RIF_INH,2023-05-31,2023-06-06,6,800,DEL-001423,Delayed
FAC-0037,RIF_INH,2023-06-30,2023-07-08,8,800,DEL-001424,Delayed
FAC-0037,RIF_INH,2023-07-30,2023-08-05,6,800,DEL-001425,Delayed
FAC-0037,RIF_INH,2023-08-29,2023-09-29,31,800,DEL-001426,Delayed
FAC-0037,RIF_INH,2023-09-28,2023-10-08,10,800,DEL-001427,Delayed
FAC-0037,RIF_INH,2023-10-28,2023-11-04,7,800,DEL-001428,Delayed
FAC-0037,RIF_INH,2023-11-27,2023-11-28,1,800,DEL-001429,On-Time
FAC-0037,RIF_INH,2023-12-27,2024-01-30,34,800,DEL-001430,Delayed
FAC-0037,EPINEPHRINE,2023-01-01,2023-01-04,3,10,DEL-001431,On-Time
FAC-0037,EPINEPHRINE,2023-01-31,2023-03-04,32,10,DEL-001432,Delayed
FAC-0037,EPINEPHRINE,2023-03-02,2023-03-02,0,10,DEL-001433,On-Time
FAC-0037,EPINEPHRINE,2023-04-01,2023-04-25,24,10,DEL-001434,Delayed
FAC-0037,EPINEPHRINE,2023-05-01,2023-05-07,6,10,DEL-001435,Delayed
FAC-0037,EPINEPHRINE,2023-05-31,2023-07-21,51,10,DEL-001436,Delayed
FAC-0037,EPINEPHRINE,2023-06-30,2023-07-21,21,10,DEL-001437,Delayed
FAC-0037,EPINEPHRINE,2023-07-30,2023-07-31,1,10,DEL-001438,On-Time
FAC-0037,EPINEPHRINE,2023-08-29,2023-08-30,1,10,DEL-001439,On-Time
FAC-0037,EPINEPHRINE,2023-09-28,2023-10-02,4,10,DEL-001440,Delayed
FAC-0037,EPINEPHRINE,2023-10-28,2023-12-08,41,10,DEL-001441,Delayed
FAC-0037,EPINEPHRINE,2023-11-27,2023-12-07,10,10,DEL-001442,Delayed
FAC-0037,EPINEPHRINE,2023-12-27,2024-01-06,10,10,DEL-001443,Delayed
FAC-0038,PARACETAMOL,2023-01-01,2023-02-08,38,5000,DEL-001444,Delayed
FAC-0038,PARACETAMOL,2023-01-31,2023-02-26,26,5000,DEL-001445,Delayed
FAC-0038,PARACETAMOL,2023-03-02,2023-03-27,25,5000,DEL-001446,Delayed
FAC-0038,PARACETAMOL,2023-04-01,2023-05-12,41,5000,DEL-001447,Delayed
FAC-0038,PARACETAMOL,2023-05-01,2023-05-19,18,5000,DEL-001448,Delayed
FAC-0038,PARACETAMOL,2023-05-31,2023-06-28,28,5000,DEL-001449,Delayed
FAC-0038,PARACETAMOL,2023-06-30,2023-07-10,10,5000,DEL-001450,Delayed
FAC-0038,PARACETAMOL,2023-07-30,2023-08-15,16,5000,DEL-001451,Delayed
FAC-0038,PARACETAMOL,2023-08-29,2023-09-19,21,5000,DEL-001452,Delayed
FAC-0038,PARACETAMOL,2023-09-28,2023-10-08,10,5000,DEL-001453,Delayed
FAC-0038,PARACETAMOL,2023-10-28,2023-12-04,37,5000,DEL-001454,Delayed
FAC-0038,PARACETAMOL,2023-11-27,2024-01-18,52,5000,DEL-001455,Delayed
FAC-0038,PARACETAMOL,2023-12-27,2023-12-31,4,5000,DEL-001456,Delayed
FAC-0038,RIF_INH,2023-01-01,2023-02-10,40,800,DEL-001457,Delayed
FAC-0038,RIF_INH,2023-01-31,2023-02-01,1,800,DEL-001458,On-Time
FAC-0038,RIF_INH,2023-03-02,2023-03-07,5,800,DEL-001459,Delayed
FAC-0038,RIF_INH,2023-04-01,2023-04-19,18,800,DEL-001460,Delayed
FAC-0038,RIF_INH,2023-05-01,2023-06-12,42,800,DEL-001461,Delayed
FAC-0038,RIF_INH,2023-05-31,2023-08-18,79,800,DEL-001462,Delayed
FAC-0038,RIF_INH,2023-06-30,2023-07-22,22,800,DEL-001463,Delayed
FAC-0038,RIF_INH,2023-07-30,2023-07-31,1,800,DEL-001464,On-Time
FAC-0038,RIF_INH,2023-08-29,2023-10-01,33,800,DEL-001465,Delayed
FAC-0038,RIF_INH,2023-09-28,2023-10-03,5,800,DEL-001466,Delayed
FAC-0038,RIF_INH,2023-10-28,2023-11-02,5,800,DEL-001467,Delayed
FAC-0038,RIF_INH,2023-11-27,2023-11-29,2,800,DEL-001468,On-Time
FAC-0038,RIF_INH,2023-12-27,2024-01-10,14,800,DEL-001469,Delayed
FAC-0038,EPINEPHRINE,2023-01-01,2023-01-09,8,10,DEL-001470,Delayed
FAC-0038,EPINEPHRINE,2023-01-31,2023-03-16,44,10,DEL-001471,Delayed
FAC-0038,EPINEPHRINE,2023-03-02,2023-03-29,27,10,DEL-001472,Delayed
FAC-0038,EPINEPHRINE,2023-04-01,2023-04-10,9,10,DEL-001473,Delayed
FAC-0038,EPINEPHRINE,2023-05-01,2023-05-08,7,10,DEL-001474,Delayed
FAC-0038,EPINEPHRINE,2023-05-31,2023-06-15,15,10,DEL-001475,Delayed
FAC-0038,EPINEPHRINE,2023-06-30,2023-07-06,6,10,DEL-001476,Delayed
FAC-0038,EPINEPHRINE,2023-07-30,2023-07-31,1,10,DEL-001477,On-Time
FAC-0038,EPINEPHRINE,2023-08-29,2023-09-07,9,10,DEL-001478,Delayed
FAC-0038,EPINEPHRINE,2023-09-28,2023-10-04,6,10,DEL-001479,Delayed
FAC-0038,EPINEPHRINE,2023-10-28,2023-11-25,28,10,DEL-001480,Delayed
FAC-0038,EPINEPHRINE,2023-11-27,2023-12-20,23,10,DEL-001481,Delayed
FAC-0038,EPINEPHRINE,2023-12-27,2024-01-01,5,10,DEL-001482,Delayed
FAC-0039,PARACETAMOL,2023-01-01,2023-02-13,43,5000,DEL-001483,Delayed
FAC-0039,PARACETAMOL,2023-01-31,2023-02-17,17,5000,DEL-001484,Delayed
FAC-0039,PARACETAMOL,2023-03-02,2023-05-06,65,5000,DEL-001485,Delayed
FAC-0039,PARACETAMOL,2023-04-01,2023-05-03,32,5000,DEL-001486,Delayed
FAC-0039,PARACETAMOL,2023-05-01,2023-06-20,50,5000,DEL-001487,Delayed
FAC-0039,PARACETAMOL,2023-05-31,2023-08-08,69,5000,DEL-001488,Delayed
FAC-0039,PARACETAMOL,2023-06-30,2023-07-11,11,5000,DEL-001489,Delayed
FAC-0039,PARACETAMOL,2023-07-30,2023-08-22,23,5000,DEL-001490,Delayed
FAC-0039,PARACETAMOL,2023-08-29,2023-09-01,3,5000,DEL-001491,On-Time
FAC-0039,PARACETAMOL,2023-09-28,2023-10-04,6,5000,DEL-001492,Delayed
FAC-0039,PARACETAMOL,2023-10-28,2023-11-01,4,5000,DEL-001493,Delayed
FAC-0039,PARACETAMOL,2023-11-27,2023-12-10,13,5000,DEL-001494,Delayed
FAC-0039,PARACETAMOL,2023-12-27,2024-01-23,27,5000,DEL-001495,Delayed
FAC-0039,RIF_INH,2023-01-01,2023-01-19,18,800,DEL-001496,Delayed
FAC-0039,RIF_INH,2023-01-31,2023-01-31,0,800,DEL-001497,On-Time
FAC-0039,RIF_INH,2023-03-02,2023-03-07,5,800,DEL-001498,Delayed
FAC-0039,RIF_INH,2023-04-01,2023-04-28,27,800,DEL-001499,Delayed
FAC-0039,RIF_INH,2023-05-01,2023-05-23,22,800,DEL-001500,Delayed
FAC-0039,RIF_INH,2023-05-31,2023-06-06,6,800,DEL-001501,Delayed
FAC-0039,RIF_INH,2023-06-30,2023-07-07,7,800,DEL-001502,Delayed
FAC-0039,RIF_INH,2023-07-30,2023-08-31,32,800,DEL-001503,Delayed
FAC-0039,RIF_INH,2023-08-29,2023-09-13,15,800,DEL-001504,Delayed
FAC-0039,RIF_INH,2023-09-28,2023-10-17,19,800,DEL-001505,Delayed
FAC-0039,RIF_INH,2023-10-28,2023-11-09,12,800,DEL-001506,Delayed
FAC-0039,RIF_INH,2023-11-27,2023-12-26,29,800,DEL-001507,Delayed
FAC-0039,RIF_INH,2023-12-27,2024-02-13,48,800,DEL-001508,Delayed
FAC-0039,EPINEPHRINE,2023-01-01,2023-03-15,73,10,DEL-001509,Delayed
FAC-0039,EPINEPHRINE,2023-01-31,2023-02-24,24,10,DEL-001510,Delayed
FAC-0039,EPINEPHRINE,2023-03-02,2023-03-13,11,10,DEL-001511,Delayed
FAC-0039,EPINEPHRINE,2023-04-01,2023-04-04,3,10,DEL-001512,On-Time
FAC-0039,EPINEPHRINE,2023-05-01,2023-05-01,0,10,DEL-001513,On-Time
FAC-0039,EPINEPHRINE,2023-05-31,2023-08-06,67,10,DEL-001514,Delayed
FAC-0039,EPINEPHRINE,2023-06-30,2023-07-29,29,10,DEL-001515,Delayed
FAC-0039,EPINEPHRINE,2023-07-30,2023-08-09,10,10,DEL-001516,Delayed
FAC-0039,EPINEPHRINE,2023-08-29,2023-09-18,20,10,DEL-001517,Delayed
FAC-0039,EPINEPHRINE,2023-09-28,2023-11-08,41,10,DEL-001518,Delayed
FAC-0039,EPINEPHRINE,2023-10-28,2024-01-20,84,10,DEL-001519,Delayed
FAC-0039,EPINEPHRINE,2023-11-27,2023-12-01,4,10,DEL-001520,Delayed
FAC-0039,EPINEPHRINE,2023-12-27,2024-01-15,19,10,DEL-001521,Delayed
FAC-0040,PARACETAMOL,2023-01-01,2023-01-18,17,5000,DEL-001522,Delayed
FAC-0040,PARACETAMOL,2023-01-31,2023-03-22,50,5000,DEL-001523,Delayed
FAC-0040,PARACETAMOL,2023-03-02,2023-03-17,15,5000,DEL-001524,Delayed
FAC-0040,PARACETAMOL,2023-04-01,2023-04-11,10,5000,DEL-001525,Delayed
FAC-0040,PARACETAMOL,2023-05-01,2023-05-13,12,5000,DEL-001526,Delayed
FAC-0040,PARACETAMOL,2023-05-31,2023-06-03,3,5000,DEL-001527,On-Time
FAC-0040,PARACETAMOL,2023-06-30,2023-07-12,12,5000,DEL-001528,Delayed
FAC-0040,PARACETAMOL,2023-07-30,2023-08-20,21,5000,DEL-001529,Delayed
FAC-0040,PARACETAMOL,2023-08-29,2023-09-01,3,5000,DEL-001530,On-Time
FAC-0040,PARACETAMOL,2023-09-28,2023-10-27,29,5000,DEL-001531,Delayed
FAC-0040,PARACETAMOL,2023-10-28,2023-10-29,1,5000,DEL-001532,On-Time
FAC-0040,PARACETAMOL,2023-11-27,2023-12-02,5,5000,DEL-001533,Delayed
FAC-0040,PARACETAMOL,2023-12-27,2023-12-28,1,5000,DEL-001534,On-Time
FAC-0040,RIF_INH,2023-01-01,2023-01-01,0,800,DEL-001535,On-Time
FAC-0040,RIF_INH,2023-01-31,2023-03-12,40,800,DEL-001536,Delayed
FAC-0040,RIF_INH,2023-03-02,2023-03-05,3,800,DEL-001537,On-Time
FAC-0040,RIF_INH,2023-04-01,2023-04-08,7,800,DEL-001538,Delayed
FAC-0040,RIF_INH,2023-05-01,2023-05-11,10,800,DEL-001539,Delayed
FAC-0040,RIF_INH,2023-05-31,2023-06-01,1,800,DEL-001540,On-Time
FAC-0040,RIF_INH,2023-06-30,2023-07-03,3,800,DEL-001541,On-Time
FAC-0040,RIF_INH,2023-07-30,2023-08-02,3,800,DEL-001542,On-Time
FAC-0040,RIF_INH,2023-08-29,2023-09-02,4,800,DEL-001543,Delayed
FAC-0040,RIF_INH,2023-09-28,2023-10-05,7,800,DEL-001544,Delayed
FAC-0040,RIF_INH,2023-10-28,2023-11-01,4,800,DEL-001545,Delayed
FAC-0040,RIF_INH,2023-11-27,2023-12-15,18,800,DEL-001546,Delayed
FAC-0040,RIF_INH,2023-12-27,2024-01-03,7,800,DEL-001547,Delayed
FAC-0040,EPINEPHRINE,2023-01-01,2023-01-06,5,10,DEL-001548,Delayed
FAC-0040,EPINEPHRINE,2023-01-31,2023-02-02,2,10,DEL-001549,On-Time
FAC-0040,EPINEPHRINE,2023-03-02,2023-03-17,15,10,DEL-001550,Delayed
FAC-0040,EPINEPHRINE,2023-04-01,2023-04-06,5,10,DEL-001551,Delayed
FAC-0040,EPINEPHRINE,2023-05-01,2023-05-06,5,10,DEL-001552,Delayed
FAC-0040,EPINEPHRINE,2023-05-31,2023-07-06,36,10,DEL-001553,Delayed
FAC-0040,EPINEPHRINE,2023-06-30,2023-06-30,0,10,DEL-001554,On-Time
FAC-0040,EPINEPHRINE,2023-07-30,2023-08-04,5,10,DEL-001555,Delayed
FAC-0040,EPINEPHRINE,2023-08-29,2023-09-08,10,10,DEL-001556,Delayed
FAC-0040,EPINEPHRINE,2023-09-28,2023-10-13,15,10,DEL-001557,Delayed
FAC-0040,EPINEPHRINE,2023-10-28,2023-11-11,14,10,DEL-001558,Delayed
FAC-0040,EPINEPHRINE,2023-11-27,2023-11-30,3,10,DEL-001559,On-Time
FAC-0040,EPINEPHRINE,2023-12-27,2023-12-27,0,10,DEL-001560,On-Time
FAC-0041,PARACETAMOL,2023-01-01,2023-01-18,17,5000,DEL-001561,Delayed
FAC-0041,PARACETAMOL,2023-01-31,2023-02-14,14,5000,DEL-001562,Delayed
FAC-0041,PARACETAMOL,2023-03-02,2023-03-03,1,5000,DEL-001563,On-Time
FAC-0041,PARACETAMOL,2023-04-01,2023-04-12,11,5000,DEL-001564,Delayed
FAC-0041,PARACETAMOL,2023-05-01,2023-05-04,3,5000,DEL-001565,On-Time
FAC-0041,PARACETAMOL,2023-05-31,2023-06-01,1,5000,DEL-001566,On-Time
FAC-0041,PARACETAMOL,2023-06-30,2023-07-13,13,5000,DEL-001567,Delayed
FAC-0041,PARACETAMOL,2023-07-30,2023-08-16,17,5000,DEL-001568,Delayed
FAC-0041,PARACETAMOL,2023-08-29,2023-09-13,15,5000,DEL-001569,Delayed
FAC-0041,PARACETAMOL,2023-09-28,2023-10-03,5,5000,DEL-001570,Delayed
FAC-0041,PARACETAMOL,2023-10-28,2023-11-11,14,5000,DEL-001571,Delayed
FAC-0041,PARACETAMOL,2023-11-27,2023-12-06,9,5000,DEL-001572,Delayed
FAC-0041,PARACETAMOL,2023-12-27,2024-01-07,11,5000,DEL-001573,Delayed
FAC-0041,RIF_INH,2023-01-01,2023-01-21,20,800,DEL-001574,Delayed
FAC-0041,RIF_INH,2023-01-31,2023-02-14,14,800,DEL-001575,Delayed
FAC-0041,RIF_INH,2023-03-02,2023-03-17,15,800,DEL-001576,Delayed
FAC-0041,RIF_INH,2023-04-01,2023-04-27,26,800,DEL-001577,Delayed
FAC-0041,RIF_INH,2023-05-01,2023-05-08,7,800,DEL-001578,Delayed
FAC-0041,RIF_INH,2023-05-31,2023-06-11,11,800,DEL-001579,Delayed
FAC-0041,RIF_INH,2023-06-30,2023-07-16,16,800,DEL-001580,Delayed
FAC-0041,RIF_INH,2023-07-30,2023-08-27,28,800,DEL-001581,Delayed
FAC-0041,RIF_INH,2023-08-29,2023-09-02,4,800,DEL-001582,Delayed
FAC-0041,RIF_INH,2023-09-28,2023-10-21,23,800,DEL-001583,Delayed
FAC-0041,RIF_INH,2023-10-28,2023-11-02,5,800,DEL-001584,Delayed
FAC-0041,RIF_INH,2023-11-27,2023-12-03,6,800,DEL-001585,Delayed
FAC-0041,RIF_INH,2023-12-27,2024-01-04,8,800,DEL-001586,Delayed
FAC-0041,EPINEPHRINE,2023-01-01,2023-01-02,1,10,DEL-001587,On-Time
FAC-0041,EPINEPHRINE,2023-01-31,2023-03-06,34,10,DEL-001588,Delayed
FAC-0041,EPINEPHRINE,2023-03-02,2023-04-02,31,10,DEL-001589,Delayed
FAC-0041,EPINEPHRINE,2023-04-01,2023-05-20,49,10,DEL-001590,Delayed
FAC-0041,EPINEPHRINE,2023-05-01,2023-05-15,14,10,DEL-001591,Delayed
FAC-0041,EPINEPHRINE,2023-05-31,2023-06-18,18,10,DEL-001592,Delayed
FAC-0041,EPINEPHRINE,2023-06-30,2023-07-05,5,10,DEL-001593,Delayed
FAC-0041,EPINEPHRINE,2023-07-30,2023-07-30,0,10,DEL-001594,On-Time
FAC-0041,EPINEPHRINE,2023-08-29,2023-09-19,21,10,DEL-001595,Delayed
FAC-0041,EPINEPHRINE,2023-09-28,2023-10-01,3,10,DEL-001596,On-Time
FAC-0041,EPINEPHRINE,2023-10-28,2023-11-01,4,10,DEL-001597,Delayed
FAC-0041,EPINEPHRINE,2023-11-27,2024-02-14,79,10,DEL-001598,Delayed
FAC-0041,EPINEPHRINE,2023-12-27,2023-12-29,2,10,DEL-001599,On-Time
FAC-0042,PARACETAMOL,2023-01-01,2023-01-01,0,5000,DEL-001600,On-Time
FAC-0042,PARACETAMOL,2023-01-31,2023-01-31,0,5000,DEL-001601,On-Time
FAC-0042,PARACETAMOL,2023-03-02,2023-03-08,6,5000,DEL-001602,Delayed
FAC-0042,PARACETAMOL,2023-04-01,2023-04-03,2,5000,DEL-001603,On-Time
FAC-0042,PARACETAMOL,2023-05-01,2023-05-03,2,5000,DEL-001604,On-Time
FAC-0042,PARACETAMOL,2023-05-31,2023-06-05,5,5000,DEL-001605,Delayed
FAC-0042,PARACETAMOL,2023-06-30,2023-06-30,0,5000,DEL-001606,On-Time
FAC-0042,PARACETAMOL,2023-07-30,2023-07-30,0,5000,DEL-001607,On-Time
FAC-0042,PARACETAMOL,2023-08-29,2023-09-13,15,5000,DEL-001608,Delayed
FAC-0042,PARACETAMOL,2023-09-28,2023-10-11,13,5000,DEL-001609,Delayed
FAC-0042,PARACETAMOL,2023-10-28,2023-11-02,5,5000,DEL-001610,Delayed
FAC-0042,PARACETAMOL,2023-11-27,2023-12-12,15,5000,DEL-001611,Delayed
FAC-0042,PARACETAMOL,2023-12-27,2023-12-27,0,5000,DEL-001612,On-Time
FAC-0042,RIF_INH,2023-01-01,2023-01-06,5,800,DEL-001613,Delayed
FAC-0042,RIF_INH,2023-01-31,2023-02-07,7,800,DEL-001614,Delayed
FAC-0042,RIF_INH,2023-03-02,2023-03-13,11,800,DEL-001615,Delayed
FAC-0042,RIF_INH,2023-04-01,2023-04-06,5,800,DEL-001616,Delayed
FAC-0042,RIF_INH,2023-05-01,2023-05-06,5,800,DEL-001617,Delayed
FAC-0042,RIF_INH,2023-05-31,2023-06-02,2,800,DEL-001618,On-Time
FAC-0042,RIF_INH,2023-06-30,2023-07-06,6,800,DEL-001619,Delayed
FAC-0042,RIF_INH,2023-07-30,2023-07-30,0,800,DEL-001620,On-Time
FAC-0042,RIF_INH,2023-08-29,2023-09-10,12,800,DEL-001621,Delayed
FAC-0042,RIF_INH,2023-09-28,2023-10-02,4,800,DEL-001622,Delayed
FAC-0042,RIF_INH,2023-10-28,2023-10-28,0,800,DEL-001623,On-Time
FAC-0042,RIF_INH,2023-11-27,2023-11-29,2,800,DEL-001624,On-Time
FAC-0042,RIF_INH,2023-12-27,2023-12-30,3,800,DEL-001625,On-Time
FAC-0042,EPINEPHRINE,2023-01-01,2023-01-23,22,10,DEL-001626,Delayed
FAC-0042,EPINEPHRINE,2023-01-31,2023-02-07,7,10,DEL-001627,Delayed
FAC-0042,EPINEPHRINE,2023-03-02,2023-03-11,9,10,DEL-001628,Delayed
FAC-0042,EPINEPHRINE,2023-04-01,2023-04-30,29,10,DEL-001629,Delayed
FAC-0042,EPINEPHRINE,2023-05-01,2023-05-09,8,10,DEL-001630,Delayed
FAC-0042,EPINEPHRINE,2023-05-31,2023-05-31,0,10,DEL-001631,On-Time
FAC-0042,EPINEPHRINE,2023-06-30,2023-07-07,7,10,DEL-001632,Delayed
FAC-0042,EPINEPHRINE,2023-07-30,2023-08-08,9,10,DEL-001633,Delayed
FAC-0042,EPINEPHRINE,2023-08-29,2023-08-31,2,10,DEL-001634,On-Time
FAC-0042,EPINEPHRINE,2023-09-28,2023-09-29,1,10,DEL-001635,On-Time
FAC-0042,EPINEPHRINE,2023-10-28,2023-11-02,5,10,DEL-001636,Delayed
FAC-0042,EPINEPHRINE,2023-11-27,2024-01-05,39,10,DEL-001637,Delayed
FAC-0042,EPINEPHRINE,2023-12-27,2024-01-05,9,10,DEL-001638,Delayed
FAC-0043,PARACETAMOL,2023-01-01,2023-01-16,15,5000,DEL-001639,Delayed
FAC-0043,PARACETAMOL,2023-01-31,2023-02-10,10,5000,DEL-001640,Delayed
FAC-0043,PARACETAMOL,2023-03-02,2023-03-05,3,5000,DEL-001641,On-Time
FAC-0043,PARACETAMOL,2023-04-01,2023-04-08,7,5000,DEL-001642,Delayed
FAC-0043,PARACETAMOL,2023-05-01,2023-05-22,21,5000,DEL-001643,Delayed
FAC-0043,PARACETAMOL,2023-05-31,2023-06-02,2,5000,DEL-001644,On-Time
FAC-0043,PARACETAMOL,2023-06-30,2023-06-30,0,5000,DEL-001645,On-Time
FAC-0043,PARACETAMOL,2023-07-30,2023-09-24,56,5000,DEL-001646,Delayed
FAC-0043,PARACETAMOL,2023-08-29,2023-09-01,3,5000,DEL-001647,On-Time
FAC-0043,PARACETAMOL,2023-09-28,2023-11-01,34,5000,DEL-001648,Delayed
FAC-0043,PARACETAMOL,2023-10-28,2023-11-03,6,5000,DEL-001649,Delayed
FAC-0043,PARACETAMOL,2023-11-27,2023-12-03,6,5000,DEL-001650,Delayed
FAC-0043,PARACETAMOL,2023-12-27,2024-01-03,7,5000,DEL-001651,Delayed
FAC-0043,RIF_INH,2023-01-01,2023-01-07,6,800,DEL-001652,Delayed
FAC-0043,RIF_INH,2023-01-31,2023-02-24,24,800,DEL-001653,Delayed
FAC-0043,RIF_INH,2023-03-02,2023-03-05,3,800,DEL-001654,On-Time
FAC-0043,RIF_INH,2023-04-01,2023-04-02,1,800,DEL-001655,On-Time
FAC-0043,RIF_INH,2023-05-01,2023-05-15,14,800,DEL-001656,Delayed
FAC-0043,RIF_INH,2023-05-31,2023-06-08,8,800,DEL-001657,Delayed
FAC-0043,RIF_INH,2023-06-30,2023-06-30,0,800,DEL-001658,On-Time
FAC-0043,RIF_INH,2023-07-30,2023-08-07,8,800,DEL-001659,Delayed
FAC-0043,RIF_INH,2023-08-29,2023-09-10,12,800,DEL-001660,Delayed
FAC-0043,RIF_INH,2023-09-28,2023-09-30,2,800,DEL-001661,On-Time
FAC-0043,RIF_INH,2023-10-28,2023-10-31,3,800,DEL-001662,On-Time
FAC-0043,RIF_INH,2023-11-27,2023-11-27,0,800,DEL-001663,On-Time
FAC-0043,RIF_INH,2023-12-27,2023-12-29,2,800,DEL-001664,On-Time
FAC-0043,EPINEPHRINE,2023-01-01,2023-01-09,8,10,DEL-001665,Delayed
FAC-0043,EPINEPHRINE,2023-01-31,2023-01-31,0,10,DEL-001666,On-Time
FAC-0043,EPINEPHRINE,2023-03-02,2023-03-13,11,10,DEL-001667,Delayed
FAC-0043,EPINEPHRINE,2023-04-01,2023-04-22,21,10,DEL-001668,Delayed
FAC-0043,EPINEPHRINE,2023-05-01,2023-05-01,0,10,DEL-001669,On-Time
FAC-0043,EPINEPHRINE,2023-05-31,2023-06-04,4,10,DEL-001670,Delayed
FAC-0043,EPINEPHRINE,2023-06-30,2023-07-01,1,10,DEL-001671,On-Time
FAC-0043,EPINEPHRINE,2023-07-30,2023-08-03,4,10,DEL-001672,Delayed
FAC-0043,EPINEPHRINE,2023-08-29,2023-09-09,11,10,DEL-001673,Delayed
FAC-0043,EPINEPHRINE,2023-09-28,2023-10-05,7,10,DEL-001674,Delayed
FAC-0043,EPINEPHRINE,2023-10-28,2023-10-31,3,10,DEL-001675,On-Time
FAC-0043,EPINEPHRINE,2023-11-27,2023-11-28,1,10,DEL-001676,On-Time
FAC-0043,EPINEPHRINE,2023-12-27,2024-01-25,29,10,DEL-001677,Delayed
FAC-0044,PARACETAMOL,2023-01-01,2023-01-05,4,5000,DEL-001678,Delayed
FAC-0044,PARACETAMOL,2023-01-31,2023-02-05,5,5000,DEL-001679,Delayed
FAC-0044,PARACETAMOL,2023-03-02,2023-03-02,0,5000,DEL-001680,On-Time
FAC-0044,PARACETAMOL,2023-04-01,2023-06-05,65,5000,DEL-001681,Delayed
FAC-0044,PARACETAMOL,2023-05-01,2023-05-23,22,5000,DEL-001682,Delayed
FAC-0044,PARACETAMOL,2023-05-31,2023-06-29,29,5000,DEL-001683,Delayed
FAC-0044,PARACETAMOL,2023-06-30,2023-07-28,28,5000,DEL-001684,Delayed
FAC-0044,PARACETAMOL,2023-07-30,2023-08-06,7,5000,DEL-001685,Delayed
FAC-0044,PARACETAMOL,2023-08-29,2023-09-06,8,5000,DEL-001686,Delayed
FAC-0044,PARACETAMOL,2023-09-28,2023-10-22,24,5000,DEL-001687,Delayed
FAC-0044,PARACETAMOL,2023-10-28,2023-11-15,18,5000,DEL-001688,Delayed
FAC-0044,PARACETAMOL,2023-11-27,2023-11-28,1,5000,DEL-001689,On-Time
FAC-0044,PARACETAMOL,2023-12-27,2024-01-06,10,5000,DEL-001690,Delayed
FAC-0044,RIF_INH,2023-01-01,2023-02-17,47,800,DEL-001691,Delayed
FAC-0044,RIF_INH,2023-01-31,2023-02-13,13,800,DEL-001692,Delayed
FAC-0044,RIF_INH,2023-03-02,2023-03-16,14,800,DEL-001693,Delayed
FAC-0044,RIF_INH,2023-04-01,2023-04-05,4,800,DEL-001694,Delayed
FAC-0044,RIF_INH,2023-05-01,2023-06-28,58,800,DEL-001695,Delayed
FAC-0044,RIF_INH,2023-05-31,2023-07-05,35,800,DEL-001696,Delayed
FAC-0044,RIF_INH,2023-06-30,2023-07-10,10,800,DEL-001697,Delayed
FAC-0044,RIF_INH,2023-07-30,2023-08-05,6,800,DEL-001698,Delayed
FAC-0044,RIF_INH,2023-08-29,2023-09-02,4,800,DEL-001699,Delayed
FAC-0044,RIF_INH,2023-09-28,2023-10-05,7,800,DEL-001700,Delayed
FAC-0044,RIF_INH,2023-10-28,2023-10-30,2,800,DEL-001701,On-Time
FAC-0044,RIF_INH,2023-11-27,2023-12-01,4,800,DEL-001702,Delayed
FAC-0044,RIF_INH,2023-12-27,2023-12-27,0,800,DEL-001703,On-Time
FAC-0044,EPINEPHRINE,2023-01-01,2023-01-29,28,10,DEL-001704,Delayed
FAC-0044,EPINEPHRINE,2023-01-31,2023-02-01,1,10,DEL-001705,On-Time
FAC-0044,EPINEPHRINE,2023-03-02,2023-03-02,0,10,DEL-001706,On-Time
FAC-0044,EPINEPHRINE,2023-04-01,2023-04-29,28,10,DEL-001707,Delayed
FAC-0044,EPINEPHRINE,2023-05-01,2023-05-12,11,10,DEL-001708,Delayed
FAC-0044,EPINEPHRINE,2023-05-31,2023-06-18,18,10,DEL-001709,Delayed
FAC-0044,EPINEPHRINE,2023-06-30,2023-07-25,25,10,DEL-001710,Delayed
FAC-0044,EPINEPHRINE,2023-07-30,2023-08-09,10,10,DEL-001711,Delayed
FAC-0044,EPINEPHRINE,2023-08-29,2023-09-17,19,10,DEL-001712,Delayed
FAC-0044,EPINEPHRINE,2023-09-28,2023-10-08,10,10,DEL-001713,Delayed
FAC-0044,EPINEPHRINE,2023-10-28,2023-12-22,55,10,DEL-001714,Delayed
FAC-0044,EPINEPHRINE,2023-11-27,2023-12-21,24,10,DEL-001715,Delayed
FAC-0044,EPINEPHRINE,2023-12-27,2024-01-01,5,10,DEL-001716,Delayed
FAC-0045,PARACETAMOL,2023-01-01,2023-01-06,5,5000,DEL-001717,Delayed
FAC-0045,PARACETAMOL,2023-01-31,2023-02-01,1,5000,DEL-001718,On-Time
FAC-0045,PARACETAMOL,2023-03-02,2023-03-11,9,5000,DEL-001719,Delayed
FAC-0045,PARACETAMOL,2023-04-01,2023-04-03,2,5000,DEL-001720,On-Time
FAC-0045,PARACETAMOL,2023-05-01,2023-05-06,5,5000,DEL-001721,Delayed
FAC-0045,PARACETAMOL,2023-05-31,2023-06-05,5,5000,DEL-001722,Delayed
FAC-0045,PARACETAMOL,2023-06-30,2023-07-06,6,5000,DEL-001723,Delayed
FAC-0045,PARACETAMOL,2023-07-30,2023-08-01,2,5000,DEL-001724,On-Time
FAC-0045,PARACETAMOL,2023-08-29,2023-09-03,5,5000,DEL-001725,Delayed
FAC-0045,PARACETAMOL,2023-09-28,2023-10-12,14,5000,DEL-001726,Delayed
FAC-0045,PARACETAMOL,2023-10-28,2023-10-30,2,5000,DEL-001727,On-Time
FAC-0045,PARACETAMOL,2023-11-27,2023-11-30,3,5000,DEL-001728,On-Time
FAC-0045,PARACETAMOL,2023-12-27,2024-01-05,9,5000,DEL-001729,Delayed
FAC-0045,RIF_INH,2023-01-01,2023-01-02,1,800,DEL-001730,On-Time
FAC-0045,RIF_INH,2023-01-31,2023-02-22,22,800,DEL-001731,Delayed
FAC-0045,RIF_INH,2023-03-02,2023-03-12,10,800,DEL-001732,Delayed
FAC-0045,RIF_INH,2023-04-01,2023-04-11,10,800,DEL-001733,Delayed
FAC-0045,RIF_INH,2023-05-01,2023-05-10,9,800,DEL-001734,Delayed
FAC-0045,RIF_INH,2023-05-31,2023-06-02,2,800,DEL-001735,On-Time
FAC-0045,RIF_INH,2023-06-30,2023-07-04,4,800,DEL-001736,Delayed
FAC-0045,RIF_INH,2023-07-30,2023-08-04,5,800,DEL-001737,Delayed
FAC-0045,RIF_INH,2023-08-29,2023-09-03,5,800,DEL-001738,Delayed
FAC-0045,RIF_INH,2023-09-28,2023-10-08,10,800,DEL-001739,Delayed
FAC-0045,RIF_INH,2023-10-28,2023-10-30,2,800,DEL-001740,On-Time
FAC-0045,RIF_INH,2023-11-27,2023-12-01,4,800,DEL-001741,Delayed
FAC-0045,RIF_INH,2023-12-27,2024-01-22,26,800,DEL-001742,Delayed
FAC-0045,EPINEPHRINE,2023-01-01,2023-01-22,21,10,DEL-001743,Delayed
FAC-0045,EPINEPHRINE,2023-01-31,2023-02-02,2,10,DEL-001744,On-Time
FAC-0045,EPINEPHRINE,2023-03-02,2023-03-10,8,10,DEL-001745,Delayed
FAC-0045,EPINEPHRINE,2023-04-01,2023-04-02,1,10,DEL-001746,On-Time
FAC-0045,EPINEPHRINE,2023-05-01,2023-05-04,3,10,DEL-001747,On-Time
FAC-0045,EPINEPHRINE,2023-05-31,2023-06-02,2,10,DEL-001748,On-Time
FAC-0045,EPINEPHRINE,2023-06-30,2023-07-08,8,10,DEL-001749,Delayed
FAC-0045,EPINEPHRINE,2023-07-30,2023-08-18,19,10,DEL-001750,Delayed
FAC-0045,EPINEPHRINE,2023-08-29,2023-09-02,4,10,DEL-001751,Delayed
FAC-0045,EPINEPHRINE,2023-09-28,2023-10-20,22,10,DEL-001752,Delayed
FAC-0045,EPINEPHRINE,2023-10-28,2023-11-13,16,10,DEL-001753,Delayed
FAC-0045,EPINEPHRINE,2023-11-27,2023-12-02,5,10,DEL-001754,Delayed
FAC-0045,EPINEPHRINE,2023-12-27,2024-01-04,8,10,DEL-001755,Delayed
FAC-0046,PARACETAMOL,2023-01-01,2023-01-05,4,5000,DEL-001756,Delayed
FAC-0046,PARACETAMOL,2023-01-31,2023-02-07,7,5000,DEL-001757,Delayed
FAC-0046,PARACETAMOL,2023-03-02,2023-03-05,3,5000,DEL-001758,On-Time
FAC-0046,PARACETAMOL,2023-04-01,2023-04-04,3,5000,DEL-001759,On-Time
FAC-0046,PARACETAMOL,2023-05-01,2023-05-04,3,5000,DEL-001760,On-Time
FAC-0046,PARACETAMOL,2023-05-31,2023-06-03,3,5000,DEL-001761,On-Time
FAC-0046,PARACETAMOL,2023-06-30,2023-07-01,1,5000,DEL-001762,On-Time
FAC-0046,PARACETAMOL,2023-07-30,2023-07-30,0,5000,DEL-001763,On-Time
FAC-0046,PARACETAMOL,2023-08-29,2023-08-31,2,5000,DEL-001764,On-Time
FAC-0046,PARACETAMOL,2023-09-28,2023-09-29,1,5000,DEL-001765,On-Time
FAC-0046,PARACETAMOL,2023-10-28,2023-11-22,25,5000,DEL-001766,Delayed
FAC-0046,PARACETAMOL,2023-11-27,2023-11-30,3,5000,DEL-001767,On-Time
FAC-0046,PARACETAMOL,2023-12-27,2023-12-30,3,5000,DEL-001768,On-Time
FAC-0046,RIF_INH,2023-01-01,2023-01-05,4,800,DEL-001769,Delayed
FAC-0046,RIF_INH,2023-01-31,2023-02-05,5,800,DEL-001770,Delayed
FAC-0046,RIF_INH,2023-03-02,2023-03-02,0,800,DEL-001771,On-Time
FAC-0046,RIF_INH,2023-04-01,2023-04-03,2,800,DEL-001772,On-Time
FAC-0046,RIF_INH,2023-05-01,2023-05-01,0,800,DEL-001773,On-Time
FAC-0046,RIF_INH,2023-05-31,2023-05-31,0,800,DEL-001774,On-Time
FAC-0046,RIF_INH,2023-06-30,2023-07-03,3,800,DEL-001775,On-Time
FAC-0046,RIF_INH,2023-07-30,2023-08-15,16,800,DEL-001776,Delayed
FAC-0046,RIF_INH,2023-08-29,2023-08-31,2,800,DEL-001777,On-Time
FAC-0046,RIF_INH,2023-09-28,2023-09-28,0,800,DEL-001778,On-Time
FAC-0046,RIF_INH,2023-10-28,2023-10-29,1,800,DEL-001779,On-Time
FAC-0046,RIF_INH,2023-11-27,2023-11-27,0,800,DEL-001780,On-Time
FAC-0046,RIF_INH,2023-12-27,2024-01-01,5,800,DEL-001781,Delayed
FAC-0046,EPINEPHRINE,2023-01-01,2023-01-02,1,10,DEL-001782,On-Time
FAC-0046,EPINEPHRINE,2023-01-31,2023-02-04,4,10,DEL-001783,Delayed
FAC-0046,EPINEPHRINE,2023-03-02,2023-03-04,2,10,DEL-001784,On-Time
FAC-0046,EPINEPHRINE,2023-04-01,2023-04-05,4,10,DEL-001785,Delayed
FAC-0046,EPINEPHRINE,2023-05-01,2023-05-05,4,10,DEL-001786,Delayed
FAC-0046,EPINEPHRINE,2023-05-31,2023-06-09,9,10,DEL-001787,Delayed
FAC-0046,EPINEPHRINE,2023-06-30,2023-07-01,1,10,DEL-001788,On-Time
FAC-0046,EPINEPHRINE,2023-07-30,2023-07-31,1,10,DEL-001789,On-Time
FAC-0046,EPINEPHRINE,2023-08-29,2023-08-31,2,10,DEL-001790,On-Time
FAC-0046,EPINEPHRINE,2023-09-28,2023-10-01,3,10,DEL-001791,On-Time
FAC-0046,EPINEPHRINE,2023-10-28,2023-10-28,0,10,DEL-001792,On-Time
FAC-0046,EPINEPHRINE,2023-11-27,2023-11-30,3,10,DEL-001793,On-Time
FAC-0046,EPINEPHRINE,2023-12-27,2024-01-01,5,10,DEL-001794,Delayed
FAC-0047,PARACETAMOL,2023-01-01,2023-01-06,5,5000,DEL-001795,Delayed
FAC-0047,PARACETAMOL,2023-01-31,2023-03-08,36,5000,DEL-001796,Delayed
FAC-0047,PARACETAMOL,2023-03-02,2023-03-31,29,5000,DEL-001797,Delayed
FAC-0047,PARACETAMOL,2023-04-01,2023-04-28,27,5000,DEL-001798,Delayed
FAC-0047,PARACETAMOL,2023-05-01,2023-05-24,23,5000,DEL-001799,Delayed
FAC-0047,PARACETAMOL,2023-05-31,2023-06-17,17,5000,DEL-001800,Delayed
FAC-0047,PARACETAMOL,2023-06-30,2023-07-11,11,5000,DEL-001801,Delayed
FAC-0047,PARACETAMOL,2023-07-30,2023-08-17,18,5000,DEL-001802,Delayed
FAC-0047,PARACETAMOL,2023-08-29,2023-09-30,32,5000,DEL-001803,Delayed
FAC-0047,PARACETAMOL,2023-09-28,2023-10-07,9,5000,DEL-001804,Delayed
FAC-0047,PARACETAMOL,2023-10-28,2023-10-31,3,5000,DEL-001805,On-Time
FAC-0047,PARACETAMOL,2023-11-27,2024-01-18,52,5000,DEL-001806,Delayed
FAC-0047,PARACETAMOL,2023-12-27,2024-02-08,43,5000,DEL-001807,Delayed
FAC-0047,RIF_INH,2023-01-01,2023-01-08,7,800,DEL-001808,Delayed
FAC-0047,RIF_INH,2023-01-31,2023-02-08,8,800,DEL-001809,Delayed
FAC-0047,RIF_INH,2023-03-02,2023-03-28,26,800,DEL-001810,Delayed
FAC-0047,RIF_INH,2023-04-01,2023-04-10,9,800,DEL-001811,Delayed
FAC-0047,RIF_INH,2023-05-01,2023-05-11,10,800,DEL-001812,Delayed
FAC-0047,RIF_INH,2023-05-31,2023-06-13,13,800,DEL-001813,Delayed
FAC-0047,RIF_INH,2023-06-30,2023-07-04,4,800,DEL-001814,Delayed
FAC-0047,RIF_INH,2023-07-30,2023-08-12,13,800,DEL-001815,Delayed
FAC-0047,RIF_INH,2023-08-29,2023-09-02,4,800,DEL-001816,Delayed
FAC-0047,RIF_INH,2023-09-28,2023-10-05,7,800,DEL-001817,Delayed
FAC-0047,RIF_INH,2023-10-28,2023-11-02,5,800,DEL-001818,Delayed
FAC-0047,RIF_INH,2023-11-27,2023-11-28,1,800,DEL-001819,On-Time
FAC-0047,RIF_INH,2023-12-27,2024-01-31,35,800,DEL-001820,Delayed
FAC-0047,EPINEPHRINE,2023-01-01,2023-01-07,6,10,DEL-001821,Delayed
FAC-0047,EPINEPHRINE,2023-01-31,2023-02-06,6,10,DEL-001822,Delayed
FAC-0047,EPINEPHRINE,2023-03-02,2023-06-21,111,10,DEL-001823,Delayed
FAC-0047,EPINEPHRINE,2023-04-01,2023-04-16,15,10,DEL-001824,Delayed
FAC-0047,EPINEPHRINE,2023-05-01,2023-05-01,0,10,DEL-001825,On-Time
FAC-0047,EPINEPHRINE,2023-05-31,2023-06-09,9,10,DEL-001826,Delayed
FAC-0047,EPINEPHRINE,2023-06-30,2023-07-07,7,10,DEL-001827,Delayed
FAC-0047,EPINEPHRINE,2023-07-30,2023-08-10,11,10,DEL-001828,Delayed
FAC-0047,EPINEPHRINE,2023-08-29,2023-09-01,3,10,DEL-001829,On-Time
FAC-0047,EPINEPHRINE,2023-09-28,2023-10-01,3,10,DEL-001830,On-Time
FAC-0047,EPINEPHRINE,2023-10-28,2023-10-29,1,10,DEL-001831,On-Time
FAC-0047,EPINEPHRINE,2023-11-27,2023-12-18,21,10,DEL-001832,Delayed
FAC-0047,EPINEPHRINE,2023-12-27,2023-12-27,0,10,DEL-001833,On-Time
FAC-0048,PARACETAMOL,2023-01-01,2023-01-25,24,5000,DEL-001834,Delayed
FAC-0048,PARACETAMOL,2023-01-31,2023-02-02,2,5000,DEL-001835,On-Time
FAC-0048,PARACETAMOL,2023-03-02,2023-03-25,23,5000,DEL-001836,Delayed
FAC-0048,PARACETAMOL,2023-04-01,2023-04-21,20,5000,DEL-001837,Delayed
FAC-0048,PARACETAMOL,2023-05-01,2023-05-18,17,5000,DEL-001838,Delayed
FAC-0048,PARACETAMOL,2023-05-31,2023-05-31,0,5000,DEL-001839,On-Time
FAC-0048,PARACETAMOL,2023-06-30,2023-07-07,7,5000,DEL-001840,Delayed
FAC-0048,PARACETAMOL,2023-07-30,2023-08-16,17,5000,DEL-001841,Delayed
FAC-0048,PARACETAMOL,2023-08-29,2023-08-29,0,5000,DEL-001842,On-Time
FAC-0048,PARACETAMOL,2023-09-28,2023-10-04,6,5000,DEL-001843,Delayed
FAC-0048,PARACETAMOL,2023-10-28,2023-11-05,8,5000,DEL-001844,Delayed
FAC-0048,PARACETAMOL,2023-11-27,2023-12-30,33,5000,DEL-001845,Delayed
FAC-0048,PARACETAMOL,2023-12-27,2023-12-31,4,5000,DEL-001846,Delayed
FAC-0048,RIF_INH,2023-01-01,2023-01-04,3,800,DEL-001847,On-Time
FAC-0048,RIF_INH,2023-01-31,2023-03-26,54,800,DEL-001848,Delayed
FAC-0048,RIF_INH,2023-03-02,2023-03-09,7,800,DEL-001849,Delayed
FAC-0048,RIF_INH,2023-04-01,2023-04-08,7,800,DEL-001850,Delayed
FAC-0048,RIF_INH,2023-05-01,2023-05-24,23,800,DEL-001851,Delayed
FAC-0048,RIF_INH,2023-05-31,2023-06-19,19,800,DEL-001852,Delayed
FAC-0048,RIF_INH,2023-06-30,2023-07-09,9,800,DEL-001853,Delayed
FAC-0048,RIF_INH,2023-07-30,2023-08-14,15,800,DEL-001854,Delayed
FAC-0048,RIF_INH,2023-08-29,2023-09-04,6,800,DEL-001855,Delayed
FAC-0048,RIF_INH,2023-09-28,2023-10-17,19,800,DEL-001856,Delayed
FAC-0048,RIF_INH,2023-10-28,2023-10-30,2,800,DEL-001857,On-Time
FAC-0048,RIF_INH,2023-11-27,2023-11-29,2,800,DEL-001858,On-Time
FAC-0048,RIF_INH,2023-12-27,2024-01-03,7,800,DEL-001859,Delayed
FAC-0048,EPINEPHRINE,2023-01-01,2023-01-01,0,10,DEL-001860,On-Time
FAC-0048,EPINEPHRINE,2023-01-31,2023-02-04,4,10,DEL-001861,Delayed
FAC-0048,EPINEPHRINE,2023-03-02,2023-03-13,11,10,DEL-001862,Delayed
FAC-0048,EPINEPHRINE,2023-04-01,2023-04-07,6,10,DEL-001863,Delayed
FAC-0048,EPINEPHRINE,2023-05-01,2023-05-03,2,10,DEL-001864,On-Time
FAC-0048,EPINEPHRINE,2023-05-31,2023-09-07,99,10,DEL-001865,Delayed
FAC-0048,EPINEPHRINE,2023-06-30,2023-07-31,31,10,DEL-001866,Delayed
FAC-0048,EPINEPHRINE,2023-07-30,2023-08-03,4,10,DEL-001867,Delayed
FAC-0048,EPINEPHRINE,2023-08-29,2023-09-27,29,10,DEL-001868,Delayed
FAC-0048,EPINEPHRINE,2023-09-28,2023-11-08,41,10,DEL-001869,Delayed
FAC-0048,EPINEPHRINE,2023-10-28,2023-11-19,22,10,DEL-001870,Delayed
FAC-0048,EPINEPHRINE,2023-11-27,2023-11-27,0,10,DEL-001871,On-Time
FAC-0048,EPINEPHRINE,2023-12-27,2024-01-09,13,10,DEL-001872,Delayed
FAC-0049,PARACETAMOL,2023-01-01,2023-01-07,6,5000,DEL-001873,Delayed
FAC-0049,PARACETAMOL,2023-01-31,2023-02-06,6,5000,DEL-001874,Delayed
FAC-0049,PARACETAMOL,2023-03-02,2023-03-03,1,5000,DEL-001875,On-Time
FAC-0049,PARACETAMOL,2023-04-01,2023-04-12,11,5000,DEL-001876,Delayed
FAC-0049,PARACETAMOL,2023-05-01,2023-05-20,19,5000,DEL-001877,Delayed
FAC-0049,PARACETAMOL,2023-05-31,2023-05-31,0,5000,DEL-001878,On-Time
FAC-0049,PARACETAMOL,2023-06-30,2023-07-02,2,5000,DEL-001879,On-Time
FAC-0049,PARACETAMOL,2023-07-30,2023-07-30,0,5000,DEL-001880,On-Time
FAC-0049,PARACETAMOL,2023-08-29,2023-09-13,15,5000,DEL-001881,Delayed
FAC-0049,PARACETAMOL,2023-09-28,2023-11-10,43,5000,DEL-001882,Delayed
FAC-0049,PARACETAMOL,2023-10-28,2023-10-28,0,5000,DEL-001883,On-Time
FAC-0049,PARACETAMOL,2023-11-27,2023-12-17,20,5000,DEL-001884,Delayed
FAC-0049,PARACETAMOL,2023-12-27,2024-01-01,5,5000,DEL-001885,Delayed
FAC-0049,RIF_INH,2023-01-01,2023-01-27,26,800,DEL-001886,Delayed
FAC-0049,RIF_INH,2023-01-31,2023-03-06,34,800,DEL-001887,Delayed
FAC-0049,RIF_INH,2023-03-02,2023-03-16,14,800,DEL-001888,Delayed
FAC-0049,RIF_INH,2023-04-01,2023-04-02,1,800,DEL-001889,On-Time
FAC-0049,RIF_INH,2023-05-01,2023-05-08,7,800,DEL-001890,Delayed
FAC-0049,RIF_INH,2023-05-31,2023-06-01,1,800,DEL-001891,On-Time
FAC-0049,RIF_INH,2023-06-30,2023-08-11,42,800,DEL-001892,Delayed
FAC-0049,RIF_INH,2023-07-30,2023-08-04,5,800,DEL-001893,Delayed
FAC-0049,RIF_INH,2023-08-29,2023-08-31,2,800,DEL-001894,On-Time
FAC-0049,RIF_INH,2023-09-28,2023-10-01,3,800,DEL-001895,On-Time
FAC-0049,RIF_INH,2023-10-28,2023-11-27,30,800,DEL-001896,Delayed
FAC-0049,RIF_INH,2023-11-27,2023-11-28,1,800,DEL-001897,On-Time
FAC-0049,RIF_INH,2023-12-27,2024-01-07,11,800,DEL-001898,Delayed
FAC-0049,EPINEPHRINE,2023-01-01,2023-01-21,20,10,DEL-001899,Delayed
FAC-0049,EPINEPHRINE,2023-01-31,2023-02-04,4,10,DEL-001900,Delayed
FAC-0049,EPINEPHRINE,2023-03-02,2023-03-11,9,10,DEL-001901,Delayed
FAC-0049,EPINEPHRINE,2023-04-01,2023-04-08,7,10,DEL-001902,Delayed
FAC-0049,EPINEPHRINE,2023-05-01,2023-05-06,5,10,DEL-001903,Delayed
FAC-0049,EPINEPHRINE,2023-05-31,2023-06-04,4,10,DEL-001904,Delayed
FAC-0049,EPINEPHRINE,2023-06-30,2023-06-30,0,10,DEL-001905,On-Time
FAC-0049,EPINEPHRINE,2023-07-30,2023-08-02,3,10,DEL-001906,On-Time
FAC-0049,EPINEPHRINE,2023-08-29,2023-08-30,1,10,DEL-001907,On-Time
FAC-0049,EPINEPHRINE,2023-09-28,2023-10-03,5,10,DEL-001908,Delayed
FAC-0049,EPINEPHRINE,2023-10-28,2023-11-09,12,10,DEL-001909,Delayed
FAC-0049,EPINEPHRINE,2023-11-27,2023-11-29,2,10,DEL-001910,On-Time
FAC-0049,EPINEPHRINE,2023-12-27,2023-12-29,2,10,DEL-001911,On-Time
FAC-0050,PARACETAMOL,2023-01-01,2023-01-06,5,5000,DEL-001912,Delayed
FAC-0050,PARACETAMOL,2023-01-31,2023-02-22,22,5000,DEL-001913,Delayed
FAC-0050,PARACETAMOL,2023-03-02,2023-03-30,28,5000,DEL-001914,Delayed
FAC-0050,PARACETAMOL,2023-04-01,2023-04-03,2,5000,DEL-001915,On-Time
FAC-0050,PARACETAMOL,2023-05-01,2023-06-03,33,5000,DEL-001916,Delayed
FAC-0050,PARACETAMOL,2023-05-31,2023-06-22,22,5000,DEL-001917,Delayed
FAC-0050,PARACETAMOL,2023-06-30,2023-07-01,1,5000,DEL-001918,On-Time
FAC-0050,PARACETAMOL,2023-07-30,2023-08-15,16,5000,DEL-001919,Delayed
FAC-0050,PARACETAMOL,2023-08-29,2023-09-10,12,5000,DEL-001920,Delayed
FAC-0050,PARACETAMOL,2023-09-28,2023-10-08,10,5000,DEL-001921,Delayed
FAC-0050,PARACETAMOL,2023-10-28,2023-10-29,1,5000,DEL-001922,On-Time
FAC-0050,PARACETAMOL,2023-11-27,2023-12-12,15,5000,DEL-001923,Delayed
FAC-0050,PARACETAMOL,2023-12-27,2024-01-07,11,5000,DEL-001924,Delayed
FAC-0050,RIF_INH,2023-01-01,2023-01-05,4,800,DEL-001925,Delayed
FAC-0050,RIF_INH,2023-01-31,2023-02-08,8,800,DEL-001926,Delayed
FAC-0050,RIF_INH,2023-03-02,2023-03-23,21,800,DEL-001927,Delayed
FAC-0050,RIF_INH,2023-04-01,2023-04-01,0,800,DEL-001928,On-Time
FAC-0050,RIF_INH,2023-05-01,2023-05-08,7,800,DEL-001929,Delayed
FAC-0050,RIF_INH,2023-05-31,2023-06-26,26,800,DEL-001930,Delayed
FAC-0050,RIF_INH,2023-06-30,2023-07-08,8,800,DEL-001931,Delayed
FAC-0050,RIF_INH,2023-07-30,2023-08-27,28,800,DEL-001932,Delayed
FAC-0050,RIF_INH,2023-08-29,2023-08-31,2,800,DEL-001933,On-Time
FAC-0050,RIF_INH,2023-09-28,2023-10-19,21,800,DEL-001934,Delayed
FAC-0050,RIF_INH,2023-10-28,2023-12-07,40,800,DEL-001935,Delayed
FAC-0050,RIF_INH,2023-11-27,2023-11-29,2,800,DEL-001936,On-Time
FAC-0050,RIF_INH,2023-12-27,2024-01-21,25,800,DEL-001937,Delayed
FAC-0050,EPINEPHRINE,2023-01-01,2023-01-05,4,10,DEL-001938,Delayed
FAC-0050,EPINEPHRINE,2023-01-31,2023-02-01,1,10,DEL-001939,On-Time
FAC-0050,EPINEPHRINE,2023-03-02,2023-03-03,1,10,DEL-001940,On-Time
FAC-0050,EPINEPHRINE,2023-04-01,2023-04-08,7,10,DEL-001941,Delayed
FAC-0050,EPINEPHRINE,2023-05-01,2023-05-01,0,10,DEL-001942,On-Time
FAC-0050,EPINEPHRINE,2023-05-31,2023-06-04,4,10,DEL-001943,Delayed
FAC-0050,EPINEPHRINE,2023-06-30,2023-07-07,7,10,DEL-001944,Delayed
FAC-0050,EPINEPHRINE,2023-07-30,2023-08-07,8,10,DEL-001945,Delayed
FAC-0050,EPINEPHRINE,2023-08-29,2023-09-01,3,10,DEL-001946,On-Time
FAC-0050,EPINEPHRINE,2023-09-28,2023-10-03,5,10,DEL-001947,Delayed
FAC-0050,EPINEPHRINE,2023-10-28,2023-10-30,2,10,DEL-001948,On-Time
FAC-0050,EPINEPHRINE,2023-11-27,2023-12-01,4,10,DEL-001949,Delayed
FAC-0050,EPINEPHRINE,2023-12-27,2024-01-13,17,10,DEL-001950,Delayed
FAC-0051,PARACETAMOL,2023-01-01,2023-01-07,6,5000,DEL-001951,Delayed
FAC-0051,PARACETAMOL,2023-01-31,2023-02-17,17,5000,DEL-001952,Delayed
FAC-0051,PARACETAMOL,2023-03-02,2023-03-05,3,5000,DEL-001953,On-Time
FAC-0051,PARACETAMOL,2023-04-01,2023-04-01,0,5000,DEL-001954,On-Time
FAC-0051,PARACETAMOL,2023-05-01,2023-05-10,9,5000,DEL-001955,Delayed
FAC-0051,PARACETAMOL,2023-05-31,2023-06-16,16,5000,DEL-001956,Delayed
FAC-0051,PARACETAMOL,2023-06-30,2023-07-01,1,5000,DEL-001957,On-Time
FAC-0051,PARACETAMOL,2023-07-30,2023-08-13,14,5000,DEL-001958,Delayed
FAC-0051,PARACETAMOL,2023-08-29,2023-08-30,1,5000,DEL-001959,On-Time
FAC-0051,PARACETAMOL,2023-09-28,2023-10-02,4,5000,DEL-001960,Delayed
FAC-0051,PARACETAMOL,2023-10-28,2023-11-07,10,5000,DEL-001961,Delayed
FAC-0051,PARACETAMOL,2023-11-27,2023-11-28,1,5000,DEL-001962,On-Time
FAC-0051,PARACETAMOL,2023-12-27,2024-01-08,12,5000,DEL-001963,Delayed
FAC-0051,RIF_INH,2023-01-01,2023-01-10,9,800,DEL-001964,Delayed
FAC-0051,RIF_INH,2023-01-31,2023-02-13,13,800,DEL-001965,Delayed
FAC-0051,RIF_INH,2023-03-02,2023-03-03,1,800,DEL-001966,On-Time
FAC-0051,RIF_INH,2023-04-01,2023-04-04,3,800,DEL-001967,On-Time
FAC-0051,RIF_INH,2023-05-01,2023-05-22,21,800,DEL-001968,Delayed
FAC-0051,RIF_INH,2023-05-31,2023-05-31,0,800,DEL-001969,On-Time
FAC-0051,RIF_INH,2023-06-30,2023-07-22,22,800,DEL-001970,Delayed
FAC-0051,RIF_INH,2023-07-30,2023-08-15,16,800,DEL-001971,Delayed
FAC-0051,RIF_INH,2023-08-29,2023-08-30,1,800,DEL-001972,On-Time
FAC-0051,RIF_INH,2023-09-28,2023-09-30,2,800,DEL-001973,On-Time
FAC-0051,RIF_INH,2023-10-28,2023-11-16,19,800,DEL-001974,Delayed
FAC-0051,RIF_INH,2023-11-27,2023-12-05,8,800,DEL-001975,Delayed
FAC-0051,RIF_INH,2023-12-27,2024-01-03,7,800,DEL-001976,Delayed
FAC-0051,EPINEPHRINE,2023-01-01,2023-01-05,4,10,DEL-001977,Delayed
FAC-0051,EPINEPHRINE,2023-01-31,2023-02-07,7,10,DEL-001978,Delayed
FAC-0051,EPINEPHRINE,2023-03-02,2023-03-07,5,10,DEL-001979,Delayed
FAC-0051,EPINEPHRINE,2023-04-01,2023-04-07,6,10,DEL-001980,Delayed
FAC-0051,EPINEPHRINE,2023-05-01,2023-05-23,22,10,DEL-001981,Delayed
FAC-0051,EPINEPHRINE,2023-05-31,2023-05-31,0,10,DEL-001982,On-Time
FAC-0051,EPINEPHRINE,2023-06-30,2023-07-28,28,10,DEL-001983,Delayed
FAC-0051,EPINEPHRINE,2023-07-30,2023-08-03,4,10,DEL-001984,Delayed
FAC-0051,EPINEPHRINE,2023-08-29,2023-09-02,4,10,DEL-001985,Delayed
FAC-0051,EPINEPHRINE,2023-09-28,2023-10-12,14,10,DEL-001986,Delayed
FAC-0051,EPINEPHRINE,2023-10-28,2023-11-22,25,10,DEL-001987,Delayed
FAC-0051,EPINEPHRINE,2023-11-27,2023-12-07,10,10,DEL-001988,Delayed
FAC-0051,EPINEPHRINE,2023-12-27,2023-12-30,3,10,DEL-001989,On-Time
FAC-0052,PARACETAMOL,2023-01-01,2023-01-02,1,5000,DEL-001990,On-Time
FAC-0052,PARACETAMOL,2023-01-31,2023-02-06,6,5000,DEL-001991,Delayed
FAC-0052,PARACETAMOL,2023-03-02,2023-03-02,0,5000,DEL-001992,On-Time
FAC-0052,PARACETAMOL,2023-04-01,2023-04-23,22,5000,DEL-001993,Delayed
FAC-0052,PARACETAMOL,2023-05-01,2023-05-05,4,5000,DEL-001994,Delayed
FAC-0052,PARACETAMOL,2023-05-31,2023-06-15,15,5000,DEL-001995,Delayed
FAC-0052,PARACETAMOL,2023-06-30,2023-07-19,19,5000,DEL-001996,Delayed
FAC-0052,PARACETAMOL,2023-07-30,2023-08-09,10,5000,DEL-001997,Delayed
FAC-0052,PARACETAMOL,2023-08-29,2023-09-13,15,5000,DEL-001998,Delayed
FAC-0052,PARACETAMOL,2023-09-28,2023-10-07,9,5000,DEL-001999,Delayed
FAC-0052,PARACETAMOL,2023-10-28,2023-11-01,4,5000,DEL-002000,Delayed
FAC-0052,PARACETAMOL,2023-11-27,2023-12-11,14,5000,DEL-002001,Delayed
FAC-0052,PARACETAMOL,2023-12-27,2024-01-09,13,5000,DEL-002002,Delayed
FAC-0052,RIF_INH,2023-01-01,2023-01-02,1,800,DEL-002003,On-Time
FAC-0052,RIF_INH,2023-01-31,2023-02-16,16,800,DEL-002004,Delayed
FAC-0052,RIF_INH,2023-03-02,2023-03-07,5,800,DEL-002005,Delayed
FAC-0052,RIF_INH,2023-04-01,2023-05-02,31,800,DEL-002006,Delayed
FAC-0052,RIF_INH,2023-05-01,2023-05-22,21,800,DEL-002007,Delayed
FAC-0052,RIF_INH,2023-05-31,2023-06-08,8,800,DEL-002008,Delayed
FAC-0052,RIF_INH,2023-06-30,2023-07-10,10,800,DEL-002009,Delayed
FAC-0052,RIF_INH,2023-07-30,2023-07-31,1,800,DEL-002010,On-Time
FAC-0052,RIF_INH,2023-08-29,2023-09-05,7,800,DEL-002011,Delayed
FAC-0052,RIF_INH,2023-09-28,2023-10-04,6,800,DEL-002012,Delayed
FAC-0052,RIF_INH,2023-10-28,2023-11-02,5,800,DEL-002013,Delayed
FAC-0052,RIF_INH,2023-11-27,2023-12-04,7,800,DEL-002014,Delayed
FAC-0052,RIF_INH,2023-12-27,2024-02-13,48,800,DEL-002015,Delayed
FAC-0052,EPINEPHRINE,2023-01-01,2023-01-02,1,10,DEL-002016,On-Time
FAC-0052,EPINEPHRINE,2023-01-31,2023-02-01,1,10,DEL-002017,On-Time
FAC-0052,EPINEPHRINE,2023-03-02,2023-03-09,7,10,DEL-002018,Delayed
FAC-0052,EPINEPHRINE,2023-04-01,2023-04-05,4,10,DEL-002019,Delayed
FAC-0052,EPINEPHRINE,2023-05-01,2023-05-13,12,10,DEL-002020,Delayed
FAC-0052,EPINEPHRINE,2023-05-31,2023-06-03,3,10,DEL-002021,On-Time
FAC-0052,EPINEPHRINE,2023-06-30,2023-07-22,22,10,DEL-002022,Delayed
FAC-0052,EPINEPHRINE,2023-07-30,2023-08-18,19,10,DEL-002023,Delayed
FAC-0052,EPINEPHRINE,2023-08-29,2023-08-31,2,10,DEL-002024,On-Time
FAC-0052,EPINEPHRINE,2023-09-28,2023-09-29,1,10,DEL-002025,On-Time
FAC-0052,EPINEPHRINE,2023-10-28,2023-11-10,13,10,DEL-002026,Delayed
FAC-0052,EPINEPHRINE,2023-11-27,2023-11-27,0,10,DEL-002027,On-Time
FAC-0052,EPINEPHRINE,2023-12-27,2023-12-30,3,10,DEL-002028,On-Time
FAC-0053,PARACETAMOL,2023-01-01,2023-01-13,12,5000,DEL-002029,Delayed
FAC-0053,PARACETAMOL,2023-01-31,2023-01-31,0,5000,DEL-002030,On-Time
FAC-0053,PARACETAMOL,2023-03-02,2023-03-07,5,5000,DEL-002031,Delayed
FAC-0053,PARACETAMOL,2023-04-01,2023-04-04,3,5000,DEL-002032,On-Time
FAC-0053,PARACETAMOL,2023-05-01,2023-05-22,21,5000,DEL-002033,Delayed
FAC-0053,PARACETAMOL,2023-05-31,2023-06-02,2,5000,DEL-002034,On-Time
FAC-0053,PARACETAMOL,2023-06-30,2023-07-10,10,5000,DEL-002035,Delayed
FAC-0053,PARACETAMOL,2023-07-30,2023-08-14,15,5000,DEL-002036,Delayed
FAC-0053,PARACETAMOL,2023-08-29,2023-08-30,1,5000,DEL-002037,On-Time
FAC-0053,PARACETAMOL,2023-09-28,2023-10-02,4,5000,DEL-002038,Delayed
FAC-0053,PARACETAMOL,2023-10-28,2023-11-01,4,5000,DEL-002039,Delayed
FAC-0053,PARACETAMOL,2023-11-27,2023-12-01,4,5000,DEL-002040,Delayed
FAC-0053,PARACETAMOL,2023-12-27,2024-01-07,11,5000,DEL-002041,Delayed
FAC-0053,RIF_INH,2023-01-01,2023-01-01,0,800,DEL-002042,On-Time
FAC-0053,RIF_INH,2023-01-31,2023-02-01,1,800,DEL-002043,On-Time
FAC-0053,RIF_INH,2023-03-02,2023-03-03,1,800,DEL-002044,On-Time
FAC-0053,RIF_INH,2023-04-01,2023-04-01,0,800,DEL-002045,On-Time
FAC-0053,RIF_INH,2023-05-01,2023-05-02,1,800,DEL-002046,On-Time
FAC-0053,RIF_INH,2023-05-31,2023-06-02,2,800,DEL-002047,On-Time
FAC-0053,RIF_INH,2023-06-30,2023-07-02,2,800,DEL-002048,On-Time
FAC-0053,RIF_INH,2023-07-30,2023-07-30,0,800,DEL-002049,On-Time
FAC-0053,RIF_INH,2023-08-29,2023-09-02,4,800,DEL-002050,Delayed
FAC-0053,RIF_INH,2023-09-28,2023-09-29,1,800,DEL-002051,On-Time
FAC-0053,RIF_INH,2023-10-28,2023-10-31,3,800,DEL-002052,On-Time
FAC-0053,RIF_INH,2023-11-27,2023-12-01,4,800,DEL-002053,Delayed
FAC-0053,RIF_INH,2023-12-27,2024-01-01,5,800,DEL-002054,Delayed
FAC-0053,EPINEPHRINE,2023-01-01,2023-01-04,3,10,DEL-002055,On-Time
FAC-0053,EPINEPHRINE,2023-01-31,2023-01-31,0,10,DEL-002056,On-Time
FAC-0053,EPINEPHRINE,2023-03-02,2023-03-02,0,10,DEL-002057,On-Time
FAC-0053,EPINEPHRINE,2023-04-01,2023-04-04,3,10,DEL-002058,On-Time
FAC-0053,EPINEPHRINE,2023-05-01,2023-05-11,10,10,DEL-002059,Delayed
FAC-0053,EPINEPHRINE,2023-05-31,2023-06-22,22,10,DEL-002060,Delayed
FAC-0053,EPINEPHRINE,2023-06-30,2023-07-08,8,10,DEL-002061,Delayed
FAC-0053,EPINEPHRINE,2023-07-30,2023-08-01,2,10,DEL-002062,On-Time
FAC-0053,EPINEPHRINE,2023-08-29,2023-09-15,17,10,DEL-002063,Delayed
FAC-0053,EPINEPHRINE,2023-09-28,2023-10-13,15,10,DEL-002064,Delayed
FAC-0053,EPINEPHRINE,2023-10-28,2023-11-06,9,10,DEL-002065,Delayed
FAC-0053,EPINEPHRINE,2023-11-27,2023-12-12,15,10,DEL-002066,Delayed
FAC-0053,EPINEPHRINE,2023-12-27,2024-01-04,8,10,DEL-002067,Delayed
FAC-0054,PARACETAMOL,2023-01-01,2023-01-05,4,5000,DEL-002068,Delayed
FAC-0054,PARACETAMOL,2023-01-31,2023-02-09,9,5000,DEL-002069,Delayed
FAC-0054,PARACETAMOL,2023-03-02,2023-03-08,6,5000,DEL-002070,Delayed
FAC-0054,PARACETAMOL,2023-04-01,2023-04-14,13,5000,DEL-002071,Delayed
FAC-0054,PARACETAMOL,2023-05-01,2023-05-02,1,5000,DEL-002072,On-Time
FAC-0054,PARACETAMOL,2023-05-31,2023-05-31,0,5000,DEL-002073,On-Time
FAC-0054,PARACETAMOL,2023-06-30,2023-07-03,3,5000,DEL-002074,On-Time
FAC-0054,PARACETAMOL,2023-07-30,2023-07-30,0,5000,DEL-002075,On-Time
FAC-0054,PARACETAMOL,2023-08-29,2023-09-01,3,5000,DEL-002076,On-Time
FAC-0054,PARACETAMOL,2023-09-28,2023-10-04,6,5000,DEL-002077,Delayed
FAC-0054,PARACETAMOL,2023-10-28,2023-11-08,11,5000,DEL-002078,Delayed
FAC-0054,PARACETAMOL,2023-11-27,2023-12-18,21,5000,DEL-002079,Delayed
FAC-0054,PARACETAMOL,2023-12-27,2023-12-29,2,5000,DEL-002080,On-Time
FAC-0054,RIF_INH,2023-01-01,2023-01-03,2,800,DEL-002081,On-Time
FAC-0054,RIF_INH,2023-01-31,2023-02-02,2,800,DEL-002082,On-Time
FAC-0054,RIF_INH,2023-03-02,2023-03-02,0,800,DEL-002083,On-Time
FAC-0054,RIF_INH,2023-04-01,2023-04-02,1,800,DEL-002084,On-Time
FAC-0054,RIF_INH,2023-05-01,2023-05-01,0,800,DEL-002085,On-Time
FAC-0054,RIF_INH,2023-05-31,2023-06-04,4,800,DEL-002086,Delayed
FAC-0054,RIF_INH,2023-06-30,2023-07-03,3,800,DEL-002087,On-Time
FAC-0054,RIF_INH,2023-07-30,2023-08-16,17,800,DEL-002088,Delayed
FAC-0054,RIF_INH,2023-08-29,2023-08-29,0,800,DEL-002089,On-Time
FAC-0054,RIF_INH,2023-09-28,2023-09-29,1,800,DEL-002090,On-Time
FAC-0054,RIF_INH,2023-10-28,2023-10-31,3,800,DEL-002091,On-Time
FAC-0054,RIF_INH,2023-11-27,2023-12-02,5,800,DEL-002092,Delayed
FAC-0054,RIF_INH,2023-12-27,2023-12-28,1,800,DEL-002093,On-Time
FAC-0054,EPINEPHRINE,2023-01-01,2023-01-03,2,10,DEL-002094,On-Time
FAC-0054,EPINEPHRINE,2023-01-31,2023-02-01,1,10,DEL-002095,On-Time
FAC-0054,EPINEPHRINE,2023-03-02,2023-03-08,6,10,DEL-002096,Delayed
FAC-0054,EPINEPHRINE,2023-04-01,2023-04-02,1,10,DEL-002097,On-Time
FAC-0054,EPINEPHRINE,2023-05-01,2023-05-08,7,10,DEL-002098,Delayed
FAC-0054,EPINEPHRINE,2023-05-31,2023-06-07,7,10,DEL-002099,Delayed
FAC-0054,EPINEPHRINE,2023-06-30,2023-07-04,4,10,DEL-002100,Delayed
FAC-0054,EPINEPHRINE,2023-07-30,2023-08-01,2,10,DEL-002101,On-Time
FAC-0054,EPINEPHRINE,2023-08-29,2023-08-29,0,10,DEL-002102,On-Time
FAC-0054,EPINEPHRINE,2023-09-28,2023-10-01,3,10,DEL-002103,On-Time
FAC-0054,EPINEPHRINE,2023-10-28,2023-11-03,6,10,DEL-002104,Delayed
FAC-0054,EPINEPHRINE,2023-11-27,2024-01-23,57,10,DEL-002105,Delayed
FAC-0054,EPINEPHRINE,2023-12-27,2023-12-29,2,10,DEL-002106,On-Time
FAC-0055,PARACETAMOL,2023-01-01,2023-01-02,1,5000,DEL-002107,On-Time
FAC-0055,PARACETAMOL,2023-01-31,2023-01-31,0,5000,DEL-002108,On-Time
FAC-0055,PARACETAMOL,2023-03-02,2023-03-20,18,5000,DEL-002109,Delayed
FAC-0055,PARACETAMOL,2023-04-01,2023-04-06,5,5000,DEL-002110,Delayed
FAC-0055,PARACETAMOL,2023-05-01,2023-05-03,2,5000,DEL-002111,On-Time
FAC-0055,PARACETAMOL,2023-05-31,2023-06-04,4,5000,DEL-002112,Delayed
FAC-0055,PARACETAMOL,2023-06-30,2023-07-03,3,5000,DEL-002113,On-Time
FAC-0055,PARACETAMOL,2023-07-30,2023-08-03,4,5000,DEL-002114,Delayed
FAC-0055,PARACETAMOL,2023-08-29,2023-09-06,8,5000,DEL-002115,Delayed
FAC-0055,PARACETAMOL,2023-09-28,2023-09-30,2,5000,DEL-002116,On-Time
FAC-0055,PARACETAMOL,2023-10-28,2023-11-08,11,5000,DEL-002117,Delayed
FAC-0055,PARACETAMOL,2023-11-27,2023-12-10,13,5000,DEL-002118,Delayed
FAC-0055,PARACETAMOL,2023-12-27,2023-12-28,1,5000,DEL-002119,On-Time
FAC-0055,RIF_INH,2023-01-01,2023-01-02,1,800,DEL-002120,On-Time
FAC-0055,RIF_INH,2023-01-31,2023-02-04,4,800,DEL-002121,Delayed
FAC-0055,RIF_INH,2023-03-02,2023-03-13,11,800,DEL-002122,Delayed
FAC-0055,RIF_INH,2023-04-01,2023-04-04,3,800,DEL-002123,On-Time
FAC-0055,RIF_INH,2023-05-01,2023-06-12,42,800,DEL-002124,Delayed
FAC-0055,RIF_INH,2023-05-31,2023-06-13,13,800,DEL-002125,Delayed
FAC-0055,RIF_INH,2023-06-30,2023-06-30,0,800,DEL-002126,On-Time
FAC-0055,RIF_INH,2023-07-30,2023-08-06,7,800,DEL-002127,Delayed
FAC-0055,RIF_INH,2023-08-29,2023-09-09,11,800,DEL-002128,Delayed
FAC-0055,RIF_INH,2023-09-28,2023-09-29,1,800,DEL-002129,On-Time
FAC-0055,RIF_INH,2023-10-28,2023-11-12,15,800,DEL-002130,Delayed
FAC-0055,RIF_INH,2023-11-27,2023-11-29,2,800,DEL-002131,On-Time
FAC-0055,RIF_INH,2023-12-27,2023-12-28,1,800,DEL-002132,On-Time
FAC-0055,EPINEPHRINE,2023-01-01,2023-01-08,7,10,DEL-002133,Delayed
FAC-0055,EPINEPHRINE,2023-01-31,2023-01-31,0,10,DEL-002134,On-Time
FAC-0055,EPINEPHRINE,2023-03-02,2023-03-10,8,10,DEL-002135,Delayed
FAC-0055,EPINEPHRINE,2023-04-01,2023-04-03,2,10,DEL-002136,On-Time
FAC-0055,EPINEPHRINE,2023-05-01,2023-05-02,1,10,DEL-002137,On-Time
FAC-0055,EPINEPHRINE,2023-05-31,2023-06-10,10,10,DEL-002138,Delayed
FAC-0055,EPINEPHRINE,2023-06-30,2023-07-05,5,10,DEL-002139,Delayed
FAC-0055,EPINEPHRINE,2023-07-30,2023-08-09,10,10,DEL-002140,Delayed
FAC-0055,EPINEPHRINE,2023-08-29,2023-09-04,6,10,DEL-002141,Delayed
FAC-0055,EPINEPHRINE,2023-09-28,2023-10-15,17,10,DEL-002142,Delayed
FAC-0055,EPINEPHRINE,2023-10-28,2023-11-10,13,10,DEL-002143,Delayed
FAC-0055,EPINEPHRINE,2023-11-27,2023-12-01,4,10,DEL-002144,Delayed
FAC-0055,EPINEPHRINE,2023-12-27,2024-01-04,8,10,DEL-002145,Delayed
FAC-0056,PARACETAMOL,2023-01-01,2023-01-01,0,5000,DEL-002146,On-Time
FAC-0056,PARACETAMOL,2023-01-31,2023-02-07,7,5000,DEL-002147,Delayed
FAC-0056,PARACETAMOL,2023-03-02,2023-03-02,0,5000,DEL-002148,On-Time
FAC-0056,PARACETAMOL,2023-04-01,2023-04-01,0,5000,DEL-002149,On-Time
FAC-0056,PARACETAMOL,2023-05-01,2023-05-04,3,5000,DEL-002150,On-Time
FAC-0056,PARACETAMOL,2023-05-31,2023-06-02,2,5000,DEL-002151,On-Time
FAC-0056,PARACETAMOL,2023-06-30,2023-07-07,7,5000,DEL-002152,Delayed
FAC-0056,PARACETAMOL,2023-07-30,2023-07-30,0,5000,DEL-002153,On-Time
FAC-0056,PARACETAMOL,2023-08-29,2023-09-12,14,5000,DEL-002154,Delayed
FAC-0056,PARACETAMOL,2023-09-28,2023-10-09,11,5000,DEL-002155,Delayed
FAC-0056,PARACETAMOL,2023-10-28,2023-11-14,17,5000,DEL-002156,Delayed
FAC-0056,PARACETAMOL,2023-11-27,2023-11-27,0,5000,DEL-002157,On-Time
FAC-0056,PARACETAMOL,2023-12-27,2023-12-29,2,5000,DEL-002158,On-Time
FAC-0056,RIF_INH,2023-01-01,2023-01-02,1,800,DEL-002159,On-Time
FAC-0056,RIF_INH,2023-01-31,2023-02-01,1,800,DEL-002160,On-Time
FAC-0056,RIF_INH,2023-03-02,2023-03-05,3,800,DEL-002161,On-Time
FAC-0056,RIF_INH,2023-04-01,2023-04-02,1,800,DEL-002162,On-Time
FAC-0056,RIF_INH,2023-05-01,2023-05-02,1,800,DEL-002163,On-Time
FAC-0056,RIF_INH,2023-05-31,2023-06-02,2,800,DEL-002164,On-Time
FAC-0056,RIF_INH,2023-06-30,2023-07-04,4,800,DEL-002165,Delayed
FAC-0056,RIF_INH,2023-07-30,2023-07-31,1,800,DEL-002166,On-Time
FAC-0056,RIF_INH,2023-08-29,2023-08-31,2,800,DEL-002167,On-Time
FAC-0056,RIF_INH,2023-09-28,2023-10-01,3,800,DEL-002168,On-Time
FAC-0056,RIF_INH,2023-10-28,2023-11-10,13,800,DEL-002169,Delayed
FAC-0056,RIF_INH,2023-11-27,2023-12-01,4,800,DEL-002170,Delayed
FAC-0056,RIF_INH,2023-12-27,2024-01-13,17,800,DEL-002171,Delayed
FAC-0056,EPINEPHRINE,2023-01-01,2023-01-19,18,10,DEL-002172,Delayed
FAC-0056,EPINEPHRINE,2023-01-31,2023-02-01,1,10,DEL-002173,On-Time
FAC-0056,EPINEPHRINE,2023-03-02,2023-03-02,0,10,DEL-002174,On-Time
FAC-0056,EPINEPHRINE,2023-04-01,2023-04-19,18,10,DEL-002175,Delayed
FAC-0056,EPINEPHRINE,2023-05-01,2023-05-16,15,10,DEL-002176,Delayed
FAC-0056,EPINEPHRINE,2023-05-31,2023-06-26,26,10,DEL-002177,Delayed
FAC-0056,EPINEPHRINE,2023-06-30,2023-07-09,9,10,DEL-002178,Delayed
FAC-0056,EPINEPHRINE,2023-07-30,2023-07-30,0,10,DEL-002179,On-Time
FAC-0056,EPINEPHRINE,2023-08-29,2023-09-03,5,10,DEL-002180,Delayed
FAC-0056,EPINEPHRINE,2023-09-28,2023-10-02,4,10,DEL-002181,Delayed
FAC-0056,EPINEPHRINE,2023-10-28,2023-11-08,11,10,DEL-002182,Delayed
FAC-0056,EPINEPHRINE,2023-11-27,2023-11-28,1,10,DEL-002183,On-Time
FAC-0056,EPINEPHRINE,2023-12-27,2023-12-28,1,10,DEL-002184,On-Time
FAC-0057,PARACETAMOL,2023-01-01,2023-01-15,14,5000,DEL-002185,Delayed
FAC-0057,PARACETAMOL,2023-01-31,2023-02-02,2,5000,DEL-002186,On-Time
FAC-0057,PARACETAMOL,2023-03-02,2023-03-04,2,5000,DEL-002187,On-Time
FAC-0057,PARACETAMOL,2023-04-01,2023-05-09,38,5000,DEL-002188,Delayed
FAC-0057,PARACETAMOL,2023-05-01,2023-06-15,45,5000,DEL-002189,Delayed
FAC-0057,PARACETAMOL,2023-05-31,2023-07-04,34,5000,DEL-002190,Delayed
FAC-0057,PARACETAMOL,2023-06-30,2023-07-21,21,5000,DEL-002191,Delayed
FAC-0057,PARACETAMOL,2023-07-30,2023-08-05,6,5000,DEL-002192,Delayed
FAC-0057,PARACETAMOL,2023-08-29,2023-09-04,6,5000,DEL-002193,Delayed
FAC-0057,PARACETAMOL,2023-09-28,2023-10-29,31,5000,DEL-002194,Delayed
FAC-0057,PARACETAMOL,2023-10-28,2023-12-25,58,5000,DEL-002195,Delayed
FAC-0057,PARACETAMOL,2023-11-27,2023-11-27,0,5000,DEL-002196,On-Time
FAC-0057,PARACETAMOL,2023-12-27,2024-03-16,80,5000,DEL-002197,Delayed
FAC-0057,RIF_INH,2023-01-01,2023-01-04,3,800,DEL-002198,On-Time
FAC-0057,RIF_INH,2023-01-31,2023-03-01,29,800,DEL-002199,Delayed
FAC-0057,RIF_INH,2023-03-02,2023-03-06,4,800,DEL-002200,Delayed
FAC-0057,RIF_INH,2023-04-01,2023-04-08,7,800,DEL-002201,Delayed
FAC-0057,RIF_INH,2023-05-01,2023-05-18,17,800,DEL-002202,Delayed
FAC-0057,RIF_INH,2023-05-31,2023-06-04,4,800,DEL-002203,Delayed
FAC-0057,RIF_INH,2023-06-30,2023-08-09,40,800,DEL-002204,Delayed
FAC-0057,RIF_INH,2023-07-30,2023-08-01,2,800,DEL-002205,On-Time
FAC-0057,RIF_INH,2023-08-29,2023-08-30,1,800,DEL-002206,On-Time
FAC-0057,RIF_INH,2023-09-28,2023-11-20,53,800,DEL-002207,Delayed
FAC-0057,RIF_INH,2023-10-28,2023-11-24,27,800,DEL-002208,Delayed
FAC-0057,RIF_INH,2023-11-27,2023-12-04,7,800,DEL-002209,Delayed
FAC-0057,RIF_INH,2023-12-27,2024-01-06,10,800,DEL-002210,Delayed
FAC-0057,EPINEPHRINE,2023-01-01,2023-01-19,18,10,DEL-002211,Delayed
FAC-0057,EPINEPHRINE,2023-01-31,2023-02-26,26,10,DEL-002212,Delayed
FAC-0057,EPINEPHRINE,2023-03-02,2023-03-09,7,10,DEL-002213,Delayed
FAC-0057,EPINEPHRINE,2023-04-01,2023-04-18,17,10,DEL-002214,Delayed
FAC-0057,EPINEPHRINE,2023-05-01,2023-05-06,5,10,DEL-002215,Delayed
FAC-0057,EPINEPHRINE,2023-05-31,2023-05-31,0,10,DEL-002216,On-Time
FAC-0057,EPINEPHRINE,2023-06-30,2023-07-30,30,10,DEL-002217,Delayed
FAC-0057,EPINEPHRINE,2023-07-30,2023-07-31,1,10,DEL-002218,On-Time
FAC-0057,EPINEPHRINE,2023-08-29,2023-08-29,0,10,DEL-002219,On-Time
FAC-0057,EPINEPHRINE,2023-09-28,2023-11-03,36,10,DEL-002220,Delayed
FAC-0057,EPINEPHRINE,2023-10-28,2023-12-05,38,10,DEL-002221,Delayed
FAC-0057,EPINEPHRINE,2023-11-27,2023-12-06,9,10,DEL-002222,Delayed
FAC-0057,EPINEPHRINE,2023-12-27,2024-01-09,13,10,DEL-002223,Delayed
FAC-0058,PARACETAMOL,2023-01-01,2023-01-07,6,5000,DEL-002224,Delayed
FAC-0058,PARACETAMOL,2023-01-31,2023-02-07,7,5000,DEL-002225,Delayed
FAC-0058,PARACETAMOL,2023-03-02,2023-03-05,3,5000,DEL-002226,On-Time
FAC-0058,PARACETAMOL,2023-04-01,2023-04-04,3,5000,DEL-002227,On-Time
FAC-0058,PARACETAMOL,2023-05-01,2023-05-06,5,5000,DEL-002228,Delayed
FAC-0058,PARACETAMOL,2023-05-31,2023-06-25,25,5000,DEL-002229,Delayed
FAC-0058,PARACETAMOL,2023-06-30,2023-08-13,44,5000,DEL-002230,Delayed
FAC-0058,PARACETAMOL,2023-07-30,2023-08-21,22,5000,DEL-002231,Delayed
FAC-0058,PARACETAMOL,2023-08-29,2023-09-15,17,5000,DEL-002232,Delayed
FAC-0058,PARACETAMOL,2023-09-28,2023-10-07,9,5000,DEL-002233,Delayed
FAC-0058,PARACETAMOL,2023-10-28,2023-11-01,4,5000,DEL-002234,Delayed
FAC-0058,PARACETAMOL,2023-11-27,2023-12-11,14,5000,DEL-002235,Delayed
FAC-0058,PARACETAMOL,2023-12-27,2023-12-27,0,5000,DEL-002236,On-Time
FAC-0058,RIF_INH,2023-01-01,2023-02-23,53,800,DEL-002237,Delayed
FAC-0058,RIF_INH,2023-01-31,2023-02-17,17,800,DEL-002238,Delayed
FAC-0058,RIF_INH,2023-03-02,2023-03-31,29,800,DEL-002239,Delayed
FAC-0058,RIF_INH,2023-04-01,2023-04-01,0,800,DEL-002240,On-Time
FAC-0058,RIF_INH,2023-05-01,2023-05-02,1,800,DEL-002241,On-Time
FAC-0058,RIF_INH,2023-05-31,2023-06-19,19,800,DEL-002242,Delayed
FAC-0058,RIF_INH,2023-06-30,2023-06-30,0,800,DEL-002243,On-Time
FAC-0058,RIF_INH,2023-07-30,2023-08-09,10,800,DEL-002244,Delayed
FAC-0058,RIF_INH,2023-08-29,2023-09-01,3,800,DEL-002245,On-Time
FAC-0058,RIF_INH,2023-09-28,2023-10-03,5,800,DEL-002246,Delayed
FAC-0058,RIF_INH,2023-10-28,2023-11-14,17,800,DEL-002247,Delayed
FAC-0058,RIF_INH,2023-11-27,2023-11-30,3,800,DEL-002248,On-Time
FAC-0058,RIF_INH,2023-12-27,2024-01-01,5,800,DEL-002249,Delayed
FAC-0058,EPINEPHRINE,2023-01-01,2023-01-14,13,10,DEL-002250,Delayed
FAC-0058,EPINEPHRINE,2023-01-31,2023-02-02,2,10,DEL-002251,On-Time
FAC-0058,EPINEPHRINE,2023-03-02,2023-03-19,17,10,DEL-002252,Delayed
FAC-0058,EPINEPHRINE,2023-04-01,2023-04-27,26,10,DEL-002253,Delayed
FAC-0058,EPINEPHRINE,2023-05-01,2023-06-03,33,10,DEL-002254,Delayed
FAC-0058,EPINEPHRINE,2023-05-31,2023-06-10,10,10,DEL-002255,Delayed
FAC-0058,EPINEPHRINE,2023-06-30,2023-07-03,3,10,DEL-002256,On-Time
FAC-0058,EPINEPHRINE,2023-07-30,2023-08-01,2,10,DEL-002257,On-Time
FAC-0058,EPINEPHRINE,2023-08-29,2023-08-31,2,10,DEL-002258,On-Time
FAC-0058,EPINEPHRINE,2023-09-28,2023-09-28,0,10,DEL-002259,On-Time
FAC-0058,EPINEPHRINE,2023-10-28,2023-11-15,18,10,DEL-002260,Delayed
FAC-0058,EPINEPHRINE,2023-11-27,2023-12-06,9,10,DEL-002261,Delayed
FAC-0058,EPINEPHRINE,2023-12-27,2024-01-26,30,10,DEL-002262,Delayed
FAC-0059,PARACETAMOL,2023-01-01,2023-01-02,1,5000,DEL-002263,On-Time
FAC-0059,PARACETAMOL,2023-01-31,2023-03-18,46,5000,DEL-002264,Delayed
FAC-0059,PARACETAMOL,2023-03-02,2023-03-10,8,5000,DEL-002265,Delayed
FAC-0059,PARACETAMOL,2023-04-01,2023-04-02,1,5000,DEL-002266,On-Time
FAC-0059,PARACETAMOL,2023-05-01,2023-05-01,0,5000,DEL-002267,On-Time
FAC-0059,PARACETAMOL,2023-05-31,2023-06-03,3,5000,DEL-002268,On-Time
FAC-0059,PARACETAMOL,2023-06-30,2023-07-28,28,5000,DEL-002269,Delayed
FAC-0059,PARACETAMOL,2023-07-30,2023-08-02,3,5000,DEL-002270,On-Time
FAC-0059,PARACETAMOL,2023-08-29,2023-09-16,18,5000,DEL-002271,Delayed
FAC-0059,PARACETAMOL,2023-09-28,2023-09-29,1,5000,DEL-002272,On-Time
FAC-0059,PARACETAMOL,2023-10-28,2023-11-05,8,5000,DEL-002273,Delayed
FAC-0059,PARACETAMOL,2023-11-27,2023-12-11,14,5000,DEL-002274,Delayed
FAC-0059,PARACETAMOL,2023-12-27,2024-01-22,26,5000,DEL-002275,Delayed
FAC-0059,RIF_INH,2023-01-01,2023-01-17,16,800,DEL-002276,Delayed
FAC-0059,RIF_INH,2023-01-31,2023-01-31,0,800,DEL-002277,On-Time
FAC-0059,RIF_INH,2023-03-02,2023-03-24,22,800,DEL-002278,Delayed
FAC-0059,RIF_INH,2023-04-01,2023-04-01,0,800,DEL-002279,On-Time
FAC-0059,RIF_INH,2023-05-01,2023-05-04,3,800,DEL-002280,On-Time
FAC-0059,RIF_INH,2023-05-31,2023-07-06,36,800,DEL-002281,Delayed
FAC-0059,RIF_INH,2023-06-30,2023-07-19,19,800,DEL-002282,Delayed
FAC-0059,RIF_INH,2023-07-30,2023-08-16,17,800,DEL-002283,Delayed
FAC-0059,RIF_INH,2023-08-29,2023-09-08,10,800,DEL-002284,Delayed
FAC-0059,RIF_INH,2023-09-28,2023-10-16,18,800,DEL-002285,Delayed
FAC-0059,RIF_INH,2023-10-28,2023-10-31,3,800,DEL-002286,On-Time
FAC-0059,RIF_INH,2023-11-27,2023-12-08,11,800,DEL-002287,Delayed
FAC-0059,RIF_INH,2023-12-27,2024-01-02,6,800,DEL-002288,Delayed
FAC-0059,EPINEPHRINE,2023-01-01,2023-01-07,6,10,DEL-002289,Delayed
FAC-0059,EPINEPHRINE,2023-01-31,2023-02-16,16,10,DEL-002290,Delayed
FAC-0059,EPINEPHRINE,2023-03-02,2023-03-06,4,10,DEL-002291,Delayed
FAC-0059,EPINEPHRINE,2023-04-01,2023-04-15,14,10,DEL-002292,Delayed
FAC-0059,EPINEPHRINE,2023-05-01,2023-05-08,7,10,DEL-002293,Delayed
FAC-0059,EPINEPHRINE,2023-05-31,2023-08-14,75,10,DEL-002294,Delayed
FAC-0059,EPINEPHRINE,2023-06-30,2023-07-04,4,10,DEL-002295,Delayed
FAC-0059,EPINEPHRINE,2023-07-30,2023-07-31,1,10,DEL-002296,On-Time
FAC-0059,EPINEPHRINE,2023-08-29,2023-10-01,33,10,DEL-002297,Delayed
FAC-0059,EPINEPHRINE,2023-09-28,2023-11-18,51,10,DEL-002298,Delayed
FAC-0059,EPINEPHRINE,2023-10-28,2023-11-14,17,10,DEL-002299,Delayed
FAC-0059,EPINEPHRINE,2023-11-27,2023-11-27,0,10,DEL-002300,On-Time
FAC-0059,EPINEPHRINE,2023-12-27,2023-12-27,0,10,DEL-002301,On-Time
FAC-0060,PARACETAMOL,2023-01-01,2023-01-02,1,5000,DEL-002302,On-Time
FAC-0060,PARACETAMOL,2023-01-31,2023-03-01,29,5000,DEL-002303,Delayed
FAC-0060,PARACETAMOL,2023-03-02,2023-04-19,48,5000,DEL-002304,Delayed
FAC-0060,PARACETAMOL,2023-04-01,2023-04-03,2,5000,DEL-002305,On-Time
FAC-0060,PARACETAMOL,2023-05-01,2023-05-03,2,5000,DEL-002306,On-Time
FAC-0060,PARACETAMOL,2023-05-31,2023-06-02,2,5000,DEL-002307,On-Time
FAC-0060,PARACETAMOL,2023-06-30,2023-07-26,26,5000,DEL-002308,Delayed
FAC-0060,PARACETAMOL,2023-07-30,2023-08-12,13,5000,DEL-002309,Delayed
FAC-0060,PARACETAMOL,2023-08-29,2023-09-10,12,5000,DEL-002310,Delayed
FAC-0060,PARACETAMOL,2023-09-28,2023-09-28,0,5000,DEL-002311,On-Time
FAC-0060,PARACETAMOL,2023-10-28,2023-11-05,8,5000,DEL-002312,Delayed
FAC-0060,PARACETAMOL,2023-11-27,2023-12-06,9,5000,DEL-002313,Delayed
FAC-0060,PARACETAMOL,2023-12-27,2023-12-30,3,5000,DEL-002314,On-Time
FAC-0060,RIF_INH,2023-01-01,2023-01-01,0,800,DEL-002315,On-Time
FAC-0060,RIF_INH,2023-01-31,2023-02-14,14,800,DEL-002316,Delayed
FAC-0060,RIF_INH,2023-03-02,2023-03-16,14,800,DEL-002317,Delayed
FAC-0060,RIF_INH,2023-04-01,2023-04-05,4,800,DEL-002318,Delayed
FAC-0060,RIF_INH,2023-05-01,2023-05-25,24,800,DEL-002319,Delayed
FAC-0060,RIF_INH,2023-05-31,2023-06-22,22,800,DEL-002320,Delayed
FAC-0060,RIF_INH,2023-06-30,2023-07-18,18,800,DEL-002321,Delayed
FAC-0060,RIF_INH,2023-07-30,2023-08-07,8,800,DEL-002322,Delayed
FAC-0060,RIF_INH,2023-08-29,2023-11-03,66,800,DEL-002323,Delayed
FAC-0060,RIF_INH,2023-09-28,2023-10-02,4,800,DEL-002324,Delayed
FAC-0060,RIF_INH,2023-10-28,2023-11-05,8,800,DEL-002325,Delayed
FAC-0060,RIF_INH,2023-11-27,2023-12-23,26,800,DEL-002326,Delayed
FAC-0060,RIF_INH,2023-12-27,2024-01-15,19,800,DEL-002327,Delayed
FAC-0060,EPINEPHRINE,2023-01-01,2023-01-10,9,10,DEL-002328,Delayed
FAC-0060,EPINEPHRINE,2023-01-31,2023-02-12,12,10,DEL-002329,Delayed
FAC-0060,EPINEPHRINE,2023-03-02,2023-03-24,22,10,DEL-002330,Delayed
FAC-0060,EPINEPHRINE,2023-04-01,2023-04-09,8,10,DEL-002331,Delayed
FAC-0060,EPINEPHRINE,2023-05-01,2023-05-02,1,10,DEL-002332,On-Time
FAC-0060,EPINEPHRINE,2023-05-31,2023-06-03,3,10,DEL-002333,On-Time
FAC-0060,EPINEPHRINE,2023-06-30,2023-07-10,10,10,DEL-002334,Delayed
FAC-0060,EPINEPHRINE,2023-07-30,2023-07-30,0,10,DEL-002335,On-Time
FAC-0060,EPINEPHRINE,2023-08-29,2023-09-12,14,10,DEL-002336,Delayed
FAC-0060,EPINEPHRINE,2023-09-28,2023-09-29,1,10,DEL-002337,On-Time
FAC-0060,EPINEPHRINE,2023-10-28,2023-11-02,5,10,DEL-002338,Delayed
FAC-0060,EPINEPHRINE,2023-11-27,2023-12-11,14,10,DEL-002339,Delayed
FAC-0060,EPINEPHRINE,2023-12-27,2023-12-29,2,10,DEL-002340,On-Time
FAC-0061,PARACETAMOL,2023-01-01,2023-01-04,3,5000,DEL-002341,On-Time
FAC-0061,PARACETAMOL,2023-01-31,2023-02-24,24,5000,DEL-002342,Delayed
FAC-0061,PARACETAMOL,2023-03-02,2023-03-02,0,5000,DEL-002343,On-Time
FAC-0061,PARACETAMOL,2023-04-01,2023-04-05,4,5000,DEL-002344,Delayed
FAC-0061,PARACETAMOL,2023-05-01,2023-05-05,4,5000,DEL-002345,Delayed
FAC-0061,PARACETAMOL,2023-05-31,2023-06-04,4,5000,DEL-002346,Delayed
FAC-0061,PARACETAMOL,2023-06-30,2023-07-13,13,5000,DEL-002347,Delayed
FAC-0061,PARACETAMOL,2023-07-30,2023-08-04,5,5000,DEL-002348,Delayed
FAC-0061,PARACETAMOL,2023-08-29,2023-09-12,14,5000,DEL-002349,Delayed
FAC-0061,PARACETAMOL,2023-09-28,2023-10-01,3,5000,DEL-002350,On-Time
FAC-0061,PARACETAMOL,2023-10-28,2023-10-31,3,5000,DEL-002351,On-Time
FAC-0061,PARACETAMOL,2023-11-27,2023-12-12,15,5000,DEL-002352,Delayed
FAC-0061,PARACETAMOL,2023-12-27,2023-12-31,4,5000,DEL-002353,Delayed
FAC-0061,RIF_INH,2023-01-01,2023-01-02,1,800,DEL-002354,On-Time
FAC-0061,RIF_INH,2023-01-31,2023-02-06,6,800,DEL-002355,Delayed
FAC-0061,RIF_INH,2023-03-02,2023-03-06,4,800,DEL-002356,Delayed
FAC-0061,RIF_INH,2023-04-01,2023-04-06,5,800,DEL-002357,Delayed
FAC-0061,RIF_INH,2023-05-01,2023-05-05,4,800,DEL-002358,Delayed
FAC-0061,RIF_INH,2023-05-31,2023-06-08,8,800,DEL-002359,Delayed
FAC-0061,RIF_INH,2023-06-30,2023-07-02,2,800,DEL-002360,On-Time
FAC-0061,RIF_INH,2023-07-30,2023-07-30,0,800,DEL-002361,On-Time
FAC-0061,RIF_INH,2023-08-29,2023-08-30,1,800,DEL-002362,On-Time
FAC-0061,RIF_INH,2023-09-28,2023-10-03,5,800,DEL-002363,Delayed
FAC-0061,RIF_INH,2023-10-28,2023-11-01,4,800,DEL-002364,Delayed
FAC-0061,RIF_INH,2023-11-27,2023-12-10,13,800,DEL-002365,Delayed
FAC-0061,RIF_INH,2023-12-27,2023-12-30,3,800,DEL-002366,On-Time
FAC-0061,EPINEPHRINE,2023-01-01,2023-01-02,1,10,DEL-002367,On-Time
FAC-0061,EPINEPHRINE,2023-01-31,2023-02-18,18,10,DEL-002368,Delayed
FAC-0061,EPINEPHRINE,2023-03-02,2023-03-13,11,10,DEL-002369,Delayed
FAC-0061,EPINEPHRINE,2023-04-01,2023-04-08,7,10,DEL-002370,Delayed
FAC-0061,EPINEPHRINE,2023-05-01,2023-05-11,10,10,DEL-002371,Delayed
FAC-0061,EPINEPHRINE,2023-05-31,2023-06-02,2,10,DEL-002372,On-Time
FAC-0061,EPINEPHRINE,2023-06-30,2023-07-01,1,10,DEL-002373,On-Time
FAC-0061,EPINEPHRINE,2023-07-30,2023-07-31,1,10,DEL-002374,On-Time
FAC-0061,EPINEPHRINE,2023-08-29,2023-09-07,9,10,DEL-002375,Delayed
FAC-0061,EPINEPHRINE,2023-09-28,2023-10-04,6,10,DEL-002376,Delayed
FAC-0061,EPINEPHRINE,2023-10-28,2023-10-28,0,10,DEL-002377,On-Time
FAC-0061,EPINEPHRINE,2023-11-27,2023-12-02,5,10,DEL-002378,Delayed
FAC-0061,EPINEPHRINE,2023-12-27,2023-12-28,1,10,DEL-002379,On-Time
FAC-0062,PARACETAMOL,2023-01-01,2023-03-01,59,5000,DEL-002380,Delayed
FAC-0062,PARACETAMOL,2023-01-31,2023-02-27,27,5000,DEL-002381,Delayed
FAC-0062,PARACETAMOL,2023-03-02,2023-03-21,19,5000,DEL-002382,Delayed
FAC-0062,PARACETAMOL,2023-04-01,2023-04-15,14,5000,DEL-002383,Delayed
FAC-0062,PARACETAMOL,2023-05-01,2023-05-04,3,5000,DEL-002384,On-Time
FAC-0062,PARACETAMOL,2023-05-31,2023-06-22,22,5000,DEL-002385,Delayed
FAC-0062,PARACETAMOL,2023-06-30,2023-07-13,13,5000,DEL-002386,Delayed
FAC-0062,PARACETAMOL,2023-07-30,2023-08-31,32,5000,DEL-002387,Delayed
FAC-0062,PARACETAMOL,2023-08-29,2023-09-05,7,5000,DEL-002388,Delayed
FAC-0062,PARACETAMOL,2023-09-28,2023-10-17,19,5000,DEL-002389,Delayed
FAC-0062,PARACETAMOL,2023-10-28,2023-10-29,1,5000,DEL-002390,On-Time
FAC-0062,PARACETAMOL,2023-11-27,2023-12-01,4,5000,DEL-002391,Delayed
FAC-0062,PARACETAMOL,2023-12-27,2023-12-31,4,5000,DEL-002392,Delayed
FAC-0062,RIF_INH,2023-01-01,2023-01-08,7,800,DEL-002393,Delayed
FAC-0062,RIF_INH,2023-01-31,2023-03-08,36,800,DEL-002394,Delayed
FAC-0062,RIF_INH,2023-03-02,2023-03-13,11,800,DEL-002395,Delayed
FAC-0062,RIF_INH,2023-04-01,2023-04-14,13,800,DEL-002396,Delayed
FAC-0062,RIF_INH,2023-05-01,2023-05-02,1,800,DEL-002397,On-Time
FAC-0062,RIF_INH,2023-05-31,2023-06-10,10,800,DEL-002398,Delayed
FAC-0062,RIF_INH,2023-06-30,2023-07-11,11,800,DEL-002399,Delayed
FAC-0062,RIF_INH,2023-07-30,2023-08-06,7,800,DEL-002400,Delayed
FAC-0062,RIF_INH,2023-08-29,2023-09-17,19,800,DEL-002401,Delayed
FAC-0062,RIF_INH,2023-09-28,2023-10-10,12,800,DEL-002402,Delayed
FAC-0062,RIF_INH,2023-10-28,2023-10-31,3,800,DEL-002403,On-Time
FAC-0062,RIF_INH,2023-11-27,2023-12-13,16,800,DEL-002404,Delayed
FAC-0062,RIF_INH,2023-12-27,2024-01-08,12,800,DEL-002405,Delayed
FAC-0062,EPINEPHRINE,2023-01-01,2023-01-08,7,10,DEL-002406,Delayed
FAC-0062,EPINEPHRINE,2023-01-31,2023-01-31,0,10,DEL-002407,On-Time
FAC-0062,EPINEPHRINE,2023-03-02,2023-03-11,9,10,DEL-002408,Delayed
FAC-0062,EPINEPHRINE,2023-04-01,2023-05-14,43,10,DEL-002409,Delayed
FAC-0062,EPINEPHRINE,2023-05-01,2023-06-02,32,10,DEL-002410,Delayed
FAC-0062,EPINEPHRINE,2023-05-31,2023-06-15,15,10,DEL-002411,Delayed
FAC-0062,EPINEPHRINE,2023-06-30,2023-07-03,3,10,DEL-002412,On-Time
FAC-0062,EPINEPHRINE,2023-07-30,2023-08-25,26,10,DEL-002413,Delayed
FAC-0062,EPINEPHRINE,2023-08-29,2023-09-28,30,10,DEL-002414,Delayed
FAC-0062,EPINEPHRINE,2023-09-28,2023-09-28,0,10,DEL-002415,On-Time
FAC-0062,EPINEPHRINE,2023-10-28,2023-12-13,46,10,DEL-002416,Delayed
FAC-0062,EPINEPHRINE,2023-11-27,2024-01-14,48,10,DEL-002417,Delayed
FAC-0062,EPINEPHRINE,2023-12-27,2023-12-31,4,10,DEL-002418,Delayed
FAC-0063,PARACETAMOL,2023-01-01,2023-01-07,6,5000,DEL-002419,Delayed
FAC-0063,PARACETAMOL,2023-01-31,2023-02-01,1,5000,DEL-002420,On-Time
FAC-0063,PARACETAMOL,2023-03-02,2023-03-26,24,5000,DEL-002421,Delayed
FAC-0063,PARACETAMOL,2023-04-01,2023-04-11,10,5000,DEL-002422,Delayed
FAC-0063,PARACETAMOL,2023-05-01,2023-05-19,18,5000,DEL-002423,Delayed
FAC-0063,PARACETAMOL,2023-05-31,2023-06-15,15,5000,DEL-002424,Delayed
FAC-0063,PARACETAMOL,2023-06-30,2023-07-20,20,5000,DEL-002425,Delayed
FAC-0063,PARACETAMOL,2023-07-30,2023-08-08,9,5000,DEL-002426,Delayed
FAC-0063,PARACETAMOL,2023-08-29,2023-09-02,4,5000,DEL-002427,Delayed
FAC-0063,PARACETAMOL,2023-09-28,2023-10-06,8,5000,DEL-002428,Delayed
FAC-0063,PARACETAMOL,2023-10-28,2023-10-30,2,5000,DEL-002429,On-Time
FAC-0063,PARACETAMOL,2023-11-27,2024-01-27,61,5000,DEL-002430,Delayed
FAC-0063,PARACETAMOL,2023-12-27,2024-01-04,8,5000,DEL-002431,Delayed
FAC-0063,RIF_INH,2023-01-01,2023-01-05,4,800,DEL-002432,Delayed
FAC-0063,RIF_INH,2023-01-31,2023-02-06,6,800,DEL-002433,Delayed
FAC-0063,RIF_INH,2023-03-02,2023-03-08,6,800,DEL-002434,Delayed
FAC-0063,RIF_INH,2023-04-01,2023-04-11,10,800,DEL-002435,Delayed
FAC-0063,RIF_INH,2023-05-01,2023-05-11,10,800,DEL-002436,Delayed
FAC-0063,RIF_INH,2023-05-31,2023-06-05,5,800,DEL-002437,Delayed
FAC-0063,RIF_INH,2023-06-30,2023-07-10,10,800,DEL-002438,Delayed
FAC-0063,RIF_INH,2023-07-30,2023-09-27,59,800,DEL-002439,Delayed
FAC-0063,RIF_INH,2023-08-29,2023-08-30,1,800,DEL-002440,On-Time
FAC-0063,RIF_INH,2023-09-28,2023-10-01,3,800,DEL-002441,On-Time
FAC-0063,RIF_INH,2023-10-28,2023-12-19,52,800,DEL-002442,Delayed
FAC-0063,RIF_INH,2023-11-27,2023-12-22,25,800,DEL-002443,Delayed
FAC-0063,RIF_INH,2023-12-27,2024-02-14,49,800,DEL-002444,Delayed
FAC-0063,EPINEPHRINE,2023-01-01,2023-01-19,18,10,DEL-002445,Delayed
FAC-0063,EPINEPHRINE,2023-01-31,2023-03-02,30,10,DEL-002446,Delayed
FAC-0063,EPINEPHRINE,2023-03-02,2023-03-03,1,10,DEL-002447,On-Time
FAC-0063,EPINEPHRINE,2023-04-01,2023-04-30,29,10,DEL-002448,Delayed
FAC-0063,EPINEPHRINE,2023-05-01,2023-05-13,12,10,DEL-002449,Delayed
FAC-0063,EPINEPHRINE,2023-05-31,2023-07-01,31,10,DEL-002450,Delayed
FAC-0063,EPINEPHRINE,2023-06-30,2023-07-13,13,10,DEL-002451,Delayed
FAC-0063,EPINEPHRINE,2023-07-30,2023-07-30,0,10,DEL-002452,On-Time
FAC-0063,EPINEPHRINE,2023-08-29,2023-09-03,5,10,DEL-002453,Delayed
FAC-0063,EPINEPHRINE,2023-09-28,2023-10-01,3,10,DEL-002454,On-Time
FAC-0063,EPINEPHRINE,2023-10-28,2023-11-17,20,10,DEL-002455,Delayed
FAC-0063,EPINEPHRINE,2023-11-27,2023-12-13,16,10,DEL-002456,Delayed
FAC-0063,EPINEPHRINE,2023-12-27,2024-01-01,5,10,DEL-002457,Delayed
FAC-0064,PARACETAMOL,2023-01-01,2023-01-04,3,5000,DEL-002458,On-Time
FAC-0064,PARACETAMOL,2023-01-31,2023-02-01,1,5000,DEL-002459,On-Time
FAC-0064,PARACETAMOL,2023-03-02,2023-03-03,1,5000,DEL-002460,On-Time
FAC-0064,PARACETAMOL,2023-04-01,2023-04-01,0,5000,DEL-002461,On-Time
FAC-0064,PARACETAMOL,2023-05-01,2023-05-06,5,5000,DEL-002462,Delayed
FAC-0064,PARACETAMOL,2023-05-31,2023-06-02,2,5000,DEL-002463,On-Time
FAC-0064,PARACETAMOL,2023-06-30,2023-07-04,4,5000,DEL-002464,Delayed
FAC-0064,PARACETAMOL,2023-07-30,2023-08-05,6,5000,DEL-002465,Delayed
FAC-0064,PARACETAMOL,2023-08-29,2023-09-04,6,5000,DEL-002466,Delayed
FAC-0064,PARACETAMOL,2023-09-28,2023-09-29,1,5000,DEL-002467,On-Time
FAC-0064,PARACETAMOL,2023-10-28,2023-10-30,2,5000,DEL-002468,On-Time
FAC-0064,PARACETAMOL,2023-11-27,2023-11-27,0,5000,DEL-002469,On-Time
FAC-0064,PARACETAMOL,2023-12-27,2023-12-30,3,5000,DEL-002470,On-Time
FAC-0064,RIF_INH,2023-01-01,2023-01-11,10,800,DEL-002471,Delayed
FAC-0064,RIF_INH,2023-01-31,2023-01-31,0,800,DEL-002472,On-Time
FAC-0064,RIF_INH,2023-03-02,2023-03-15,13,800,DEL-002473,Delayed
FAC-0064,RIF_INH,2023-04-01,2023-04-17,16,800,DEL-002474,Delayed
FAC-0064,RIF_INH,2023-05-01,2023-05-07,6,800,DEL-002475,Delayed
FAC-0064,RIF_INH,2023-05-31,2023-06-13,13,800,DEL-002476,Delayed
FAC-0064,RIF_INH,2023-06-30,2023-07-04,4,800,DEL-002477,Delayed
FAC-0064,RIF_INH,2023-07-30,2023-08-01,2,800,DEL-002478,On-Time
FAC-0064,RIF_INH,2023-08-29,2023-08-29,0,800,DEL-002479,On-Time
FAC-0064,RIF_INH,2023-09-28,2023-09-28,0,800,DEL-002480,On-Time
FAC-0064,RIF_INH,2023-10-28,2023-11-10,13,800,DEL-002481,Delayed
FAC-0064,RIF_INH,2023-11-27,2023-12-17,20,800,DEL-002482,Delayed
FAC-0064,RIF_INH,2023-12-27,2024-01-01,5,800,DEL-002483,Delayed
FAC-0064,EPINEPHRINE,2023-01-01,2023-01-17,16,10,DEL-002484,Delayed
FAC-0064,EPINEPHRINE,2023-01-31,2023-02-07,7,10,DEL-002485,Delayed
FAC-0064,EPINEPHRINE,2023-03-02,2023-03-14,12,10,DEL-002486,Delayed
FAC-0064,EPINEPHRINE,2023-04-01,2023-04-07,6,10,DEL-002487,Delayed
FAC-0064,EPINEPHRINE,2023-05-01,2023-05-07,6,10,DEL-002488,Delayed
FAC-0064,EPINEPHRINE,2023-05-31,2023-06-03,3,10,DEL-002489,On-Time
FAC-0064,EPINEPHRINE,2023-06-30,2023-07-06,6,10,DEL-002490,Delayed
FAC-0064,EPINEPHRINE,2023-07-30,2023-08-01,2,10,DEL-002491,On-Time
FAC-0064,EPINEPHRINE,2023-08-29,2023-08-29,0,10,DEL-002492,On-Time
FAC-0064,EPINEPHRINE,2023-09-28,2023-10-03,5,10,DEL-002493,Delayed
FAC-0064,EPINEPHRINE,2023-10-28,2023-10-28,0,10,DEL-002494,On-Time
FAC-0064,EPINEPHRINE,2023-11-27,2023-12-01,4,10,DEL-002495,Delayed
FAC-0064,EPINEPHRINE,2023-12-27,2023-12-27,0,10,DEL-002496,On-Time
FAC-0065,PARACETAMOL,2023-01-01,2023-01-07,6,5000,DEL-002497,Delayed
FAC-0065,PARACETAMOL,2023-01-31,2023-02-02,2,5000,DEL-002498,On-Time
FAC-0065,PARACETAMOL,2023-03-02,2023-03-02,0,5000,DEL-002499,On-Time
FAC-0065,PARACETAMOL,2023-04-01,2023-04-04,3,5000,DEL-002500,On-Time
FAC-0065,PARACETAMOL,2023-05-01,2023-05-04,3,5000,DEL-002501,On-Time
FAC-0065,PARACETAMOL,2023-05-31,2023-06-09,9,5000,DEL-002502,Delayed
FAC-0065,PARACETAMOL,2023-06-30,2023-07-16,16,5000,DEL-002503,Delayed
FAC-0065,PARACETAMOL,2023-07-30,2023-08-08,9,5000,DEL-002504,Delayed
FAC-0065,PARACETAMOL,2023-08-29,2023-08-29,0,5000,DEL-002505,On-Time
FAC-0065,PARACETAMOL,2023-09-28,2023-09-29,1,5000,DEL-002506,On-Time
FAC-0065,PARACETAMOL,2023-10-28,2023-12-08,41,5000,DEL-002507,Delayed
FAC-0065,PARACETAMOL,2023-11-27,2023-11-30,3,5000,DEL-002508,On-Time
FAC-0065,PARACETAMOL,2023-12-27,2023-12-30,3,5000,DEL-002509,On-Time
FAC-0065,RIF_INH,2023-01-01,2023-01-12,11,800,DEL-002510,Delayed
FAC-0065,RIF_INH,2023-01-31,2023-02-10,10,800,DEL-002511,Delayed
FAC-0065,RIF_INH,2023-03-02,2023-03-02,0,800,DEL-002512,On-Time
FAC-0065,RIF_INH,2023-04-01,2023-04-06,5,800,DEL-002513,Delayed
FAC-0065,RIF_INH,2023-05-01,2023-05-01,0,800,DEL-002514,On-Time
FAC-0065,RIF_INH,2023-05-31,2023-06-12,12,800,DEL-002515,Delayed
FAC-0065,RIF_INH,2023-06-30,2023-06-30,0,800,DEL-002516,On-Time
FAC-0065,RIF_INH,2023-07-30,2023-08-04,5,800,DEL-002517,Delayed
FAC-0065,RIF_INH,2023-08-29,2023-09-11,13,800,DEL-002518,Delayed
FAC-0065,RIF_INH,2023-09-28,2023-10-01,3,800,DEL-002519,On-Time
FAC-0065,RIF_INH,2023-10-28,2023-11-05,8,800,DEL-002520,Delayed
FAC-0065,RIF_INH,2023-11-27,2023-12-02,5,800,DEL-002521,Delayed
FAC-0065,RIF_INH,2023-12-27,2024-01-09,13,800,DEL-002522,Delayed
FAC-0065,EPINEPHRINE,2023-01-01,2023-01-21,20,10,DEL-002523,Delayed
FAC-0065,EPINEPHRINE,2023-01-31,2023-02-08,8,10,DEL-002524,Delayed
FAC-0065,EPINEPHRINE,2023-03-02,2023-03-19,17,10,DEL-002525,Delayed
FAC-0065,EPINEPHRINE,2023-04-01,2023-04-03,2,10,DEL-002526,On-Time
FAC-0065,EPINEPHRINE,2023-05-01,2023-05-06,5,10,DEL-002527,Delayed
FAC-0065,EPINEPHRINE,2023-05-31,2023-06-03,3,10,DEL-002528,On-Time
FAC-0065,EPINEPHRINE,2023-06-30,2023-07-17,17,10,DEL-002529,Delayed
FAC-0065,EPINEPHRINE,2023-07-30,2023-08-10,11,10,DEL-002530,Delayed
FAC-0065,EPINEPHRINE,2023-08-29,2023-08-31,2,10,DEL-002531,On-Time
FAC-0065,EPINEPHRINE,2023-09-28,2023-10-01,3,10,DEL-002532,On-Time
FAC-0065,EPINEPHRINE,2023-10-28,2023-11-17,20,10,DEL-002533,Delayed
FAC-0065,EPINEPHRINE,2023-11-27,2023-11-28,1,10,DEL-002534,On-Time
FAC-0065,EPINEPHRINE,2023-12-27,2023-12-30,3,10,DEL-002535,On-Time
FAC-0066,PARACETAMOL,2023-01-01,2023-01-07,6,5000,DEL-002536,Delayed
FAC-0066,PARACETAMOL,2023-01-31,2023-01-31,0,5000,DEL-002537,On-Time
FAC-0066,PARACETAMOL,2023-03-02,2023-03-14,12,5000,DEL-002538,Delayed
FAC-0066,PARACETAMOL,2023-04-01,2023-04-08,7,5000,DEL-002539,Delayed
FAC-0066,PARACETAMOL,2023-05-01,2023-05-02,1,5000,DEL-002540,On-Time
FAC-0066,PARACETAMOL,2023-05-31,2023-05-31,0,5000,DEL-002541,On-Time
FAC-0066,PARACETAMOL,2023-06-30,2023-07-07,7,5000,DEL-002542,Delayed
FAC-0066,PARACETAMOL,2023-07-30,2023-08-23,24,5000,DEL-002543,Delayed
FAC-0066,PARACETAMOL,2023-08-29,2023-09-19,21,5000,DEL-002544,Delayed
FAC-0066,PARACETAMOL,2023-09-28,2023-10-01,3,5000,DEL-002545,On-Time
FAC-0066,PARACETAMOL,2023-10-28,2023-11-02,5,5000,DEL-002546,Delayed
FAC-0066,PARACETAMOL,2023-11-27,2023-12-06,9,5000,DEL-002547,Delayed
FAC-0066,PARACETAMOL,2023-12-27,2023-12-28,1,5000,DEL-002548,On-Time
FAC-0066,RIF_INH,2023-01-01,2023-01-15,14,800,DEL-002549,Delayed
FAC-0066,RIF_INH,2023-01-31,2023-02-04,4,800,DEL-002550,Delayed
FAC-0066,RIF_INH,2023-03-02,2023-04-01,30,800,DEL-002551,Delayed
FAC-0066,RIF_INH,2023-04-01,2023-04-15,14,800,DEL-002552,Delayed
FAC-0066,RIF_INH,2023-05-01,2023-05-06,5,800,DEL-002553,Delayed
FAC-0066,RIF_INH,2023-05-31,2023-06-23,23,800,DEL-002554,Delayed
FAC-0066,RIF_INH,2023-06-30,2023-08-01,32,800,DEL-002555,Delayed
FAC-0066,RIF_INH,2023-07-30,2023-08-10,11,800,DEL-002556,Delayed
FAC-0066,RIF_INH,2023-08-29,2023-09-02,4,800,DEL-002557,Delayed
FAC-0066,RIF_INH,2023-09-28,2023-11-14,47,800,DEL-002558,Delayed
FAC-0066,RIF_INH,2023-10-28,2023-11-25,28,800,DEL-002559,Delayed
FAC-0066,RIF_INH,2023-11-27,2023-12-31,34,800,DEL-002560,Delayed
FAC-0066,RIF_INH,2023-12-27,2024-01-11,15,800,DEL-002561,Delayed
FAC-0066,EPINEPHRINE,2023-01-01,2023-01-15,14,10,DEL-002562,Delayed
FAC-0066,EPINEPHRINE,2023-01-31,2023-02-16,16,10,DEL-002563,Delayed
FAC-0066,EPINEPHRINE,2023-03-02,2023-03-04,2,10,DEL-002564,On-Time
FAC-0066,EPINEPHRINE,2023-04-01,2023-04-14,13,10,DEL-002565,Delayed
FAC-0066,EPINEPHRINE,2023-05-01,2023-05-03,2,10,DEL-002566,On-Time
FAC-0066,EPINEPHRINE,2023-05-31,2023-06-04,4,10,DEL-002567,Delayed
FAC-0066,EPINEPHRINE,2023-06-30,2023-07-05,5,10,DEL-002568,Delayed
FAC-0066,EPINEPHRINE,2023-07-30,2023-08-19,20,10,DEL-002569,Delayed
FAC-0066,EPINEPHRINE,2023-08-29,2023-09-08,10,10,DEL-002570,Delayed
FAC-0066,EPINEPHRINE,2023-09-28,2023-10-08,10,10,DEL-002571,Delayed
FAC-0066,EPINEPHRINE,2023-10-28,2023-11-12,15,10,DEL-002572,Delayed
FAC-0066,EPINEPHRINE,2023-11-27,2023-12-07,10,10,DEL-002573,Delayed
FAC-0066,EPINEPHRINE,2023-12-27,2024-01-13,17,10,DEL-002574,Delayed
FAC-0067,PARACETAMOL,2023-01-01,2023-01-02,1,5000,DEL-002575,On-Time
FAC-0067,PARACETAMOL,2023-01-31,2023-02-07,7,5000,DEL-002576,Delayed
FAC-0067,PARACETAMOL,2023-03-02,2023-03-12,10,5000,DEL-002577,Delayed
FAC-0067,PARACETAMOL,2023-04-01,2023-04-02,1,5000,DEL-002578,On-Time
FAC-0067,PARACETAMOL,2023-05-01,2023-05-09,8,5000,DEL-002579,Delayed
FAC-0067,PARACETAMOL,2023-05-31,2023-06-08,8,5000,DEL-002580,Delayed
FAC-0067,PARACETAMOL,2023-06-30,2023-07-17,17,5000,DEL-002581,Delayed
FAC-0067,PARACETAMOL,2023-07-30,2023-08-04,5,5000,DEL-002582,Delayed
FAC-0067,PARACETAMOL,2023-08-29,2023-09-13,15,5000,DEL-002583,Delayed
FAC-0067,PARACETAMOL,2023-09-28,2023-10-17,19,5000,DEL-002584,Delayed
FAC-0067,PARACETAMOL,2023-10-28,2023-11-13,16,5000,DEL-002585,Delayed
FAC-0067,PARACETAMOL,2023-11-27,2023-12-01,4,5000,DEL-002586,Delayed
FAC-0067,PARACETAMOL,2023-12-27,2024-01-14,18,5000,DEL-002587,Delayed
FAC-0067,RIF_INH,2023-01-01,2023-01-17,16,800,DEL-002588,Delayed
FAC-0067,RIF_INH,2023-01-31,2023-02-05,5,800,DEL-002589,Delayed
FAC-0067,RIF_INH,2023-03-02,2023-03-05,3,800,DEL-002590,On-Time
FAC-0067,RIF_INH,2023-04-01,2023-04-06,5,800,DEL-002591,Delayed
FAC-0067,RIF_INH,2023-05-01,2023-05-03,2,800,DEL-002592,On-Time
FAC-0067,RIF_INH,2023-05-31,2023-06-11,11,800,DEL-002593,Delayed
FAC-0067,RIF_INH,2023-06-30,2023-07-10,10,800,DEL-002594,Delayed
FAC-0067,RIF_INH,2023-07-30,2023-08-07,8,800,DEL-002595,Delayed
FAC-0067,RIF_INH,2023-08-29,2023-09-02,4,800,DEL-002596,Delayed
FAC-0067,RIF_INH,2023-09-28,2023-09-29,1,800,DEL-002597,On-Time
FAC-0067,RIF_INH,2023-10-28,2023-11-29,32,800,DEL-002598,Delayed
FAC-0067,RIF_INH,2023-11-27,2023-12-09,12,800,DEL-002599,Delayed
FAC-0067,RIF_INH,2023-12-27,2024-01-17,21,800,DEL-002600,Delayed
FAC-0067,EPINEPHRINE,2023-01-01,2023-01-26,25,10,DEL-002601,Delayed
FAC-0067,EPINEPHRINE,2023-01-31,2023-02-21,21,10,DEL-002602,Delayed
FAC-0067,EPINEPHRINE,2023-03-02,2023-03-09,7,10,DEL-002603,Delayed
FAC-0067,EPINEPHRINE,2023-04-01,2023-04-15,14,10,DEL-002604,Delayed
FAC-0067,EPINEPHRINE,2023-05-01,2023-05-01,0,10,DEL-002605,On-Time
FAC-0067,EPINEPHRINE,2023-05-31,2023-06-23,23,10,DEL-002606,Delayed
FAC-0067,EPINEPHRINE,2023-06-30,2023-08-02,33,10,DEL-002607,Delayed
FAC-0067,EPINEPHRINE,2023-07-30,2023-09-06,38,10,DEL-002608,Delayed
FAC-0067,EPINEPHRINE,2023-08-29,2023-09-01,3,10,DEL-002609,On-Time
FAC-0067,EPINEPHRINE,2023-09-28,2023-10-01,3,10,DEL-002610,On-Time
FAC-0067,EPINEPHRINE,2023-10-28,2023-11-06,9,10,DEL-002611,Delayed
FAC-0067,EPINEPHRINE,2023-11-27,2023-12-11,14,10,DEL-002612,Delayed
FAC-0067,EPINEPHRINE,2023-12-27,2024-01-08,12,10,DEL-002613,Delayed
FAC-0068,PARACETAMOL,2023-01-01,2023-01-25,24,5000,DEL-002614,Delayed
FAC-0068,PARACETAMOL,2023-01-31,2023-02-09,9,5000,DEL-002615,Delayed
FAC-0068,PARACETAMOL,2023-03-02,2023-03-11,9,5000,DEL-002616,Delayed
FAC-0068,PARACETAMOL,2023-04-01,2023-04-10,9,5000,DEL-002617,Delayed
FAC-0068,PARACETAMOL,2023-05-01,2023-05-08,7,5000,DEL-002618,Delayed
FAC-0068,PARACETAMOL,2023-05-31,2023-06-06,6,5000,DEL-002619,Delayed
FAC-0068,PARACETAMOL,2023-06-30,2023-07-04,4,5000,DEL-002620,Delayed
FAC-0068,PARACETAMOL,2023-07-30,2023-07-31,1,5000,DEL-002621,On-Time
FAC-0068,PARACETAMOL,2023-08-29,2023-09-01,3,5000,DEL-002622,On-Time
FAC-0068,PARACETAMOL,2023-09-28,2023-09-29,1,5000,DEL-002623,On-Time
FAC-0068,PARACETAMOL,2023-10-28,2023-11-05,8,5000,DEL-002624,Delayed
FAC-0068,PARACETAMOL,2023-11-27,2024-01-11,45,5000,DEL-002625,Delayed
FAC-0068,PARACETAMOL,2023-12-27,2024-01-06,10,5000,DEL-002626,Delayed
FAC-0068,RIF_INH,2023-01-01,2023-01-10,9,800,DEL-002627,Delayed
FAC-0068,RIF_INH,2023-01-31,2023-02-10,10,800,DEL-002628,Delayed
FAC-0068,RIF_INH,2023-03-02,2023-03-05,3,800,DEL-002629,On-Time
FAC-0068,RIF_INH,2023-04-01,2023-04-09,8,800,DEL-002630,Delayed
FAC-0068,RIF_INH,2023-05-01,2023-05-03,2,800,DEL-002631,On-Time
FAC-0068,RIF_INH,2023-05-31,2023-06-13,13,800,DEL-002632,Delayed
FAC-0068,RIF_INH,2023-06-30,2023-07-23,23,800,DEL-002633,Delayed
FAC-0068,RIF_INH,2023-07-30,2023-08-02,3,800,DEL-002634,On-Time
FAC-0068,RIF_INH,2023-08-29,2023-10-01,33,800,DEL-002635,Delayed
FAC-0068,RIF_INH,2023-09-28,2023-10-25,27,800,DEL-002636,Delayed
FAC-0068,RIF_INH,2023-10-28,2023-10-28,0,800,DEL-002637,On-Time
FAC-0068,RIF_INH,2023-11-27,2023-12-02,5,800,DEL-002638,Delayed
FAC-0068,RIF_INH,2023-12-27,2023-12-29,2,800,DEL-002639,On-Time
FAC-0068,EPINEPHRINE,2023-01-01,2023-01-03,2,10,DEL-002640,On-Time
FAC-0068,EPINEPHRINE,2023-01-31,2023-02-21,21,10,DEL-002641,Delayed
FAC-0068,EPINEPHRINE,2023-03-02,2023-03-17,15,10,DEL-002642,Delayed
FAC-0068,EPINEPHRINE,2023-04-01,2023-04-09,8,10,DEL-002643,Delayed
FAC-0068,EPINEPHRINE,2023-05-01,2023-05-21,20,10,DEL-002644,Delayed
FAC-0068,EPINEPHRINE,2023-05-31,2023-06-18,18,10,DEL-002645,Delayed
FAC-0068,EPINEPHRINE,2023-06-30,2023-07-01,1,10,DEL-002646,On-Time
FAC-0068,EPINEPHRINE,2023-07-30,2023-07-31,1,10,DEL-002647,On-Time
FAC-0068,EPINEPHRINE,2023-08-29,2023-09-15,17,10,DEL-002648,Delayed
FAC-0068,EPINEPHRINE,2023-09-28,2023-09-29,1,10,DEL-002649,On-Time
FAC-0068,EPINEPHRINE,2023-10-28,2023-11-20,23,10,DEL-002650,Delayed
FAC-0068,EPINEPHRINE,2023-11-27,2023-12-09,12,10,DEL-002651,Delayed
FAC-0068,EPINEPHRINE,2023-12-27,2024-01-11,15,10,DEL-002652,Delayed
FAC-0069,PARACETAMOL,2023-01-01,2023-01-07,6,5000,DEL-002653,Delayed
FAC-0069,PARACETAMOL,2023-01-31,2023-02-03,3,5000,DEL-002654,On-Time
FAC-0069,PARACETAMOL,2023-03-02,2023-03-06,4,5000,DEL-002655,Delayed
FAC-0069,PARACETAMOL,2023-04-01,2023-04-02,1,5000,DEL-002656,On-Time
FAC-0069,PARACETAMOL,2023-05-01,2023-05-06,5,5000,DEL-002657,Delayed
FAC-0069,PARACETAMOL,2023-05-31,2023-06-14,14,5000,DEL-002658,Delayed
FAC-0069,PARACETAMOL,2023-06-30,2023-07-25,25,5000,DEL-002659,Delayed
FAC-0069,PARACETAMOL,2023-07-30,2023-07-30,0,5000,DEL-002660,On-Time
FAC-0069,PARACETAMOL,2023-08-29,2023-09-22,24,5000,DEL-002661,Delayed
FAC-0069,PARACETAMOL,2023-09-28,2023-11-04,37,5000,DEL-002662,Delayed
FAC-0069,PARACETAMOL,2023-10-28,2023-11-29,32,5000,DEL-002663,Delayed
FAC-0069,PARACETAMOL,2023-11-27,2023-12-06,9,5000,DEL-002664,Delayed
FAC-0069,PARACETAMOL,2023-12-27,2024-01-20,24,5000,DEL-002665,Delayed
FAC-0069,RIF_INH,2023-01-01,2023-01-18,17,800,DEL-002666,Delayed
FAC-0069,RIF_INH,2023-01-31,2023-02-09,9,800,DEL-002667,Delayed
FAC-0069,RIF_INH,2023-03-02,2023-03-12,10,800,DEL-002668,Delayed
FAC-0069,RIF_INH,2023-04-01,2023-04-03,2,800,DEL-002669,On-Time
FAC-0069,RIF_INH,2023-05-01,2023-05-22,21,800,DEL-002670,Delayed
FAC-0069,RIF_INH,2023-05-31,2023-05-31,0,800,DEL-002671,On-Time
FAC-0069,RIF_INH,2023-06-30,2023-07-14,14,800,DEL-002672,Delayed
FAC-0069,RIF_INH,2023-07-30,2023-09-15,47,800,DEL-002673,Delayed
FAC-0069,RIF_INH,2023-08-29,2023-09-15,17,800,DEL-002674,Delayed
FAC-0069,RIF_INH,2023-09-28,2023-10-07,9,800,DEL-002675,Delayed
FAC-0069,RIF_INH,2023-10-28,2023-11-02,5,800,DEL-002676,Delayed
FAC-0069,RIF_INH,2023-11-27,2023-12-20,23,800,DEL-002677,Delayed
FAC-0069,RIF_INH,2023-12-27,2023-12-28,1,800,DEL-002678,On-Time
FAC-0069,EPINEPHRINE,2023-01-01,2023-01-09,8,10,DEL-002679,Delayed
FAC-0069,EPINEPHRINE,2023-01-31,2023-02-18,18,10,DEL-002680,Delayed
FAC-0069,EPINEPHRINE,2023-03-02,2023-03-06,4,10,DEL-002681,Delayed
FAC-0069,EPINEPHRINE,2023-04-01,2023-04-07,6,10,DEL-002682,Delayed
FAC-0069,EPINEPHRINE,2023-05-01,2023-05-02,1,10,DEL-002683,On-Time
FAC-0069,EPINEPHRINE,2023-05-31,2023-06-01,1,10,DEL-002684,On-Time
FAC-0069,EPINEPHRINE,2023-06-30,2023-06-30,0,10,DEL-002685,On-Time
FAC-0069,EPINEPHRINE,2023-07-30,2023-08-04,5,10,DEL-002686,Delayed
FAC-0069,EPINEPHRINE,2023-08-29,2023-09-06,8,10,DEL-002687,Delayed
FAC-0069,EPINEPHRINE,2023-09-28,2023-10-02,4,10,DEL-002688,Delayed
FAC-0069,EPINEPHRINE,2023-10-28,2023-11-01,4,10,DEL-002689,Delayed
FAC-0069,EPINEPHRINE,2023-11-27,2023-12-11,14,10,DEL-002690,Delayed
FAC-0069,EPINEPHRINE,2023-12-27,2024-01-29,33,10,DEL-002691,Delayed
FAC-0070,PARACETAMOL,2023-01-01,2023-01-13,12,5000,DEL-002692,Delayed
FAC-0070,PARACETAMOL,2023-01-31,2023-02-12,12,5000,DEL-002693,Delayed
FAC-0070,PARACETAMOL,2023-03-02,2023-03-07,5,5000,DEL-002694,Delayed
FAC-0070,PARACETAMOL,2023-04-01,2023-04-08,7,5000,DEL-002695,Delayed
FAC-0070,PARACETAMOL,2023-05-01,2023-05-07,6,5000,DEL-002696,Delayed
FAC-0070,PARACETAMOL,2023-05-31,2023-07-19,49,5000,DEL-002697,Delayed
FAC-0070,PARACETAMOL,2023-06-30,2023-07-20,20,5000,DEL-002698,Delayed
FAC-0070,PARACETAMOL,2023-07-30,2023-08-23,24,5000,DEL-002699,Delayed
FAC-0070,PARACETAMOL,2023-08-29,2023-09-01,3,5000,DEL-002700,On-Time
FAC-0070,PARACETAMOL,2023-09-28,2023-10-26,28,5000,DEL-002701,Delayed
FAC-0070,PARACETAMOL,2023-10-28,2023-11-06,9,5000,DEL-002702,Delayed
FAC-0070,PARACETAMOL,2023-11-27,2023-11-29,2,5000,DEL-002703,On-Time
FAC-0070,PARACETAMOL,2023-12-27,2024-01-12,16,5000,DEL-002704,Delayed
FAC-0070,RIF_INH,2023-01-01,2023-01-03,2,800,DEL-002705,On-Time
FAC-0070,RIF_INH,2023-01-31,2023-02-09,9,800,DEL-002706,Delayed
FAC-0070,RIF_INH,2023-03-02,2023-03-04,2,800,DEL-002707,On-Time
FAC-0070,RIF_INH,2023-04-01,2023-04-13,12,800,DEL-002708,Delayed
FAC-0070,RIF_INH,2023-05-01,2023-05-04,3,800,DEL-002709,On-Time
FAC-0070,RIF_INH,2023-05-31,2023-06-03,3,800,DEL-002710,On-Time
FAC-0070,RIF_INH,2023-06-30,2023-07-02,2,800,DEL-002711,On-Time
FAC-0070,RIF_INH,2023-07-30,2023-07-30,0,800,DEL-002712,On-Time
FAC-0070,RIF_INH,2023-08-29,2023-08-31,2,800,DEL-002713,On-Time
FAC-0070,RIF_INH,2023-09-28,2023-10-22,24,800,DEL-002714,Delayed
FAC-0070,RIF_INH,2023-10-28,2023-11-04,7,800,DEL-002715,Delayed
FAC-0070,RIF_INH,2023-11-27,2023-12-26,29,800,DEL-002716,Delayed
FAC-0070,RIF_INH,2023-12-27,2024-02-08,43,800,DEL-002717,Delayed
FAC-0070,EPINEPHRINE,2023-01-01,2023-02-17,47,10,DEL-002718,Delayed
FAC-0070,EPINEPHRINE,2023-01-31,2023-02-01,1,10,DEL-002719,On-Time
FAC-0070,EPINEPHRINE,2023-03-02,2023-03-14,12,10,DEL-002720,Delayed
FAC-0070,EPINEPHRINE,2023-04-01,2023-04-02,1,10,DEL-002721,On-Time
FAC-0070,EPINEPHRINE,2023-05-01,2023-06-04,34,10,DEL-002722,Delayed
FAC-0070,EPINEPHRINE,2023-05-31,2023-06-24,24,10,DEL-002723,Delayed
FAC-0070,EPINEPHRINE,2023-06-30,2023-07-07,7,10,DEL-002724,Delayed
FAC-0070,EPINEPHRINE,2023-07-30,2023-08-06,7,10,DEL-002725,Delayed
FAC-0070,EPINEPHRINE,2023-08-29,2023-09-11,13,10,DEL-002726,Delayed
FAC-0070,EPINEPHRINE,2023-09-28,2023-10-17,19,10,DEL-002727,Delayed
FAC-0070,EPINEPHRINE,2023-10-28,2023-11-27,30,10,DEL-002728,Delayed
FAC-0070,EPINEPHRINE,2023-11-27,2023-11-28,1,10,DEL-002729,On-Time
FAC-0070,EPINEPHRINE,2023-12-27,2024-01-09,13,10,DEL-002730,Delayed
FAC-0071,PARACETAMOL,2023-01-01,2023-01-09,8,5000,DEL-002731,Delayed
FAC-0071,PARACETAMOL,2023-01-31,2023-02-05,5,5000,DEL-002732,Delayed
FAC-0071,PARACETAMOL,2023-03-02,2023-03-24,22,5000,DEL-002733,Delayed
FAC-0071,PARACETAMOL,2023-04-01,2023-04-10,9,5000,DEL-002734,Delayed
FAC-0071,PARACETAMOL,2023-05-01,2023-05-26,25,5000,DEL-002735,Delayed
FAC-0071,PARACETAMOL,2023-05-31,2023-07-01,31,5000,DEL-002736,Delayed
FAC-0071,PARACETAMOL,2023-06-30,2023-07-08,8,5000,DEL-002737,Delayed
FAC-0071,PARACETAMOL,2023-07-30,2023-07-30,0,5000,DEL-002738,On-Time
FAC-0071,PARACETAMOL,2023-08-29,2023-10-31,63,5000,DEL-002739,Delayed
FAC-0071,PARACETAMOL,2023-09-28,2023-10-20,22,5000,DEL-002740,Delayed
FAC-0071,PARACETAMOL,2023-10-28,2023-12-07,40,5000,DEL-002741,Delayed
FAC-0071,PARACETAMOL,2023-11-27,2023-11-28,1,5000,DEL-002742,On-Time
FAC-0071,PARACETAMOL,2023-12-27,2023-12-29,2,5000,DEL-002743,On-Time
FAC-0071,RIF_INH,2023-01-01,2023-01-02,1,800,DEL-002744,On-Time
FAC-0071,RIF_INH,2023-01-31,2023-02-04,4,800,DEL-002745,Delayed
FAC-0071,RIF_INH,2023-03-02,2023-03-02,0,800,DEL-002746,On-Time
FAC-0071,RIF_INH,2023-04-01,2023-05-08,37,800,DEL-002747,Delayed
FAC-0071,RIF_INH,2023-05-01,2023-05-07,6,800,DEL-002748,Delayed
FAC-0071,RIF_INH,2023-05-31,2023-06-28,28,800,DEL-002749,Delayed
FAC-0071,RIF_INH,2023-06-30,2023-08-01,32,800,DEL-002750,Delayed
FAC-0071,RIF_INH,2023-07-30,2023-08-30,31,800,DEL-002751,Delayed
FAC-0071,RIF_INH,2023-08-29,2023-09-09,11,800,DEL-002752,Delayed
FAC-0071,RIF_INH,2023-09-28,2023-11-30,63,800,DEL-002753,Delayed
FAC-0071,RIF_INH,2023-10-28,2023-12-07,40,800,DEL-002754,Delayed
FAC-0071,RIF_INH,2023-11-27,2024-01-23,57,800,DEL-002755,Delayed
FAC-0071,RIF_INH,2023-12-27,2024-01-11,15,800,DEL-002756,Delayed
FAC-0071,EPINEPHRINE,2023-01-01,2023-02-06,36,10,DEL-002757,Delayed
FAC-0071,EPINEPHRINE,2023-01-31,2023-02-11,11,10,DEL-002758,Delayed
FAC-0071,EPINEPHRINE,2023-03-02,2023-03-25,23,10,DEL-002759,Delayed
FAC-0071,EPINEPHRINE,2023-04-01,2023-04-22,21,10,DEL-002760,Delayed
FAC-0071,EPINEPHRINE,2023-05-01,2023-05-02,1,10,DEL-002761,On-Time
FAC-0071,EPINEPHRINE,2023-05-31,2023-06-04,4,10,DEL-002762,Delayed
FAC-0071,EPINEPHRINE,2023-06-30,2023-07-27,27,10,DEL-002763,Delayed
FAC-0071,EPINEPHRINE,2023-07-30,2023-07-30,0,10,DEL-002764,On-Time
FAC-0071,EPINEPHRINE,2023-08-29,2023-09-24,26,10,DEL-002765,Delayed
FAC-0071,EPINEPHRINE,2023-09-28,2023-10-13,15,10,DEL-002766,Delayed
FAC-0071,EPINEPHRINE,2023-10-28,2024-01-20,84,10,DEL-002767,Delayed
FAC-0071,EPINEPHRINE,2023-11-27,2023-11-27,0,10,DEL-002768,On-Time
FAC-0071,EPINEPHRINE,2023-12-27,2024-01-09,13,10,DEL-002769,Delayed
FAC-0072,PARACETAMOL,2023-01-01,2023-02-23,53,5000,DEL-002770,Delayed
FAC-0072,PARACETAMOL,2023-01-31,2023-01-31,0,5000,DEL-002771,On-Time
FAC-0072,PARACETAMOL,2023-03-02,2023-03-20,18,5000,DEL-002772,Delayed
FAC-0072,PARACETAMOL,2023-04-01,2023-04-08,7,5000,DEL-002773,Delayed
FAC-0072,PARACETAMOL,2023-05-01,2023-05-05,4,5000,DEL-002774,Delayed
FAC-0072,PARACETAMOL,2023-05-31,2023-06-23,23,5000,DEL-002775,Delayed
FAC-0072,PARACETAMOL,2023-06-30,2023-07-10,10,5000,DEL-002776,Delayed
FAC-0072,PARACETAMOL,2023-07-30,2023-08-13,14,5000,DEL-002777,Delayed
FAC-0072,PARACETAMOL,2023-08-29,2023-08-29,0,5000,DEL-002778,On-Time
FAC-0072,PARACETAMOL,2023-09-28,2023-10-11,13,5000,DEL-002779,Delayed
FAC-0072,PARACETAMOL,2023-10-28,2023-10-29,1,5000,DEL-002780,On-Time
FAC-0072,PARACETAMOL,2023-11-27,2023-12-08,11,5000,DEL-002781,Delayed
FAC-0072,PARACETAMOL,2023-12-27,2023-12-28,1,5000,DEL-002782,On-Time
FAC-0072,RIF_INH,2023-01-01,2023-01-19,18,800,DEL-002783,Delayed
FAC-0072,RIF_INH,2023-01-31,2023-02-03,3,800,DEL-002784,On-Time
FAC-0072,RIF_INH,2023-03-02,2023-03-02,0,800,DEL-002785,On-Time
FAC-0072,RIF_INH,2023-04-01,2023-04-29,28,800,DEL-002786,Delayed
FAC-0072,RIF_INH,2023-05-01,2023-05-05,4,800,DEL-002787,Delayed
FAC-0072,RIF_INH,2023-05-31,2023-05-31,0,800,DEL-002788,On-Time
FAC-0072,RIF_INH,2023-06-30,2023-07-20,20,800,DEL-002789,Delayed
FAC-0072,RIF_INH,2023-07-30,2023-08-11,12,800,DEL-002790,Delayed
FAC-0072,RIF_INH,2023-08-29,2023-09-14,16,800,DEL-002791,Delayed
FAC-0072,RIF_INH,2023-09-28,2023-11-01,34,800,DEL-002792,Delayed
FAC-0072,RIF_INH,2023-10-28,2023-10-31,3,800,DEL-002793,On-Time
FAC-0072,RIF_INH,2023-11-27,2023-12-01,4,800,DEL-002794,Delayed
FAC-0072,RIF_INH,2023-12-27,2024-01-19,23,800,DEL-002795,Delayed
FAC-0072,EPINEPHRINE,2023-01-01,2023-01-08,7,10,DEL-002796,Delayed
FAC-0072,EPINEPHRINE,2023-01-31,2023-02-04,4,10,DEL-002797,Delayed
FAC-0072,EPINEPHRINE,2023-03-02,2023-03-30,28,10,DEL-002798,Delayed
FAC-0072,EPINEPHRINE,2023-04-01,2023-04-08,7,10,DEL-002799,Delayed
FAC-0072,EPINEPHRINE,2023-05-01,2023-05-08,7,10,DEL-002800,Delayed
FAC-0072,EPINEPHRINE,2023-05-31,2023-07-19,49,10,DEL-002801,Delayed
FAC-0072,EPINEPHRINE,2023-06-30,2023-06-30,0,10,DEL-002802,On-Time
FAC-0072,EPINEPHRINE,2023-07-30,2023-09-18,50,10,DEL-002803,Delayed
FAC-0072,EPINEPHRINE,2023-08-29,2023-09-04,6,10,DEL-002804,Delayed
FAC-0072,EPINEPHRINE,2023-09-28,2023-11-22,55,10,DEL-002805,Delayed
FAC-0072,EPINEPHRINE,2023-10-28,2023-10-30,2,10,DEL-002806,On-Time
FAC-0072,EPINEPHRINE,2023-11-27,2023-12-11,14,10,DEL-002807,Delayed
FAC-0072,EPINEPHRINE,2023-12-27,2024-01-18,22,10,DEL-002808,Delayed
FAC-0073,PARACETAMOL,2023-01-01,2023-01-06,5,5000,DEL-002809,Delayed
FAC-0073,PARACETAMOL,2023-01-31,2023-01-31,0,5000,DEL-002810,On-Time
FAC-0073,PARACETAMOL,2023-03-02,2023-03-02,0,5000,DEL-002811,On-Time
FAC-0073,PARACETAMOL,2023-04-01,2023-04-04,3,5000,DEL-002812,On-Time
FAC-0073,PARACETAMOL,2023-05-01,2023-05-01,0,5000,DEL-002813,On-Time
FAC-0073,PARACETAMOL,2023-05-31,2023-06-06,6,5000,DEL-002814,Delayed
FAC-0073,PARACETAMOL,2023-06-30,2023-07-07,7,5000,DEL-002815,Delayed
FAC-0073,PARACETAMOL,2023-07-30,2023-07-30,0,5000,DEL-002816,On-Time
FAC-0073,PARACETAMOL,2023-08-29,2023-09-03,5,5000,DEL-002817,Delayed
FAC-0073,PARACETAMOL,2023-09-28,2023-09-28,0,5000,DEL-002818,On-Time
FAC-0073,PARACETAMOL,2023-10-28,2023-11-09,12,5000,DEL-002819,Delayed
FAC-0073,PARACETAMOL,2023-11-27,2023-11-29,2,5000,DEL-002820,On-Time
FAC-0073,PARACETAMOL,2023-12-27,2024-01-01,5,5000,DEL-002821,Delayed
FAC-0073,RIF_INH,2023-01-01,2023-01-06,5,800,DEL-002822,Delayed
FAC-0073,RIF_INH,2023-01-31,2023-02-04,4,800,DEL-002823,Delayed
FAC-0073,RIF_INH,2023-03-02,2023-03-05,3,800,DEL-002824,On-Time
FAC-0073,RIF_INH,2023-04-01,2023-04-01,0,800,DEL-002825,On-Time
FAC-0073,RIF_INH,2023-05-01,2023-05-08,7,800,DEL-002826,Delayed
FAC-0073,RIF_INH,2023-05-31,2023-06-03,3,800,DEL-002827,On-Time
FAC-0073,RIF_INH,2023-06-30,2023-07-01,1,800,DEL-002828,On-Time
FAC-0073,RIF_INH,2023-07-30,2023-07-31,1,800,DEL-002829,On-Time
FAC-0073,RIF_INH,2023-08-29,2023-08-30,1,800,DEL-002830,On-Time
FAC-0073,RIF_INH,2023-09-28,2023-09-28,0,800,DEL-002831,On-Time
FAC-0073,RIF_INH,2023-10-28,2023-10-28,0,800,DEL-002832,On-Time
FAC-0073,RIF_INH,2023-11-27,2023-11-27,0,800,DEL-002833,On-Time
FAC-0073,RIF_INH,2023-12-27,2023-12-30,3,800,DEL-002834,On-Time
FAC-0073,EPINEPHRINE,2023-01-01,2023-01-03,2,10,DEL-002835,On-Time
FAC-0073,EPINEPHRINE,2023-01-31,2023-02-12,12,10,DEL-002836,Delayed
FAC-0073,EPINEPHRINE,2023-03-02,2023-03-03,1,10,DEL-002837,On-Time
FAC-0073,EPINEPHRINE,2023-04-01,2023-04-04,3,10,DEL-002838,On-Time
FAC-0073,EPINEPHRINE,2023-05-01,2023-05-01,0,10,DEL-002839,On-Time
FAC-0073,EPINEPHRINE,2023-05-31,2023-06-01,1,10,DEL-002840,On-Time
FAC-0073,EPINEPHRINE,2023-06-30,2023-07-03,3,10,DEL-002841,On-Time
FAC-0073,EPINEPHRINE,2023-07-30,2023-08-10,11,10,DEL-002842,Delayed
FAC-0073,EPINEPHRINE,2023-08-29,2023-09-10,12,10,DEL-002843,Delayed
FAC-0073,EPINEPHRINE,2023-09-28,2023-09-28,0,10,DEL-002844,On-Time
FAC-0073,EPINEPHRINE,2023-10-28,2023-10-31,3,10,DEL-002845,On-Time
FAC-0073,EPINEPHRINE,2023-11-27,2023-11-27,0,10,DEL-002846,On-Time
FAC-0073,EPINEPHRINE,2023-12-27,2024-01-04,8,10,DEL-002847,Delayed
FAC-0074,PARACETAMOL,2023-01-01,2023-01-23,22,5000,DEL-002848,Delayed
FAC-0074,PARACETAMOL,2023-01-31,2023-02-04,4,5000,DEL-002849,Delayed
FAC-0074,PARACETAMOL,2023-03-02,2023-03-10,8,5000,DEL-002850,Delayed
FAC-0074,PARACETAMOL,2023-04-01,2023-04-01,0,5000,DEL-002851,On-Time
FAC-0074,PARACETAMOL,2023-05-01,2023-05-09,8,5000,DEL-002852,Delayed
FAC-0074,PARACETAMOL,2023-05-31,2023-06-13,13,5000,DEL-002853,Delayed
FAC-0074,PARACETAMOL,2023-06-30,2023-07-11,11,5000,DEL-002854,Delayed
FAC-0074,PARACETAMOL,2023-07-30,2023-08-21,22,5000,DEL-002855,Delayed
FAC-0074,PARACETAMOL,2023-08-29,2023-08-31,2,5000,DEL-002856,On-Time
FAC-0074,PARACETAMOL,2023-09-28,2023-10-28,30,5000,DEL-002857,Delayed
FAC-0074,PARACETAMOL,2023-10-28,2023-11-05,8,5000,DEL-002858,Delayed
FAC-0074,PARACETAMOL,2023-11-27,2023-12-05,8,5000,DEL-002859,Delayed
FAC-0074,PARACETAMOL,2023-12-27,2024-01-02,6,5000,DEL-002860,Delayed
FAC-0074,RIF_INH,2023-01-01,2023-01-26,25,800,DEL-002861,Delayed
FAC-0074,RIF_INH,2023-01-31,2023-02-08,8,800,DEL-002862,Delayed
FAC-0074,RIF_INH,2023-03-02,2023-03-08,6,800,DEL-002863,Delayed
FAC-0074,RIF_INH,2023-04-01,2023-04-18,17,800,DEL-002864,Delayed
FAC-0074,RIF_INH,2023-05-01,2023-05-18,17,800,DEL-002865,Delayed
FAC-0074,RIF_INH,2023-05-31,2023-06-06,6,800,DEL-002866,Delayed
FAC-0074,RIF_INH,2023-06-30,2023-08-01,32,800,DEL-002867,Delayed
FAC-0074,RIF_INH,2023-07-30,2023-08-07,8,800,DEL-002868,Delayed
FAC-0074,RIF_INH,2023-08-29,2023-09-20,22,800,DEL-002869,Delayed
FAC-0074,RIF_INH,2023-09-28,2023-10-03,5,800,DEL-002870,Delayed
FAC-0074,RIF_INH,2023-10-28,2023-11-23,26,800,DEL-002871,Delayed
FAC-0074,RIF_INH,2023-11-27,2023-12-22,25,800,DEL-002872,Delayed
FAC-0074,RIF_INH,2023-12-27,2024-01-17,21,800,DEL-002873,Delayed
FAC-0074,EPINEPHRINE,2023-01-01,2023-01-28,27,10,DEL-002874,Delayed
FAC-0074,EPINEPHRINE,2023-01-31,2023-02-14,14,10,DEL-002875,Delayed
FAC-0074,EPINEPHRINE,2023-03-02,2023-03-05,3,10,DEL-002876,On-Time
FAC-0074,EPINEPHRINE,2023-04-01,2023-04-13,12,10,DEL-002877,Delayed
FAC-0074,EPINEPHRINE,2023-05-01,2023-05-05,4,10,DEL-002878,Delayed
FAC-0074,EPINEPHRINE,2023-05-31,2023-06-16,16,10,DEL-002879,Delayed
FAC-0074,EPINEPHRINE,2023-06-30,2023-07-02,2,10,DEL-002880,On-Time
FAC-0074,EPINEPHRINE,2023-07-30,2023-08-13,14,10,DEL-002881,Delayed
FAC-0074,EPINEPHRINE,2023-08-29,2023-08-31,2,10,DEL-002882,On-Time
FAC-0074,EPINEPHRINE,2023-09-28,2023-10-13,15,10,DEL-002883,Delayed
FAC-0074,EPINEPHRINE,2023-10-28,2024-01-06,70,10,DEL-002884,Delayed
FAC-0074,EPINEPHRINE,2023-11-27,2023-12-16,19,10,DEL-002885,Delayed
FAC-0074,EPINEPHRINE,2023-12-27,2024-01-02,6,10,DEL-002886,Delayed
FAC-0075,PARACETAMOL,2023-01-01,2023-01-05,4,5000,DEL-002887,Delayed
FAC-0075,PARACETAMOL,2023-01-31,2023-02-08,8,5000,DEL-002888,Delayed
FAC-0075,PARACETAMOL,2023-03-02,2023-03-13,11,5000,DEL-002889,Delayed
FAC-0075,PARACETAMOL,2023-04-01,2023-04-15,14,5000,DEL-002890,Delayed
FAC-0075,PARACETAMOL,2023-05-01,2023-05-05,4,5000,DEL-002891,Delayed
FAC-0075,PARACETAMOL,2023-05-31,2023-06-15,15,5000,DEL-002892,Delayed
FAC-0075,PARACETAMOL,2023-06-30,2023-07-02,2,5000,DEL-002893,On-Time
FAC-0075,PARACETAMOL,2023-07-30,2023-09-08,40,5000,DEL-002894,Delayed
FAC-0075,PARACETAMOL,2023-08-29,2023-09-18,20,5000,DEL-002895,Delayed
FAC-0075,PARACETAMOL,2023-09-28,2023-10-08,10,5000,DEL-002896,Delayed
FAC-0075,PARACETAMOL,2023-10-28,2023-11-14,17,5000,DEL-002897,Delayed
FAC-0075,PARACETAMOL,2023-11-27,2023-11-29,2,5000,DEL-002898,On-Time
FAC-0075,PARACETAMOL,2023-12-27,2024-01-26,30,5000,DEL-002899,Delayed
FAC-0075,RIF_INH,2023-01-01,2023-02-06,36,800,DEL-002900,Delayed
FAC-0075,RIF_INH,2023-01-31,2023-02-03,3,800,DEL-002901,On-Time
FAC-0075,RIF_INH,2023-03-02,2023-03-02,0,800,DEL-002902,On-Time
FAC-0075,RIF_INH,2023-04-01,2023-04-07,6,800,DEL-002903,Delayed
FAC-0075,RIF_INH,2023-05-01,2023-05-18,17,800,DEL-002904,Delayed
FAC-0075,RIF_INH,2023-05-31,2023-07-25,55,800,DEL-002905,Delayed
FAC-0075,RIF_INH,2023-06-30,2023-07-06,6,800,DEL-002906,Delayed
FAC-0075,RIF_INH,2023-07-30,2023-08-05,6,800,DEL-002907,Delayed
FAC-0075,RIF_INH,2023-08-29,2023-08-30,1,800,DEL-002908,On-Time
FAC-0075,RIF_INH,2023-09-28,2023-10-29,31,800,DEL-002909,Delayed
FAC-0075,RIF_INH,2023-10-28,2023-12-15,48,800,DEL-002910,Delayed
FAC-0075,RIF_INH,2023-11-27,2023-11-28,1,800,DEL-002911,On-Time
FAC-0075,RIF_INH,2023-12-27,2023-12-28,1,800,DEL-002912,On-Time
FAC-0075,EPINEPHRINE,2023-01-01,2023-01-05,4,10,DEL-002913,Delayed
FAC-0075,EPINEPHRINE,2023-01-31,2023-03-06,34,10,DEL-002914,Delayed
FAC-0075,EPINEPHRINE,2023-03-02,2023-05-15,74,10,DEL-002915,Delayed
FAC-0075,EPINEPHRINE,2023-04-01,2023-04-07,6,10,DEL-002916,Delayed
FAC-0075,EPINEPHRINE,2023-05-01,2023-05-22,21,10,DEL-002917,Delayed
FAC-0075,EPINEPHRINE,2023-05-31,2023-06-13,13,10,DEL-002918,Delayed
FAC-0075,EPINEPHRINE,2023-06-30,2023-07-03,3,10,DEL-002919,On-Time
FAC-0075,EPINEPHRINE,2023-07-30,2023-08-11,12,10,DEL-002920,Delayed
FAC-0075,EPINEPHRINE,2023-08-29,2023-10-13,45,10,DEL-002921,Delayed
FAC-0075,EPINEPHRINE,2023-09-28,2023-10-20,22,10,DEL-002922,Delayed
FAC-0075,EPINEPHRINE,2023-10-28,2023-11-20,23,10,DEL-002923,Delayed
FAC-0075,EPINEPHRINE,2023-11-27,2023-12-18,21,10,DEL-002924,Delayed
FAC-0075,EPINEPHRINE,2023-12-27,2023-12-29,2,10,DEL-002925,On-Time
FAC-0076,PARACETAMOL,2023-01-01,2023-01-11,10,5000,DEL-002926,Delayed
FAC-0076,PARACETAMOL,2023-01-31,2023-02-17,17,5000,DEL-002927,Delayed
FAC-0076,PARACETAMOL,2023-03-02,2023-03-13,11,5000,DEL-002928,Delayed
FAC-0076,PARACETAMOL,2023-04-01,2023-04-01,0,5000,DEL-002929,On-Time
FAC-0076,PARACETAMOL,2023-05-01,2023-05-02,1,5000,DEL-002930,On-Time
FAC-0076,PARACETAMOL,2023-05-31,2023-07-05,35,5000,DEL-002931,Delayed
FAC-0076,PARACETAMOL,2023-06-30,2023-07-21,21,5000,DEL-002932,Delayed
FAC-0076,PARACETAMOL,2023-07-30,2023-08-19,20,5000,DEL-002933,Delayed
FAC-0076,PARACETAMOL,2023-08-29,2023-09-30,32,5000,DEL-002934,Delayed
FAC-0076,PARACETAMOL,2023-09-28,2023-10-16,18,5000,DEL-002935,Delayed
FAC-0076,PARACETAMOL,2023-10-28,2023-12-23,56,5000,DEL-002936,Delayed
FAC-0076,PARACETAMOL,2023-11-27,2024-01-01,35,5000,DEL-002937,Delayed
FAC-0076,PARACETAMOL,2023-12-27,2023-12-31,4,5000,DEL-002938,Delayed
FAC-0076,RIF_INH,2023-01-01,2023-01-07,6,800,DEL-002939,Delayed
FAC-0076,RIF_INH,2023-01-31,2023-02-11,11,800,DEL-002940,Delayed
FAC-0076,RIF_INH,2023-03-02,2023-03-06,4,800,DEL-002941,Delayed
FAC-0076,RIF_INH,2023-04-01,2023-04-30,29,800,DEL-002942,Delayed
FAC-0076,RIF_INH,2023-05-01,2023-05-03,2,800,DEL-002943,On-Time
FAC-0076,RIF_INH,2023-05-31,2023-06-13,13,800,DEL-002944,Delayed
FAC-0076,RIF_INH,2023-06-30,2023-07-20,20,800,DEL-002945,Delayed
FAC-0076,RIF_INH,2023-07-30,2023-08-12,13,800,DEL-002946,Delayed
FAC-0076,RIF_INH,2023-08-29,2023-09-02,4,800,DEL-002947,Delayed
FAC-0076,RIF_INH,2023-09-28,2023-10-08,10,800,DEL-002948,Delayed
FAC-0076,RIF_INH,2023-10-28,2023-10-30,2,800,DEL-002949,On-Time
FAC-0076,RIF_INH,2023-11-27,2023-12-07,10,800,DEL-002950,Delayed
FAC-0076,RIF_INH,2023-12-27,2024-01-08,12,800,DEL-002951,Delayed
FAC-0076,EPINEPHRINE,2023-01-01,2023-01-11,10,10,DEL-002952,Delayed
FAC-0076,EPINEPHRINE,2023-01-31,2023-02-11,11,10,DEL-002953,Delayed
FAC-0076,EPINEPHRINE,2023-03-02,2023-03-06,4,10,DEL-002954,Delayed
FAC-0076,EPINEPHRINE,2023-04-01,2023-05-21,50,10,DEL-002955,Delayed
FAC-0076,EPINEPHRINE,2023-05-01,2023-05-20,19,10,DEL-002956,Delayed
FAC-0076,EPINEPHRINE,2023-05-31,2023-06-14,14,10,DEL-002957,Delayed
FAC-0076,EPINEPHRINE,2023-06-30,2023-07-16,16,10,DEL-002958,Delayed
FAC-0076,EPINEPHRINE,2023-07-30,2023-08-06,7,10,DEL-002959,Delayed
FAC-0076,EPINEPHRINE,2023-08-29,2023-10-06,38,10,DEL-002960,Delayed
FAC-0076,EPINEPHRINE,2023-09-28,2023-09-30,2,10,DEL-002961,On-Time
FAC-0076,EPINEPHRINE,2023-10-28,2023-10-28,0,10,DEL-002962,On-Time
FAC-0076,EPINEPHRINE,2023-11-27,2023-12-13,16,10,DEL-002963,Delayed
FAC-0076,EPINEPHRINE,2023-12-27,2024-01-09,13,10,DEL-002964,Delayed
FAC-0077,PARACETAMOL,2023-01-01,2023-01-07,6,5000,DEL-002965,Delayed
FAC-0077,PARACETAMOL,2023-01-31,2023-04-05,64,5000,DEL-002966,Delayed
FAC-0077,PARACETAMOL,2023-03-02,2023-03-22,20,5000,DEL-002967,Delayed
FAC-0077,PARACETAMOL,2023-04-01,2023-04-12,11,5000,DEL-002968,Delayed
FAC-0077,PARACETAMOL,2023-05-01,2023-05-26,25,5000,DEL-002969,Delayed
FAC-0077,PARACETAMOL,2023-05-31,2023-06-02,2,5000,DEL-002970,On-Time
FAC-0077,PARACETAMOL,2023-06-30,2023-07-06,6,5000,DEL-002971,Delayed
FAC-0077,PARACETAMOL,2023-07-30,2023-08-02,3,5000,DEL-002972,On-Time
FAC-0077,PARACETAMOL,2023-08-29,2023-09-01,3,5000,DEL-002973,On-Time
FAC-0077,PARACETAMOL,2023-09-28,2023-10-22,24,5000,DEL-002974,Delayed
FAC-0077,PARACETAMOL,2023-10-28,2023-11-07,10,5000,DEL-002975,Delayed
FAC-0077,PARACETAMOL,2023-11-27,2023-12-10,13,5000,DEL-002976,Delayed
FAC-0077,PARACETAMOL,2023-12-27,2024-01-02,6,5000,DEL-002977,Delayed
FAC-0077,RIF_INH,2023-01-01,2023-01-03,2,800,DEL-002978,On-Time
FAC-0077,RIF_INH,2023-01-31,2023-02-04,4,800,DEL-002979,Delayed
FAC-0077,RIF_INH,2023-03-02,2023-03-07,5,800,DEL-002980,Delayed
FAC-0077,RIF_INH,2023-04-01,2023-04-16,15,800,DEL-002981,Delayed
FAC-0077,RIF_INH,2023-05-01,2023-05-22,21,800,DEL-002982,Delayed
FAC-0077,RIF_INH,2023-05-31,2023-08-06,67,800,DEL-002983,Delayed
FAC-0077,RIF_INH,2023-06-30,2023-08-05,36,800,DEL-002984,Delayed
FAC-0077,RIF_INH,2023-07-30,2023-10-11,73,800,DEL-002985,Delayed
FAC-0077,RIF_INH,2023-08-29,2023-09-22,24,800,DEL-002986,Delayed
FAC-0077,RIF_INH,2023-09-28,2023-09-28,0,800,DEL-002987,On-Time
FAC-0077,RIF_INH,2023-10-28,2023-10-29,1,800,DEL-002988,On-Time
FAC-0077,RIF_INH,2023-11-27,2023-12-11,14,800,DEL-002989,Delayed
FAC-0077,RIF_INH,2023-12-27,2024-01-07,11,800,DEL-002990,Delayed
FAC-0077,EPINEPHRINE,2023-01-01,2023-01-05,4,10,DEL-002991,Delayed
FAC-0077,EPINEPHRINE,2023-01-31,2023-02-04,4,10,DEL-002992,Delayed
FAC-0077,EPINEPHRINE,2023-03-02,2023-03-23,21,10,DEL-002993,Delayed
FAC-0077,EPINEPHRINE,2023-04-01,2023-04-08,7,10,DEL-002994,Delayed
FAC-0077,EPINEPHRINE,2023-05-01,2023-05-23,22,10,DEL-002995,Delayed
FAC-0077,EPINEPHRINE,2023-05-31,2023-06-20,20,10,DEL-002996,Delayed
FAC-0077,EPINEPHRINE,2023-06-30,2023-07-08,8,10,DEL-002997,Delayed
FAC-0077,EPINEPHRINE,2023-07-30,2023-08-11,12,10,DEL-002998,Delayed
FAC-0077,EPINEPHRINE,2023-08-29,2023-09-04,6,10,DEL-002999,Delayed
FAC-0077,EPINEPHRINE,2023-09-28,2023-10-13,15,10,DEL-003000,Delayed
FAC-0077,EPINEPHRINE,2023-10-28,2023-12-09,42,10,DEL-003001,Delayed
FAC-0077,EPINEPHRINE,2023-11-27,2023-12-21,24,10,DEL-003002,Delayed
FAC-0077,EPINEPHRINE,2023-12-27,2024-01-12,16,10,DEL-003003,Delayed
FAC-0078,PARACETAMOL,2023-01-01,2023-01-10,9,5000,DEL-003004,Delayed
FAC-0078,PARACETAMOL,2023-01-31,2023-02-03,3,5000,DEL-003005,On-Time
FAC-0078,PARACETAMOL,2023-03-02,2023-03-05,3,5000,DEL-003006,On-Time
FAC-0078,PARACETAMOL,2023-04-01,2023-04-01,0,5000,DEL-003007,On-Time
FAC-0078,PARACETAMOL,2023-05-01,2023-05-04,3,5000,DEL-003008,On-Time
FAC-0078,PARACETAMOL,2023-05-31,2023-06-05,5,5000,DEL-003009,Delayed
FAC-0078,PARACETAMOL,2023-06-30,2023-07-02,2,5000,DEL-003010,On-Time
FAC-0078,PARACETAMOL,2023-07-30,2023-07-30,0,5000,DEL-003011,On-Time
FAC-0078,PARACETAMOL,2023-08-29,2023-08-29,0,5000,DEL-003012,On-Time
FAC-0078,PARACETAMOL,2023-09-28,2023-09-30,2,5000,DEL-003013,On-Time
FAC-0078,PARACETAMOL,2023-10-28,2023-10-29,1,5000,DEL-003014,On-Time
FAC-0078,PARACETAMOL,2023-11-27,2023-12-01,4,5000,DEL-003015,Delayed
FAC-0078,PARACETAMOL,2023-12-27,2024-01-02,6,5000,DEL-003016,Delayed
FAC-0078,RIF_INH,2023-01-01,2023-01-06,5,800,DEL-003017,Delayed
FAC-0078,RIF_INH,2023-01-31,2023-02-01,1,800,DEL-003018,On-Time
FAC-0078,RIF_INH,2023-03-02,2023-03-11,9,800,DEL-003019,Delayed
FAC-0078,RIF_INH,2023-04-01,2023-04-16,15,800,DEL-003020,Delayed
FAC-0078,RIF_INH,2023-05-01,2023-05-07,6,800,DEL-003021,Delayed
FAC-0078,RIF_INH,2023-05-31,2023-06-05,5,800,DEL-003022,Delayed
FAC-0078,RIF_INH,2023-06-30,2023-07-01,1,800,DEL-003023,On-Time
FAC-0078,RIF_INH,2023-07-30,2023-07-30,0,800,DEL-003024,On-Time
FAC-0078,RIF_INH,2023-08-29,2023-09-06,8,800,DEL-003025,Delayed
FAC-0078,RIF_INH,2023-09-28,2023-10-15,17,800,DEL-003026,Delayed
FAC-0078,RIF_INH,2023-10-28,2023-11-16,19,800,DEL-003027,Delayed
FAC-0078,RIF_INH,2023-11-27,2023-11-27,0,800,DEL-003028,On-Time
FAC-0078,RIF_INH,2023-12-27,2024-01-03,7,800,DEL-003029,Delayed
FAC-0078,EPINEPHRINE,2023-01-01,2023-01-05,4,10,DEL-003030,Delayed
FAC-0078,EPINEPHRINE,2023-01-31,2023-01-31,0,10,DEL-003031,On-Time
FAC-0078,EPINEPHRINE,2023-03-02,2023-03-05,3,10,DEL-003032,On-Time
FAC-0078,EPINEPHRINE,2023-04-01,2023-04-02,1,10,DEL-003033,On-Time
FAC-0078,EPINEPHRINE,2023-05-01,2023-05-05,4,10,DEL-003034,Delayed
FAC-0078,EPINEPHRINE,2023-05-31,2023-06-07,7,10,DEL-003035,Delayed
FAC-0078,EPINEPHRINE,2023-06-30,2023-07-04,4,10,DEL-003036,Delayed
FAC-0078,EPINEPHRINE,2023-07-30,2023-08-05,6,10,DEL-003037,Delayed
FAC-0078,EPINEPHRINE,2023-08-29,2023-09-04,6,10,DEL-003038,Delayed
FAC-0078,EPINEPHRINE,2023-09-28,2023-09-28,0,10,DEL-003039,On-Time
FAC-0078,EPINEPHRINE,2023-10-28,2023-11-19,22,10,DEL-003040,Delayed
FAC-0078,EPINEPHRINE,2023-11-27,2023-12-07,10,10,DEL-003041,Delayed
FAC-0078,EPINEPHRINE,2023-12-27,2023-12-27,0,10,DEL-003042,On-Time
FAC-0079,PARACETAMOL,2023-01-01,2023-01-04,3,5000,DEL-003043,On-Time
FAC-0079,PARACETAMOL,2023-01-31,2023-02-03,3,5000,DEL-003044,On-Time
FAC-0079,PARACETAMOL,2023-03-02,2023-03-03,1,5000,DEL-003045,On-Time
FAC-0079,PARACETAMOL,2023-04-01,2023-04-01,0,5000,DEL-003046,On-Time
FAC-0079,PARACETAMOL,2023-05-01,2023-05-09,8,5000,DEL-003047,Delayed
FAC-0079,PARACETAMOL,2023-05-31,2023-06-01,1,5000,DEL-003048,On-Time
FAC-0079,PARACETAMOL,2023-06-30,2023-07-16,16,5000,DEL-003049,Delayed
FAC-0079,PARACETAMOL,2023-07-30,2023-08-07,8,5000,DEL-003050,Delayed
FAC-0079,PARACETAMOL,2023-08-29,2023-09-01,3,5000,DEL-003051,On-Time
FAC-0079,PARACETAMOL,2023-09-28,2023-10-13,15,5000,DEL-003052,Delayed
FAC-0079,PARACETAMOL,2023-10-28,2023-11-10,13,5000,DEL-003053,Delayed
FAC-0079,PARACETAMOL,2023-11-27,2023-12-31,34,5000,DEL-003054,Delayed
FAC-0079,PARACETAMOL,2023-12-27,2023-12-29,2,5000,DEL-003055,On-Time
FAC-0079,RIF_INH,2023-01-01,2023-01-02,1,800,DEL-003056,On-Time
FAC-0079,RIF_INH,2023-01-31,2023-02-01,1,800,DEL-003057,On-Time
FAC-0079,RIF_INH,2023-03-02,2023-03-07,5,800,DEL-003058,Delayed
FAC-0079,RIF_INH,2023-04-01,2023-04-23,22,800,DEL-003059,Delayed
FAC-0079,RIF_INH,2023-05-01,2023-06-08,38,800,DEL-003060,Delayed
FAC-0079,RIF_INH,2023-05-31,2023-06-10,10,800,DEL-003061,Delayed
FAC-0079,RIF_INH,2023-06-30,2023-07-19,19,800,DEL-003062,Delayed
FAC-0079,RIF_INH,2023-07-30,2023-09-17,49,800,DEL-003063,Delayed
FAC-0079,RIF_INH,2023-08-29,2023-08-29,0,800,DEL-003064,On-Time
FAC-0079,RIF_INH,2023-09-28,2023-10-26,28,800,DEL-003065,Delayed
FAC-0079,RIF_INH,2023-10-28,2023-11-01,4,800,DEL-003066,Delayed
FAC-0079,RIF_INH,2023-11-27,2023-11-27,0,800,DEL-003067,On-Time
FAC-0079,RIF_INH,2023-12-27,2024-01-01,5,800,DEL-003068,Delayed
FAC-0079,EPINEPHRINE,2023-01-01,2023-02-04,34,10,DEL-003069,Delayed
FAC-0079,EPINEPHRINE,2023-01-31,2023-02-06,6,10,DEL-003070,Delayed
FAC-0079,EPINEPHRINE,2023-03-02,2023-03-10,8,10,DEL-003071,Delayed
FAC-0079,EPINEPHRINE,2023-04-01,2023-04-04,3,10,DEL-003072,On-Time
FAC-0079,EPINEPHRINE,2023-05-01,2023-05-01,0,10,DEL-003073,On-Time
FAC-0079,EPINEPHRINE,2023-05-31,2023-06-28,28,10,DEL-003074,Delayed
FAC-0079,EPINEPHRINE,2023-06-30,2023-07-10,10,10,DEL-003075,Delayed
FAC-0079,EPINEPHRINE,2023-07-30,2023-07-30,0,10,DEL-003076,On-Time
FAC-0079,EPINEPHRINE,2023-08-29,2023-09-09,11,10,DEL-003077,Delayed
FAC-0079,EPINEPHRINE,2023-09-28,2023-10-01,3,10,DEL-003078,On-Time
FAC-0079,EPINEPHRINE,2023-10-28,2023-10-28,0,10,DEL-003079,On-Time
FAC-0079,EPINEPHRINE,2023-11-27,2023-12-02,5,10,DEL-003080,Delayed
FAC-0079,EPINEPHRINE,2023-12-27,2024-01-17,21,10,DEL-003081,Delayed
FAC-0080,PARACETAMOL,2023-01-01,2023-01-27,26,5000,DEL-003082,Delayed
FAC-0080,PARACETAMOL,2023-01-31,2023-02-15,15,5000,DEL-003083,Delayed
FAC-0080,PARACETAMOL,2023-03-02,2023-03-15,13,5000,DEL-003084,Delayed
FAC-0080,PARACETAMOL,2023-04-01,2023-04-04,3,5000,DEL-003085,On-Time
FAC-0080,PARACETAMOL,2023-05-01,2023-05-03,2,5000,DEL-003086,On-Time
FAC-0080,PARACETAMOL,2023-05-31,2023-06-21,21,5000,DEL-003087,Delayed
FAC-0080,PARACETAMOL,2023-06-30,2023-07-05,5,5000,DEL-003088,Delayed
FAC-0080,PARACETAMOL,2023-07-30,2023-09-01,33,5000,DEL-003089,Delayed
FAC-0080,PARACETAMOL,2023-08-29,2023-09-08,10,5000,DEL-003090,Delayed
FAC-0080,PARACETAMOL,2023-09-28,2023-10-14,16,5000,DEL-003091,Delayed
FAC-0080,PARACETAMOL,2023-10-28,2023-11-10,13,5000,DEL-003092,Delayed
FAC-0080,PARACETAMOL,2023-11-27,2023-12-05,8,5000,DEL-003093,Delayed
FAC-0080,PARACETAMOL,2023-12-27,2023-12-27,0,5000,DEL-003094,On-Time
FAC-0080,RIF_INH,2023-01-01,2023-01-02,1,800,DEL-003095,On-Time
FAC-0080,RIF_INH,2023-01-31,2023-02-02,2,800,DEL-003096,On-Time
FAC-0080,RIF_INH,2023-03-02,2023-03-02,0,800,DEL-003097,On-Time
FAC-0080,RIF_INH,2023-04-01,2023-04-02,1,800,DEL-003098,On-Time
FAC-0080,RIF_INH,2023-05-01,2023-05-11,10,800,DEL-003099,Delayed
FAC-0080,RIF_INH,2023-05-31,2023-06-11,11,800,DEL-003100,Delayed
FAC-0080,RIF_INH,2023-06-30,2023-07-15,15,800,DEL-003101,Delayed
FAC-0080,RIF_INH,2023-07-30,2023-08-01,2,800,DEL-003102,On-Time
FAC-0080,RIF_INH,2023-08-29,2023-09-18,20,800,DEL-003103,Delayed
FAC-0080,RIF_INH,2023-09-28,2023-09-30,2,800,DEL-003104,On-Time
FAC-0080,RIF_INH,2023-10-28,2023-10-28,0,800,DEL-003105,On-Time
FAC-0080,RIF_INH,2023-11-27,2023-12-03,6,800,DEL-003106,Delayed
FAC-0080,RIF_INH,2023-12-27,2023-12-29,2,800,DEL-003107,On-Time
FAC-0080,EPINEPHRINE,2023-01-01,2023-01-12,11,10,DEL-003108,Delayed
FAC-0080,EPINEPHRINE,2023-01-31,2023-03-04,32,10,DEL-003109,Delayed
FAC-0080,EPINEPHRINE,2023-03-02,2023-03-09,7,10,DEL-003110,Delayed
FAC-0080,EPINEPHRINE,2023-04-01,2023-05-02,31,10,DEL-003111,Delayed
FAC-0080,EPINEPHRINE,2023-05-01,2023-05-06,5,10,DEL-003112,Delayed
FAC-0080,EPINEPHRINE,2023-05-31,2023-05-31,0,10,DEL-003113,On-Time
FAC-0080,EPINEPHRINE,2023-06-30,2023-07-30,30,10,DEL-003114,Delayed
FAC-0080,EPINEPHRINE,2023-07-30,2023-08-07,8,10,DEL-003115,Delayed
FAC-0080,EPINEPHRINE,2023-08-29,2023-09-22,24,10,DEL-003116,Delayed
FAC-0080,EPINEPHRINE,2023-09-28,2023-10-01,3,10,DEL-003117,On-Time
FAC-0080,EPINEPHRINE,2023-10-28,2023-11-07,10,10,DEL-003118,Delayed
FAC-0080,EPINEPHRINE,2023-11-27,2023-11-28,1,10,DEL-003119,On-Time
FAC-0080,EPINEPHRINE,2023-12-27,2024-01-07,11,10,DEL-003120,Delayed
FAC-0081,PARACETAMOL,2023-01-01,2023-01-05,4,5000,DEL-003121,Delayed
FAC-0081,PARACETAMOL,2023-01-31,2023-02-15,15,5000,DEL-003122,Delayed
FAC-0081,PARACETAMOL,2023-03-02,2023-03-10,8,5000,DEL-003123,Delayed
FAC-0081,PARACETAMOL,2023-04-01,2023-04-09,8,5000,DEL-003124,Delayed
FAC-0081,PARACETAMOL,2023-05-01,2023-05-05,4,5000,DEL-003125,Delayed
FAC-0081,PARACETAMOL,2023-05-31,2023-06-09,9,5000,DEL-003126,Delayed
FAC-0081,PARACETAMOL,2023-06-30,2023-07-12,12,5000,DEL-003127,Delayed
FAC-0081,PARACETAMOL,2023-07-30,2023-08-05,6,5000,DEL-003128,Delayed
FAC-0081,PARACETAMOL,2023-08-29,2023-09-14,16,5000,DEL-003129,Delayed
FAC-0081,PARACETAMOL,2023-09-28,2023-09-30,2,5000,DEL-003130,On-Time
FAC-0081,PARACETAMOL,2023-10-28,2023-11-03,6,5000,DEL-003131,Delayed
FAC-0081,PARACETAMOL,2023-11-27,2023-12-05,8,5000,DEL-003132,Delayed
FAC-0081,PARACETAMOL,2023-12-27,2023-12-30,3,5000,DEL-003133,On-Time
FAC-0081,RIF_INH,2023-01-01,2023-01-03,2,800,DEL-003134,On-Time
FAC-0081,RIF_INH,2023-01-31,2023-01-31,0,800,DEL-003135,On-Time
FAC-0081,RIF_INH,2023-03-02,2023-03-09,7,800,DEL-003136,Delayed
FAC-0081,RIF_INH,2023-04-01,2023-04-03,2,800,DEL-003137,On-Time
FAC-0081,RIF_INH,2023-05-01,2023-05-01,0,800,DEL-003138,On-Time
FAC-0081,RIF_INH,2023-05-31,2023-06-07,7,800,DEL-003139,Delayed
FAC-0081,RIF_INH,2023-06-30,2023-07-01,1,800,DEL-003140,On-Time
FAC-0081,RIF_INH,2023-07-30,2023-08-18,19,800,DEL-003141,Delayed
FAC-0081,RIF_INH,2023-08-29,2023-08-29,0,800,DEL-003142,On-Time
FAC-0081,RIF_INH,2023-09-28,2023-10-10,12,800,DEL-003143,Delayed
FAC-0081,RIF_INH,2023-10-28,2023-11-06,9,800,DEL-003144,Delayed
FAC-0081,RIF_INH,2023-11-27,2023-11-27,0,800,DEL-003145,On-Time
FAC-0081,RIF_INH,2023-12-27,2023-12-30,3,800,DEL-003146,On-Time
FAC-0081,EPINEPHRINE,2023-01-01,2023-01-16,15,10,DEL-003147,Delayed
FAC-0081,EPINEPHRINE,2023-01-31,2023-02-01,1,10,DEL-003148,On-Time
FAC-0081,EPINEPHRINE,2023-03-02,2023-03-07,5,10,DEL-003149,Delayed
FAC-0081,EPINEPHRINE,2023-04-01,2023-04-16,15,10,DEL-003150,Delayed
FAC-0081,EPINEPHRINE,2023-05-01,2023-05-02,1,10,DEL-003151,On-Time
FAC-0081,EPINEPHRINE,2023-05-31,2023-06-02,2,10,DEL-003152,On-Time
FAC-0081,EPINEPHRINE,2023-06-30,2023-06-30,0,10,DEL-003153,On-Time
FAC-0081,EPINEPHRINE,2023-07-30,2023-08-20,21,10,DEL-003154,Delayed
FAC-0081,EPINEPHRINE,2023-08-29,2023-08-29,0,10,DEL-003155,On-Time
FAC-0081,EPINEPHRINE,2023-09-28,2023-10-25,27,10,DEL-003156,Delayed
FAC-0081,EPINEPHRINE,2023-10-28,2023-11-01,4,10,DEL-003157,Delayed
FAC-0081,EPINEPHRINE,2023-11-27,2023-12-10,13,10,DEL-003158,Delayed
FAC-0081,EPINEPHRINE,2023-12-27,2024-01-08,12,10,DEL-003159,Delayed
FAC-0082,PARACETAMOL,2023-01-01,2023-01-15,14,5000,DEL-003160,Delayed
FAC-0082,PARACETAMOL,2023-01-31,2023-02-08,8,5000,DEL-003161,Delayed
FAC-0082,PARACETAMOL,2023-03-02,2023-03-15,13,5000,DEL-003162,Delayed
FAC-0082,PARACETAMOL,2023-04-01,2023-04-06,5,5000,DEL-003163,Delayed
FAC-0082,PARACETAMOL,2023-05-01,2023-05-17,16,5000,DEL-003164,Delayed
FAC-0082,PARACETAMOL,2023-05-31,2023-05-31,0,5000,DEL-003165,On-Time
FAC-0082,PARACETAMOL,2023-06-30,2023-07-01,1,5000,DEL-003166,On-Time
FAC-0082,PARACETAMOL,2023-07-30,2023-07-31,1,5000,DEL-003167,On-Time
FAC-0082,PARACETAMOL,2023-08-29,2023-08-31,2,5000,DEL-003168,On-Time
FAC-0082,PARACETAMOL,2023-09-28,2023-10-02,4,5000,DEL-003169,Delayed
FAC-0082,PARACETAMOL,2023-10-28,2023-11-23,26,5000,DEL-003170,Delayed
FAC-0082,PARACETAMOL,2023-11-27,2024-01-21,55,5000,DEL-003171,Delayed
FAC-0082,PARACETAMOL,2023-12-27,2023-12-30,3,5000,DEL-003172,On-Time
FAC-0082,RIF_INH,2023-01-01,2023-01-02,1,800,DEL-003173,On-Time
FAC-0082,RIF_INH,2023-01-31,2023-02-03,3,800,DEL-003174,On-Time
FAC-0082,RIF_INH,2023-03-02,2023-03-19,17,800,DEL-003175,Delayed
FAC-0082,RIF_INH,2023-04-01,2023-04-27,26,800,DEL-003176,Delayed
FAC-0082,RIF_INH,2023-05-01,2023-05-08,7,800,DEL-003177,Delayed
FAC-0082,RIF_INH,2023-05-31,2023-06-07,7,800,DEL-003178,Delayed
FAC-0082,RIF_INH,2023-06-30,2023-07-13,13,800,DEL-003179,Delayed
FAC-0082,RIF_INH,2023-07-30,2023-08-17,18,800,DEL-003180,Delayed
FAC-0082,RIF_INH,2023-08-29,2023-09-09,11,800,DEL-003181,Delayed
FAC-0082,RIF_INH,2023-09-28,2023-09-28,0,800,DEL-003182,On-Time
FAC-0082,RIF_INH,2023-10-28,2023-12-25,58,800,DEL-003183,Delayed
FAC-0082,RIF_INH,2023-11-27,2023-12-04,7,800,DEL-003184,Delayed
FAC-0082,RIF_INH,2023-12-27,2024-01-05,9,800,DEL-003185,Delayed
FAC-0082,EPINEPHRINE,2023-01-01,2023-01-02,1,10,DEL-003186,On-Time
FAC-0082,EPINEPHRINE,2023-01-31,2023-01-31,0,10,DEL-003187,On-Time
FAC-0082,EPINEPHRINE,2023-03-02,2023-03-03,1,10,DEL-003188,On-Time
FAC-0082,EPINEPHRINE,2023-04-01,2023-04-12,11,10,DEL-003189,Delayed
FAC-0082,EPINEPHRINE,2023-05-01,2023-05-01,0,10,DEL-003190,On-Time
FAC-0082,EPINEPHRINE,2023-05-31,2023-07-16,46,10,DEL-003191,Delayed
FAC-0082,EPINEPHRINE,2023-06-30,2023-07-09,9,10,DEL-003192,Delayed
FAC-0082,EPINEPHRINE,2023-07-30,2023-08-08,9,10,DEL-003193,Delayed
FAC-0082,EPINEPHRINE,2023-08-29,2023-09-25,27,10,DEL-003194,Delayed
FAC-0082,EPINEPHRINE,2023-09-28,2023-10-07,9,10,DEL-003195,Delayed
FAC-0082,EPINEPHRINE,2023-10-28,2023-10-31,3,10,DEL-003196,On-Time
FAC-0082,EPINEPHRINE,2023-11-27,2023-12-13,16,10,DEL-003197,Delayed
FAC-0082,EPINEPHRINE,2023-12-27,2023-12-27,0,10,DEL-003198,On-Time
FAC-0083,PARACETAMOL,2023-01-01,2023-01-01,0,5000,DEL-003199,On-Time
FAC-0083,PARACETAMOL,2023-01-31,2023-02-04,4,5000,DEL-003200,Delayed
FAC-0083,PARACETAMOL,2023-03-02,2023-03-02,0,5000,DEL-003201,On-Time
FAC-0083,PARACETAMOL,2023-04-01,2023-04-05,4,5000,DEL-003202,Delayed
FAC-0083,PARACETAMOL,2023-05-01,2023-05-11,10,5000,DEL-003203,Delayed
FAC-0083,PARACETAMOL,2023-05-31,2023-06-23,23,5000,DEL-003204,Delayed
FAC-0083,PARACETAMOL,2023-06-30,2023-07-07,7,5000,DEL-003205,Delayed
FAC-0083,PARACETAMOL,2023-07-30,2023-07-31,1,5000,DEL-003206,On-Time
FAC-0083,PARACETAMOL,2023-08-29,2023-08-31,2,5000,DEL-003207,On-Time
FAC-0083,PARACETAMOL,2023-09-28,2023-09-29,1,5000,DEL-003208,On-Time
FAC-0083,PARACETAMOL,2023-10-28,2023-10-29,1,5000,DEL-003209,On-Time
FAC-0083,PARACETAMOL,2023-11-27,2023-12-02,5,5000,DEL-003210,Delayed
FAC-0083,PARACETAMOL,2023-12-27,2024-01-05,9,5000,DEL-003211,Delayed
FAC-0083,RIF_INH,2023-01-01,2023-01-03,2,800,DEL-003212,On-Time
FAC-0083,RIF_INH,2023-01-31,2023-01-31,0,800,DEL-003213,On-Time
FAC-0083,RIF_INH,2023-03-02,2023-03-03,1,800,DEL-003214,On-Time
FAC-0083,RIF_INH,2023-04-01,2023-04-04,3,800,DEL-003215,On-Time
FAC-0083,RIF_INH,2023-05-01,2023-05-02,1,800,DEL-003216,On-Time
FAC-0083,RIF_INH,2023-05-31,2023-06-02,2,800,DEL-003217,On-Time
FAC-0083,RIF_INH,2023-06-30,2023-07-09,9,800,DEL-003218,Delayed
FAC-0083,RIF_INH,2023-07-30,2023-07-31,1,800,DEL-003219,On-Time
FAC-0083,RIF_INH,2023-08-29,2023-09-01,3,800,DEL-003220,On-Time
FAC-0083,RIF_INH,2023-09-28,2023-10-01,3,800,DEL-003221,On-Time
FAC-0083,RIF_INH,2023-10-28,2023-11-06,9,800,DEL-003222,Delayed
FAC-0083,RIF_INH,2023-11-27,2023-11-29,2,800,DEL-003223,On-Time
FAC-0083,RIF_INH,2023-12-27,2023-12-31,4,800,DEL-003224,Delayed
FAC-0083,EPINEPHRINE,2023-01-01,2023-01-03,2,10,DEL-003225,On-Time
FAC-0083,EPINEPHRINE,2023-01-31,2023-02-02,2,10,DEL-003226,On-Time
FAC-0083,EPINEPHRINE,2023-03-02,2023-03-26,24,10,DEL-003227,Delayed
FAC-0083,EPINEPHRINE,2023-04-01,2023-04-04,3,10,DEL-003228,On-Time
FAC-0083,EPINEPHRINE,2023-05-01,2023-05-20,19,10,DEL-003229,Delayed
FAC-0083,EPINEPHRINE,2023-05-31,2023-06-02,2,10,DEL-003230,On-Time
FAC-0083,EPINEPHRINE,2023-06-30,2023-06-30,0,10,DEL-003231,On-Time
FAC-0083,EPINEPHRINE,2023-07-30,2023-07-30,0,10,DEL-003232,On-Time
FAC-0083,EPINEPHRINE,2023-08-29,2023-08-29,0,10,DEL-003233,On-Time
FAC-0083,EPINEPHRINE,2023-09-28,2023-10-03,5,10,DEL-003234,Delayed
FAC-0083,EPINEPHRINE,2023-10-28,2023-11-01,4,10,DEL-003235,Delayed
FAC-0083,EPINEPHRINE,2023-11-27,2023-11-28,1,10,DEL-003236,On-Time
FAC-0083,EPINEPHRINE,2023-12-27,2024-01-02,6,10,DEL-003237,Delayed
FAC-0084,PARACETAMOL,2023-01-01,2023-01-29,28,5000,DEL-003238,Delayed
FAC-0084,PARACETAMOL,2023-01-31,2023-02-14,14,5000,DEL-003239,Delayed
FAC-0084,PARACETAMOL,2023-03-02,2023-03-11,9,5000,DEL-003240,Delayed
FAC-0084,PARACETAMOL,2023-04-01,2023-04-08,7,5000,DEL-003241,Delayed
FAC-0084,PARACETAMOL,2023-05-01,2023-05-05,4,5000,DEL-003242,Delayed
FAC-0084,PARACETAMOL,2023-05-31,2023-06-11,11,5000,DEL-003243,Delayed
FAC-0084,PARACETAMOL,2023-06-30,2023-07-16,16,5000,DEL-003244,Delayed
FAC-0084,PARACETAMOL,2023-07-30,2023-08-10,11,5000,DEL-003245,Delayed
FAC-0084,PARACETAMOL,2023-08-29,2023-09-10,12,5000,DEL-003246,Delayed
FAC-0084,PARACETAMOL,2023-09-28,2023-11-28,61,5000,DEL-003247,Delayed
FAC-0084,PARACETAMOL,2023-10-28,2023-12-14,47,5000,DEL-003248,Delayed
FAC-0084,PARACETAMOL,2023-11-27,2023-12-05,8,5000,DEL-003249,Delayed
FAC-0084,PARACETAMOL,2023-12-27,2024-01-01,5,5000,DEL-003250,Delayed
FAC-0084,RIF_INH,2023-01-01,2023-05-19,138,800,DEL-003251,Delayed
FAC-0084,RIF_INH,2023-01-31,2023-02-02,2,800,DEL-003252,On-Time
FAC-0084,RIF_INH,2023-03-02,2023-03-22,20,800,DEL-003253,Delayed
FAC-0084,RIF_INH,2023-04-01,2023-05-01,30,800,DEL-003254,Delayed
FAC-0084,RIF_INH,2023-05-01,2023-05-01,0,800,DEL-003255,On-Time
FAC-0084,RIF_INH,2023-05-31,2023-07-21,51,800,DEL-003256,Delayed
FAC-0084,RIF_INH,2023-06-30,2023-07-10,10,800,DEL-003257,Delayed
FAC-0084,RIF_INH,2023-07-30,2023-08-17,18,800,DEL-003258,Delayed
FAC-0084,RIF_INH,2023-08-29,2023-08-31,2,800,DEL-003259,On-Time
FAC-0084,RIF_INH,2023-09-28,2023-11-22,55,800,DEL-003260,Delayed
FAC-0084,RIF_INH,2023-10-28,2023-11-27,30,800,DEL-003261,Delayed
FAC-0084,RIF_INH,2023-11-27,2023-12-14,17,800,DEL-003262,Delayed
FAC-0084,RIF_INH,2023-12-27,2024-01-02,6,800,DEL-003263,Delayed
FAC-0084,EPINEPHRINE,2023-01-01,2023-01-20,19,10,DEL-003264,Delayed
FAC-0084,EPINEPHRINE,2023-01-31,2023-02-22,22,10,DEL-003265,Delayed
FAC-0084,EPINEPHRINE,2023-03-02,2023-05-05,64,10,DEL-003266,Delayed
FAC-0084,EPINEPHRINE,2023-04-01,2023-04-03,2,10,DEL-003267,On-Time
FAC-0084,EPINEPHRINE,2023-05-01,2023-05-11,10,10,DEL-003268,Delayed
FAC-0084,EPINEPHRINE,2023-05-31,2023-06-04,4,10,DEL-003269,Delayed
FAC-0084,EPINEPHRINE,2023-06-30,2023-07-05,5,10,DEL-003270,Delayed
FAC-0084,EPINEPHRINE,2023-07-30,2023-09-17,49,10,DEL-003271,Delayed
FAC-0084,EPINEPHRINE,2023-08-29,2023-08-30,1,10,DEL-003272,On-Time
FAC-0084,EPINEPHRINE,2023-09-28,2023-10-26,28,10,DEL-003273,Delayed
FAC-0084,EPINEPHRINE,2023-10-28,2023-12-25,58,10,DEL-003274,Delayed
FAC-0084,EPINEPHRINE,2023-11-27,2023-11-27,0,10,DEL-003275,On-Time
FAC-0084,EPINEPHRINE,2023-12-27,2023-12-31,4,10,DEL-003276,Delayed
FAC-0085,PARACETAMOL,2023-01-01,2023-01-06,5,5000,DEL-003277,Delayed
FAC-0085,PARACETAMOL,2023-01-31,2023-02-01,1,5000,DEL-003278,On-Time
FAC-0085,PARACETAMOL,2023-03-02,2023-03-03,1,5000,DEL-003279,On-Time
FAC-0085,PARACETAMOL,2023-04-01,2023-04-04,3,5000,DEL-003280,On-Time
FAC-0085,PARACETAMOL,2023-05-01,2023-05-03,2,5000,DEL-003281,On-Time
FAC-0085,PARACETAMOL,2023-05-31,2023-06-15,15,5000,DEL-003282,Delayed
FAC-0085,PARACETAMOL,2023-06-30,2023-07-15,15,5000,DEL-003283,Delayed
FAC-0085,PARACETAMOL,2023-07-30,2023-08-15,16,5000,DEL-003284,Delayed
FAC-0085,PARACETAMOL,2023-08-29,2023-10-06,38,5000,DEL-003285,Delayed
FAC-0085,PARACETAMOL,2023-09-28,2023-09-29,1,5000,DEL-003286,On-Time
FAC-0085,PARACETAMOL,2023-10-28,2023-11-06,9,5000,DEL-003287,Delayed
FAC-0085,PARACETAMOL,2023-11-27,2023-12-05,8,5000,DEL-003288,Delayed
FAC-0085,PARACETAMOL,2023-12-27,2024-02-05,40,5000,DEL-003289,Delayed
FAC-0085,RIF_INH,2023-01-01,2023-01-04,3,800,DEL-003290,On-Time
FAC-0085,RIF_INH,2023-01-31,2023-02-19,19,800,DEL-003291,Delayed
FAC-0085,RIF_INH,2023-03-02,2023-03-04,2,800,DEL-003292,On-Time
FAC-0085,RIF_INH,2023-04-01,2023-04-02,1,800,DEL-003293,On-Time
FAC-0085,RIF_INH,2023-05-01,2023-05-14,13,800,DEL-003294,Delayed
FAC-0085,RIF_INH,2023-05-31,2023-06-13,13,800,DEL-003295,Delayed
FAC-0085,RIF_INH,2023-06-30,2023-08-13,44,800,DEL-003296,Delayed
FAC-0085,RIF_INH,2023-07-30,2023-07-31,1,800,DEL-003297,On-Time
FAC-0085,RIF_INH,2023-08-29,2023-09-04,6,800,DEL-003298,Delayed
FAC-0085,RIF_INH,2023-09-28,2023-10-31,33,800,DEL-003299,Delayed
FAC-0085,RIF_INH,2023-10-28,2023-11-09,12,800,DEL-003300,Delayed
FAC-0085,RIF_INH,2023-11-27,2023-12-17,20,800,DEL-003301,Delayed
FAC-0085,RIF_INH,2023-12-27,2023-12-28,1,800,DEL-003302,On-Time
FAC-0085,EPINEPHRINE,2023-01-01,2023-01-01,0,10,DEL-003303,On-Time
FAC-0085,EPINEPHRINE,2023-01-31,2023-02-09,9,10,DEL-003304,Delayed
FAC-0085,EPINEPHRINE,2023-03-02,2023-03-07,5,10,DEL-003305,Delayed
FAC-0085,EPINEPHRINE,2023-04-01,2023-04-16,15,10,DEL-003306,Delayed
FAC-0085,EPINEPHRINE,2023-05-01,2023-05-23,22,10,DEL-003307,Delayed
FAC-0085,EPINEPHRINE,2023-05-31,2023-07-05,35,10,DEL-003308,Delayed
FAC-0085,EPINEPHRINE,2023-06-30,2023-08-05,36,10,DEL-003309,Delayed
FAC-0085,EPINEPHRINE,2023-07-30,2023-08-15,16,10,DEL-003310,Delayed
FAC-0085,EPINEPHRINE,2023-08-29,2023-08-30,1,10,DEL-003311,On-Time
FAC-0085,EPINEPHRINE,2023-09-28,2023-10-03,5,10,DEL-003312,Delayed
FAC-0085,EPINEPHRINE,2023-10-28,2023-11-08,11,10,DEL-003313,Delayed
FAC-0085,EPINEPHRINE,2023-11-27,2024-01-05,39,10,DEL-003314,Delayed
FAC-0085,EPINEPHRINE,2023-12-27,2023-12-27,0,10,DEL-003315,On-Time
FAC-0086,PARACETAMOL,2023-01-01,2023-01-27,26,5000,DEL-003316,Delayed
FAC-0086,PARACETAMOL,2023-01-31,2023-02-05,5,5000,DEL-003317,Delayed
FAC-0086,PARACETAMOL,2023-03-02,2023-03-04,2,5000,DEL-003318,On-Time
FAC-0086,PARACETAMOL,2023-04-01,2023-04-03,2,5000,DEL-003319,On-Time
FAC-0086,PARACETAMOL,2023-05-01,2023-05-09,8,5000,DEL-003320,Delayed
FAC-0086,PARACETAMOL,2023-05-31,2023-07-11,41,5000,DEL-003321,Delayed
FAC-0086,PARACETAMOL,2023-06-30,2023-07-20,20,5000,DEL-003322,Delayed
FAC-0086,PARACETAMOL,2023-07-30,2023-08-30,31,5000,DEL-003323,Delayed
FAC-0086,PARACETAMOL,2023-08-29,2023-09-13,15,5000,DEL-003324,Delayed
FAC-0086,PARACETAMOL,2023-09-28,2023-10-09,11,5000,DEL-003325,Delayed
FAC-0086,PARACETAMOL,2023-10-28,2024-01-25,89,5000,DEL-003326,Delayed
FAC-0086,PARACETAMOL,2023-11-27,2023-12-27,30,5000,DEL-003327,Delayed
FAC-0086,PARACETAMOL,2023-12-27,2024-02-03,38,5000,DEL-003328,Delayed
FAC-0086,RIF_INH,2023-01-01,2023-01-01,0,800,DEL-003329,On-Time
FAC-0086,RIF_INH,2023-01-31,2023-01-31,0,800,DEL-003330,On-Time
FAC-0086,RIF_INH,2023-03-02,2023-03-18,16,800,DEL-003331,Delayed
FAC-0086,RIF_INH,2023-04-01,2023-05-10,39,800,DEL-003332,Delayed
FAC-0086,RIF_INH,2023-05-01,2023-05-22,21,800,DEL-003333,Delayed
FAC-0086,RIF_INH,2023-05-31,2023-05-31,0,800,DEL-003334,On-Time
FAC-0086,RIF_INH,2023-06-30,2023-07-23,23,800,DEL-003335,Delayed
FAC-0086,RIF_INH,2023-07-30,2023-08-26,27,800,DEL-003336,Delayed
FAC-0086,RIF_INH,2023-08-29,2023-11-10,73,800,DEL-003337,Delayed
FAC-0086,RIF_INH,2023-09-28,2023-09-28,0,800,DEL-003338,On-Time
FAC-0086,RIF_INH,2023-10-28,2023-10-29,1,800,DEL-003339,On-Time
FAC-0086,RIF_INH,2023-11-27,2023-12-29,32,800,DEL-003340,Delayed
FAC-0086,RIF_INH,2023-12-27,2024-01-15,19,800,DEL-003341,Delayed
FAC-0086,EPINEPHRINE,2023-01-01,2023-01-09,8,10,DEL-003342,Delayed
FAC-0086,EPINEPHRINE,2023-01-31,2023-02-11,11,10,DEL-003343,Delayed
FAC-0086,EPINEPHRINE,2023-03-02,2023-03-15,13,10,DEL-003344,Delayed
FAC-0086,EPINEPHRINE,2023-04-01,2023-05-13,42,10,DEL-003345,Delayed
FAC-0086,EPINEPHRINE,2023-05-01,2023-06-03,33,10,DEL-003346,Delayed
FAC-0086,EPINEPHRINE,2023-05-31,2023-06-11,11,10,DEL-003347,Delayed
FAC-0086,EPINEPHRINE,2023-06-30,2023-07-10,10,10,DEL-003348,Delayed
FAC-0086,EPINEPHRINE,2023-07-30,2023-08-07,8,10,DEL-003349,Delayed
FAC-0086,EPINEPHRINE,2023-08-29,2023-09-12,14,10,DEL-003350,Delayed
FAC-0086,EPINEPHRINE,2023-09-28,2023-10-24,26,10,DEL-003351,Delayed
FAC-0086,EPINEPHRINE,2023-10-28,2023-11-20,23,10,DEL-003352,Delayed
FAC-0086,EPINEPHRINE,2023-11-27,2024-01-03,37,10,DEL-003353,Delayed
FAC-0086,EPINEPHRINE,2023-12-27,2024-01-11,15,10,DEL-003354,Delayed
FAC-0087,PARACETAMOL,2023-01-01,2023-01-07,6,5000,DEL-003355,Delayed
FAC-0087,PARACETAMOL,2023-01-31,2023-02-03,3,5000,DEL-003356,On-Time
FAC-0087,PARACETAMOL,2023-03-02,2023-03-15,13,5000,DEL-003357,Delayed
FAC-0087,PARACETAMOL,2023-04-01,2023-04-28,27,5000,DEL-003358,Delayed
FAC-0087,PARACETAMOL,2023-05-01,2023-05-04,3,5000,DEL-003359,On-Time
FAC-0087,PARACETAMOL,2023-05-31,2023-06-07,7,5000,DEL-003360,Delayed
FAC-0087,PARACETAMOL,2023-06-30,2023-07-01,1,5000,DEL-003361,On-Time
FAC-0087,PARACETAMOL,2023-07-30,2023-08-04,5,5000,DEL-003362,Delayed
FAC-0087,PARACETAMOL,2023-08-29,2023-09-06,8,5000,DEL-003363,Delayed
FAC-0087,PARACETAMOL,2023-09-28,2023-09-30,2,5000,DEL-003364,On-Time
FAC-0087,PARACETAMOL,2023-10-28,2023-10-31,3,5000,DEL-003365,On-Time
FAC-0087,PARACETAMOL,2023-11-27,2023-12-16,19,5000,DEL-003366,Delayed
FAC-0087,PARACETAMOL,2023-12-27,2023-12-27,0,5000,DEL-003367,On-Time
FAC-0087,RIF_INH,2023-01-01,2023-01-14,13,800,DEL-003368,Delayed
FAC-0087,RIF_INH,2023-01-31,2023-02-21,21,800,DEL-003369,Delayed
FAC-0087,RIF_INH,2023-03-02,2023-03-08,6,800,DEL-003370,Delayed
FAC-0087,RIF_INH,2023-04-01,2023-04-07,6,800,DEL-003371,Delayed
FAC-0087,RIF_INH,2023-05-01,2023-05-04,3,800,DEL-003372,On-Time
FAC-0087,RIF_INH,2023-05-31,2023-06-12,12,800,DEL-003373,Delayed
FAC-0087,RIF_INH,2023-06-30,2023-07-06,6,800,DEL-003374,Delayed
FAC-0087,RIF_INH,2023-07-30,2023-08-04,5,800,DEL-003375,Delayed
FAC-0087,RIF_INH,2023-08-29,2023-09-02,4,800,DEL-003376,Delayed
FAC-0087,RIF_INH,2023-09-28,2023-10-04,6,800,DEL-003377,Delayed
FAC-0087,RIF_INH,2023-10-28,2023-10-28,0,800,DEL-003378,On-Time
FAC-0087,RIF_INH,2023-11-27,2023-11-29,2,800,DEL-003379,On-Time
FAC-0087,RIF_INH,2023-12-27,2023-12-31,4,800,DEL-003380,Delayed
FAC-0087,EPINEPHRINE,2023-01-01,2023-01-06,5,10,DEL-003381,Delayed
FAC-0087,EPINEPHRINE,2023-01-31,2023-02-03,3,10,DEL-003382,On-Time
FAC-0087,EPINEPHRINE,2023-03-02,2023-03-15,13,10,DEL-003383,Delayed
FAC-0087,EPINEPHRINE,2023-04-01,2023-04-07,6,10,DEL-003384,Delayed
FAC-0087,EPINEPHRINE,2023-05-01,2023-05-06,5,10,DEL-003385,Delayed
FAC-0087,EPINEPHRINE,2023-05-31,2023-06-20,20,10,DEL-003386,Delayed
FAC-0087,EPINEPHRINE,2023-06-30,2023-07-12,12,10,DEL-003387,Delayed
FAC-0087,EPINEPHRINE,2023-07-30,2023-08-13,14,10,DEL-003388,Delayed
FAC-0087,EPINEPHRINE,2023-08-29,2023-09-09,11,10,DEL-003389,Delayed
FAC-0087,EPINEPHRINE,2023-09-28,2023-10-05,7,10,DEL-003390,Delayed
FAC-0087,EPINEPHRINE,2023-10-28,2023-11-06,9,10,DEL-003391,Delayed
FAC-0087,EPINEPHRINE,2023-11-27,2023-11-29,2,10,DEL-003392,On-Time
FAC-0087,EPINEPHRINE,2023-12-27,2023-12-28,1,10,DEL-003393,On-Time
FAC-0088,PARACETAMOL,2023-01-01,2023-01-22,21,5000,DEL-003394,Delayed
FAC-0088,PARACETAMOL,2023-01-31,2023-02-01,1,5000,DEL-003395,On-Time
FAC-0088,PARACETAMOL,2023-03-02,2023-03-18,16,5000,DEL-003396,Delayed
FAC-0088,PARACETAMOL,2023-04-01,2023-04-01,0,5000,DEL-003397,On-Time
FAC-0088,PARACETAMOL,2023-05-01,2023-05-17,16,5000,DEL-003398,Delayed
FAC-0088,PARACETAMOL,2023-05-31,2023-06-02,2,5000,DEL-003399,On-Time
FAC-0088,PARACETAMOL,2023-06-30,2023-07-09,9,5000,DEL-003400,Delayed
FAC-0088,PARACETAMOL,2023-07-30,2023-08-04,5,5000,DEL-003401,Delayed
FAC-0088,PARACETAMOL,2023-08-29,2023-09-08,10,5000,DEL-003402,Delayed
FAC-0088,PARACETAMOL,2023-09-28,2023-10-05,7,5000,DEL-003403,Delayed
FAC-0088,PARACETAMOL,2023-10-28,2023-10-29,1,5000,DEL-003404,On-Time
FAC-0088,PARACETAMOL,2023-11-27,2023-11-28,1,5000,DEL-003405,On-Time
FAC-0088,PARACETAMOL,2023-12-27,2023-12-27,0,5000,DEL-003406,On-Time
FAC-0088,RIF_INH,2023-01-01,2023-01-12,11,800,DEL-003407,Delayed
FAC-0088,RIF_INH,2023-01-31,2023-02-01,1,800,DEL-003408,On-Time
FAC-0088,RIF_INH,2023-03-02,2023-03-08,6,800,DEL-003409,Delayed
FAC-0088,RIF_INH,2023-04-01,2023-04-07,6,800,DEL-003410,Delayed
FAC-0088,RIF_INH,2023-05-01,2023-05-07,6,800,DEL-003411,Delayed
FAC-0088,RIF_INH,2023-05-31,2023-06-12,12,800,DEL-003412,Delayed
FAC-0088,RIF_INH,2023-06-30,2023-07-04,4,800,DEL-003413,Delayed
FAC-0088,RIF_INH,2023-07-30,2023-08-06,7,800,DEL-003414,Delayed
FAC-0088,RIF_INH,2023-08-29,2023-11-11,74,800,DEL-003415,Delayed
FAC-0088,RIF_INH,2023-09-28,2023-10-26,28,800,DEL-003416,Delayed
FAC-0088,RIF_INH,2023-10-28,2023-12-07,40,800,DEL-003417,Delayed
FAC-0088,RIF_INH,2023-11-27,2023-12-05,8,800,DEL-003418,Delayed
FAC-0088,RIF_INH,2023-12-27,2023-12-31,4,800,DEL-003419,Delayed
FAC-0088,EPINEPHRINE,2023-01-01,2023-01-12,11,10,DEL-003420,Delayed
FAC-0088,EPINEPHRINE,2023-01-31,2023-02-07,7,10,DEL-003421,Delayed
FAC-0088,EPINEPHRINE,2023-03-02,2023-04-02,31,10,DEL-003422,Delayed
FAC-0088,EPINEPHRINE,2023-04-01,2023-05-05,34,10,DEL-003423,Delayed
FAC-0088,EPINEPHRINE,2023-05-01,2023-05-16,15,10,DEL-003424,Delayed
FAC-0088,EPINEPHRINE,2023-05-31,2023-06-10,10,10,DEL-003425,Delayed
FAC-0088,EPINEPHRINE,2023-06-30,2023-07-08,8,10,DEL-003426,Delayed
FAC-0088,EPINEPHRINE,2023-07-30,2023-08-11,12,10,DEL-003427,Delayed
FAC-0088,EPINEPHRINE,2023-08-29,2023-08-31,2,10,DEL-003428,On-Time
FAC-0088,EPINEPHRINE,2023-09-28,2023-11-04,37,10,DEL-003429,Delayed
FAC-0088,EPINEPHRINE,2023-10-28,2023-11-02,5,10,DEL-003430,Delayed
FAC-0088,EPINEPHRINE,2023-11-27,2023-12-02,5,10,DEL-003431,Delayed
FAC-0088,EPINEPHRINE,2023-12-27,2024-02-18,53,10,DEL-003432,Delayed
FAC-0089,PARACETAMOL,2023-01-01,2023-02-15,45,5000,DEL-003433,Delayed
FAC-0089,PARACETAMOL,2023-01-31,2023-02-23,23,5000,DEL-003434,Delayed
FAC-0089,PARACETAMOL,2023-03-02,2023-03-05,3,5000,DEL-003435,On-Time
FAC-0089,PARACETAMOL,2023-04-01,2023-04-19,18,5000,DEL-003436,Delayed
FAC-0089,PARACETAMOL,2023-05-01,2023-05-18,17,5000,DEL-003437,Delayed
FAC-0089,PARACETAMOL,2023-05-31,2023-06-03,3,5000,DEL-003438,On-Time
FAC-0089,PARACETAMOL,2023-06-30,2023-07-02,2,5000,DEL-003439,On-Time
FAC-0089,PARACETAMOL,2023-07-30,2023-08-02,3,5000,DEL-003440,On-Time
FAC-0089,PARACETAMOL,2023-08-29,2023-09-12,14,5000,DEL-003441,Delayed
FAC-0089,PARACETAMOL,2023-09-28,2023-09-30,2,5000,DEL-003442,On-Time
FAC-0089,PARACETAMOL,2023-10-28,2023-10-31,3,5000,DEL-003443,On-Time
FAC-0089,PARACETAMOL,2023-11-27,2023-12-05,8,5000,DEL-003444,Delayed
FAC-0089,PARACETAMOL,2023-12-27,2024-01-07,11,5000,DEL-003445,Delayed
FAC-0089,RIF_INH,2023-01-01,2023-01-21,20,800,DEL-003446,Delayed
FAC-0089,RIF_INH,2023-01-31,2023-02-03,3,800,DEL-003447,On-Time
FAC-0089,RIF_INH,2023-03-02,2023-04-21,50,800,DEL-003448,Delayed
FAC-0089,RIF_INH,2023-04-01,2023-04-06,5,800,DEL-003449,Delayed
FAC-0089,RIF_INH,2023-05-01,2023-05-23,22,800,DEL-003450,Delayed
FAC-0089,RIF_INH,2023-05-31,2023-05-31,0,800,DEL-003451,On-Time
FAC-0089,RIF_INH,2023-06-30,2023-07-11,11,800,DEL-003452,Delayed
FAC-0089,RIF_INH,2023-07-30,2023-08-05,6,800,DEL-003453,Delayed
FAC-0089,RIF_INH,2023-08-29,2023-09-25,27,800,DEL-003454,Delayed
FAC-0089,RIF_INH,2023-09-28,2023-11-06,39,800,DEL-003455,Delayed
FAC-0089,RIF_INH,2023-10-28,2023-11-16,19,800,DEL-003456,Delayed
FAC-0089,RIF_INH,2023-11-27,2024-03-03,97,800,DEL-003457,Delayed
FAC-0089,RIF_INH,2023-12-27,2023-12-29,2,800,DEL-003458,On-Time
FAC-0089,EPINEPHRINE,2023-01-01,2023-01-17,16,10,DEL-003459,Delayed
FAC-0089,EPINEPHRINE,2023-01-31,2023-02-08,8,10,DEL-003460,Delayed
FAC-0089,EPINEPHRINE,2023-03-02,2023-03-17,15,10,DEL-003461,Delayed
FAC-0089,EPINEPHRINE,2023-04-01,2023-04-05,4,10,DEL-003462,Delayed
FAC-0089,EPINEPHRINE,2023-05-01,2023-05-27,26,10,DEL-003463,Delayed
FAC-0089,EPINEPHRINE,2023-05-31,2023-06-25,25,10,DEL-003464,Delayed
FAC-0089,EPINEPHRINE,2023-06-30,2023-07-07,7,10,DEL-003465,Delayed
FAC-0089,EPINEPHRINE,2023-07-30,2023-08-02,3,10,DEL-003466,On-Time
FAC-0089,EPINEPHRINE,2023-08-29,2023-09-11,13,10,DEL-003467,Delayed
FAC-0089,EPINEPHRINE,2023-09-28,2023-10-14,16,10,DEL-003468,Delayed
FAC-0089,EPINEPHRINE,2023-10-28,2023-11-13,16,10,DEL-003469,Delayed
FAC-0089,EPINEPHRINE,2023-11-27,2023-12-12,15,10,DEL-003470,Delayed
FAC-0089,EPINEPHRINE,2023-12-27,2023-12-30,3,10,DEL-003471,On-Time
FAC-0090,PARACETAMOL,2023-01-01,2023-01-13,12,5000,DEL-003472,Delayed
FAC-0090,PARACETAMOL,2023-01-31,2023-02-08,8,5000,DEL-003473,Delayed
FAC-0090,PARACETAMOL,2023-03-02,2023-03-31,29,5000,DEL-003474,Delayed
FAC-0090,PARACETAMOL,2023-04-01,2023-04-01,0,5000,DEL-003475,On-Time
FAC-0090,PARACETAMOL,2023-05-01,2023-05-02,1,5000,DEL-003476,On-Time
FAC-0090,PARACETAMOL,2023-05-31,2023-06-07,7,5000,DEL-003477,Delayed
FAC-0090,PARACETAMOL,2023-06-30,2023-07-11,11,5000,DEL-003478,Delayed
FAC-0090,PARACETAMOL,2023-07-30,2023-08-08,9,5000,DEL-003479,Delayed
FAC-0090,PARACETAMOL,2023-08-29,2023-09-14,16,5000,DEL-003480,Delayed
FAC-0090,PARACETAMOL,2023-09-28,2023-10-01,3,5000,DEL-003481,On-Time
FAC-0090,PARACETAMOL,2023-10-28,2023-11-03,6,5000,DEL-003482,Delayed
FAC-0090,PARACETAMOL,2023-11-27,2023-12-04,7,5000,DEL-003483,Delayed
FAC-0090,PARACETAMOL,2023-12-27,2024-01-11,15,5000,DEL-003484,Delayed
FAC-0090,RIF_INH,2023-01-01,2023-02-03,33,800,DEL-003485,Delayed
FAC-0090,RIF_INH,2023-01-31,2023-02-14,14,800,DEL-003486,Delayed
FAC-0090,RIF_INH,2023-03-02,2023-03-02,0,800,DEL-003487,On-Time
FAC-0090,RIF_INH,2023-04-01,2023-04-08,7,800,DEL-003488,Delayed
FAC-0090,RIF_INH,2023-05-01,2023-05-11,10,800,DEL-003489,Delayed
FAC-0090,RIF_INH,2023-05-31,2023-06-01,1,800,DEL-003490,On-Time
FAC-0090,RIF_INH,2023-06-30,2023-07-02,2,800,DEL-003491,On-Time
FAC-0090,RIF_INH,2023-07-30,2023-08-10,11,800,DEL-003492,Delayed
FAC-0090,RIF_INH,2023-08-29,2023-09-05,7,800,DEL-003493,Delayed
FAC-0090,RIF_INH,2023-09-28,2023-10-22,24,800,DEL-003494,Delayed
FAC-0090,RIF_INH,2023-10-28,2023-11-17,20,800,DEL-003495,Delayed
FAC-0090,RIF_INH,2023-11-27,2023-12-26,29,800,DEL-003496,Delayed
FAC-0090,RIF_INH,2023-12-27,2023-12-29,2,800,DEL-003497,On-Time
FAC-0090,EPINEPHRINE,2023-01-01,2023-01-22,21,10,DEL-003498,Delayed
FAC-0090,EPINEPHRINE,2023-01-31,2023-02-01,1,10,DEL-003499,On-Time
FAC-0090,EPINEPHRINE,2023-03-02,2023-03-03,1,10,DEL-003500,On-Time
FAC-0090,EPINEPHRINE,2023-04-01,2023-04-05,4,10,DEL-003501,Delayed
FAC-0090,EPINEPHRINE,2023-05-01,2023-05-03,2,10,DEL-003502,On-Time
FAC-0090,EPINEPHRINE,2023-05-31,2023-06-17,17,10,DEL-003503,Delayed
FAC-0090,EPINEPHRINE,2023-06-30,2023-07-01,1,10,DEL-003504,On-Time
FAC-0090,EPINEPHRINE,2023-07-30,2023-08-20,21,10,DEL-003505,Delayed
FAC-0090,EPINEPHRINE,2023-08-29,2023-09-02,4,10,DEL-003506,Delayed
FAC-0090,EPINEPHRINE,2023-09-28,2023-10-19,21,10,DEL-003507,Delayed
FAC-0090,EPINEPHRINE,2023-10-28,2023-11-06,9,10,DEL-003508,Delayed
FAC-0090,EPINEPHRINE,2023-11-27,2023-12-11,14,10,DEL-003509,Delayed
FAC-0090,EPINEPHRINE,2023-12-27,2023-12-27,0,10,DEL-003510,On-Time
FAC-0091,PARACETAMOL,2023-01-01,2023-01-19,18,5000,DEL-003511,Delayed
FAC-0091,PARACETAMOL,2023-01-31,2023-02-05,5,5000,DEL-003512,Delayed
FAC-0091,PARACETAMOL,2023-03-02,2023-03-04,2,5000,DEL-003513,On-Time
FAC-0091,PARACETAMOL,2023-04-01,2023-04-06,5,5000,DEL-003514,Delayed
FAC-0091,PARACETAMOL,2023-05-01,2023-05-07,6,5000,DEL-003515,Delayed
FAC-0091,PARACETAMOL,2023-05-31,2023-06-03,3,5000,DEL-003516,On-Time
FAC-0091,PARACETAMOL,2023-06-30,2023-07-09,9,5000,DEL-003517,Delayed
FAC-0091,PARACETAMOL,2023-07-30,2023-08-21,22,5000,DEL-003518,Delayed
FAC-0091,PARACETAMOL,2023-08-29,2023-09-05,7,5000,DEL-003519,Delayed
FAC-0091,PARACETAMOL,2023-09-28,2023-09-30,2,5000,DEL-003520,On-Time
FAC-0091,PARACETAMOL,2023-10-28,2023-11-04,7,5000,DEL-003521,Delayed
FAC-0091,PARACETAMOL,2023-11-27,2023-12-01,4,5000,DEL-003522,Delayed
FAC-0091,PARACETAMOL,2023-12-27,2023-12-28,1,5000,DEL-003523,On-Time
FAC-0091,RIF_INH,2023-01-01,2023-01-04,3,800,DEL-003524,On-Time
FAC-0091,RIF_INH,2023-01-31,2023-02-06,6,800,DEL-003525,Delayed
FAC-0091,RIF_INH,2023-03-02,2023-03-13,11,800,DEL-003526,Delayed
FAC-0091,RIF_INH,2023-04-01,2023-04-27,26,800,DEL-003527,Delayed
FAC-0091,RIF_INH,2023-05-01,2023-05-01,0,800,DEL-003528,On-Time
FAC-0091,RIF_INH,2023-05-31,2023-06-02,2,800,DEL-003529,On-Time
FAC-0091,RIF_INH,2023-06-30,2023-07-03,3,800,DEL-003530,On-Time
FAC-0091,RIF_INH,2023-07-30,2023-08-20,21,800,DEL-003531,Delayed
FAC-0091,RIF_INH,2023-08-29,2023-09-07,9,800,DEL-003532,Delayed
FAC-0091,RIF_INH,2023-09-28,2023-10-02,4,800,DEL-003533,Delayed
FAC-0091,RIF_INH,2023-10-28,2023-11-03,6,800,DEL-003534,Delayed
FAC-0091,RIF_INH,2023-11-27,2023-12-06,9,800,DEL-003535,Delayed
FAC-0091,RIF_INH,2023-12-27,2023-12-30,3,800,DEL-003536,On-Time
FAC-0091,EPINEPHRINE,2023-01-01,2023-01-23,22,10,DEL-003537,Delayed
FAC-0091,EPINEPHRINE,2023-01-31,2023-02-20,20,10,DEL-003538,Delayed
FAC-0091,EPINEPHRINE,2023-03-02,2023-03-11,9,10,DEL-003539,Delayed
FAC-0091,EPINEPHRINE,2023-04-01,2023-05-03,32,10,DEL-003540,Delayed
FAC-0091,EPINEPHRINE,2023-05-01,2023-05-01,0,10,DEL-003541,On-Time
FAC-0091,EPINEPHRINE,2023-05-31,2023-07-17,47,10,DEL-003542,Delayed
FAC-0091,EPINEPHRINE,2023-06-30,2023-08-25,56,10,DEL-003543,Delayed
FAC-0091,EPINEPHRINE,2023-07-30,2023-08-01,2,10,DEL-003544,On-Time
FAC-0091,EPINEPHRINE,2023-08-29,2023-09-02,4,10,DEL-003545,Delayed
FAC-0091,EPINEPHRINE,2023-09-28,2023-10-05,7,10,DEL-003546,Delayed
FAC-0091,EPINEPHRINE,2023-10-28,2023-10-29,1,10,DEL-003547,On-Time
FAC-0091,EPINEPHRINE,2023-11-27,2023-12-09,12,10,DEL-003548,Delayed
FAC-0091,EPINEPHRINE,2023-12-27,2023-12-30,3,10,DEL-003549,On-Time
FAC-0092,PARACETAMOL,2023-01-01,2023-01-07,6,5000,DEL-003550,Delayed
FAC-0092,PARACETAMOL,2023-01-31,2023-02-04,4,5000,DEL-003551,Delayed
FAC-0092,PARACETAMOL,2023-03-02,2023-03-05,3,5000,DEL-003552,On-Time
FAC-0092,PARACETAMOL,2023-04-01,2023-04-02,1,5000,DEL-003553,On-Time
FAC-0092,PARACETAMOL,2023-05-01,2023-05-03,2,5000,DEL-003554,On-Time
FAC-0092,PARACETAMOL,2023-05-31,2023-06-09,9,5000,DEL-003555,Delayed
FAC-0092,PARACETAMOL,2023-06-30,2023-07-11,11,5000,DEL-003556,Delayed
FAC-0092,PARACETAMOL,2023-07-30,2023-07-30,0,5000,DEL-003557,On-Time
FAC-0092,PARACETAMOL,2023-08-29,2023-08-29,0,5000,DEL-003558,On-Time
FAC-0092,PARACETAMOL,2023-09-28,2023-10-01,3,5000,DEL-003559,On-Time
FAC-0092,PARACETAMOL,2023-10-28,2023-10-28,0,5000,DEL-003560,On-Time
FAC-0092,PARACETAMOL,2023-11-27,2023-12-08,11,5000,DEL-003561,Delayed
FAC-0092,PARACETAMOL,2023-12-27,2024-01-08,12,5000,DEL-003562,Delayed
FAC-0092,RIF_INH,2023-01-01,2023-01-09,8,800,DEL-003563,Delayed
FAC-0092,RIF_INH,2023-01-31,2023-02-02,2,800,DEL-003564,On-Time
FAC-0092,RIF_INH,2023-03-02,2023-03-02,0,800,DEL-003565,On-Time
FAC-0092,RIF_INH,2023-04-01,2023-04-01,0,800,DEL-003566,On-Time
FAC-0092,RIF_INH,2023-05-01,2023-05-08,7,800,DEL-003567,Delayed
FAC-0092,RIF_INH,2023-05-31,2023-06-06,6,800,DEL-003568,Delayed
FAC-0092,RIF_INH,2023-06-30,2023-07-02,2,800,DEL-003569,On-Time
FAC-0092,RIF_INH,2023-07-30,2023-08-05,6,800,DEL-003570,Delayed
FAC-0092,RIF_INH,2023-08-29,2023-09-03,5,800,DEL-003571,Delayed
FAC-0092,RIF_INH,2023-09-28,2023-09-28,0,800,DEL-003572,On-Time
FAC-0092,RIF_INH,2023-10-28,2023-10-29,1,800,DEL-003573,On-Time
FAC-0092,RIF_INH,2023-11-27,2023-12-04,7,800,DEL-003574,Delayed
FAC-0092,RIF_INH,2023-12-27,2023-12-31,4,800,DEL-003575,Delayed
FAC-0092,EPINEPHRINE,2023-01-01,2023-01-11,10,10,DEL-003576,Delayed
FAC-0092,EPINEPHRINE,2023-01-31,2023-02-02,2,10,DEL-003577,On-Time
FAC-0092,EPINEPHRINE,2023-03-02,2023-03-17,15,10,DEL-003578,Delayed
FAC-0092,EPINEPHRINE,2023-04-01,2023-04-11,10,10,DEL-003579,Delayed
FAC-0092,EPINEPHRINE,2023-05-01,2023-05-12,11,10,DEL-003580,Delayed
FAC-0092,EPINEPHRINE,2023-05-31,2023-06-06,6,10,DEL-003581,Delayed
FAC-0092,EPINEPHRINE,2023-06-30,2023-06-30,0,10,DEL-003582,On-Time
FAC-0092,EPINEPHRINE,2023-07-30,2023-08-01,2,10,DEL-003583,On-Time
FAC-0092,EPINEPHRINE,2023-08-29,2023-09-17,19,10,DEL-003584,Delayed
FAC-0092,EPINEPHRINE,2023-09-28,2023-09-29,1,10,DEL-003585,On-Time
FAC-0092,EPINEPHRINE,2023-10-28,2023-11-02,5,10,DEL-003586,Delayed
FAC-0092,EPINEPHRINE,2023-11-27,2023-12-10,13,10,DEL-003587,Delayed
FAC-0092,EPINEPHRINE,2023-12-27,2024-01-08,12,10,DEL-003588,Delayed
FAC-0093,PARACETAMOL,2023-01-01,2023-01-19,18,5000,DEL-003589,Delayed
FAC-0093,PARACETAMOL,2023-01-31,2023-02-19,19,5000,DEL-003590,Delayed
FAC-0093,PARACETAMOL,2023-03-02,2023-03-17,15,5000,DEL-003591,Delayed
FAC-0093,PARACETAMOL,2023-04-01,2023-04-18,17,5000,DEL-003592,Delayed
FAC-0093,PARACETAMOL,2023-05-01,2023-05-08,7,5000,DEL-003593,Delayed
FAC-0093,PARACETAMOL,2023-05-31,2023-06-17,17,5000,DEL-003594,Delayed
FAC-0093,PARACETAMOL,2023-06-30,2023-07-07,7,5000,DEL-003595,Delayed
FAC-0093,PARACETAMOL,2023-07-30,2023-08-24,25,5000,DEL-003596,Delayed
FAC-0093,PARACETAMOL,2023-08-29,2023-09-05,7,5000,DEL-003597,Delayed
FAC-0093,PARACETAMOL,2023-09-28,2023-10-15,17,5000,DEL-003598,Delayed
FAC-0093,PARACETAMOL,2023-10-28,2023-11-05,8,5000,DEL-003599,Delayed
FAC-0093,PARACETAMOL,2023-11-27,2023-11-28,1,5000,DEL-003600,On-Time
FAC-0093,PARACETAMOL,2023-12-27,2024-02-01,36,5000,DEL-003601,Delayed
FAC-0093,RIF_INH,2023-01-01,2023-01-06,5,800,DEL-003602,Delayed
FAC-0093,RIF_INH,2023-01-31,2023-02-03,3,800,DEL-003603,On-Time
FAC-0093,RIF_INH,2023-03-02,2023-03-02,0,800,DEL-003604,On-Time
FAC-0093,RIF_INH,2023-04-01,2023-04-08,7,800,DEL-003605,Delayed
FAC-0093,RIF_INH,2023-05-01,2023-05-07,6,800,DEL-003606,Delayed
FAC-0093,RIF_INH,2023-05-31,2023-06-27,27,800,DEL-003607,Delayed
FAC-0093,RIF_INH,2023-06-30,2023-07-15,15,800,DEL-003608,Delayed
FAC-0093,RIF_INH,2023-07-30,2023-08-01,2,800,DEL-003609,On-Time
FAC-0093,RIF_INH,2023-08-29,2023-09-04,6,800,DEL-003610,Delayed
FAC-0093,RIF_INH,2023-09-28,2023-10-08,10,800,DEL-003611,Delayed
FAC-0093,RIF_INH,2023-10-28,2023-11-27,30,800,DEL-003612,Delayed
FAC-0093,RIF_INH,2023-11-27,2023-11-27,0,800,DEL-003613,On-Time
FAC-0093,RIF_INH,2023-12-27,2024-01-01,5,800,DEL-003614,Delayed
FAC-0093,EPINEPHRINE,2023-01-01,2023-01-03,2,10,DEL-003615,On-Time
FAC-0093,EPINEPHRINE,2023-01-31,2023-02-09,9,10,DEL-003616,Delayed
FAC-0093,EPINEPHRINE,2023-03-02,2023-03-10,8,10,DEL-003617,Delayed
FAC-0093,EPINEPHRINE,2023-04-01,2023-04-16,15,10,DEL-003618,Delayed
FAC-0093,EPINEPHRINE,2023-05-01,2023-05-09,8,10,DEL-003619,Delayed
FAC-0093,EPINEPHRINE,2023-05-31,2023-06-10,10,10,DEL-003620,Delayed
FAC-0093,EPINEPHRINE,2023-06-30,2023-07-09,9,10,DEL-003621,Delayed
FAC-0093,EPINEPHRINE,2023-07-30,2023-07-31,1,10,DEL-003622,On-Time
FAC-0093,EPINEPHRINE,2023-08-29,2023-09-01,3,10,DEL-003623,On-Time
FAC-0093,EPINEPHRINE,2023-09-28,2023-10-01,3,10,DEL-003624,On-Time
FAC-0093,EPINEPHRINE,2023-10-28,2023-12-31,64,10,DEL-003625,Delayed
FAC-0093,EPINEPHRINE,2023-11-27,2023-11-28,1,10,DEL-003626,On-Time
FAC-0093,EPINEPHRINE,2023-12-27,2023-12-28,1,10,DEL-003627,On-Time
FAC-0094,PARACETAMOL,2023-01-01,2023-01-01,0,5000,DEL-003628,On-Time
FAC-0094,PARACETAMOL,2023-01-31,2023-02-10,10,5000,DEL-003629,Delayed
FAC-0094,PARACETAMOL,2023-03-02,2023-03-24,22,5000,DEL-003630,Delayed
FAC-0094,PARACETAMOL,2023-04-01,2023-04-21,20,5000,DEL-003631,Delayed
FAC-0094,PARACETAMOL,2023-05-01,2023-05-13,12,5000,DEL-003632,Delayed
FAC-0094,PARACETAMOL,2023-05-31,2023-06-12,12,5000,DEL-003633,Delayed
FAC-0094,PARACETAMOL,2023-06-30,2023-07-09,9,5000,DEL-003634,Delayed
FAC-0094,PARACETAMOL,2023-07-30,2023-08-10,11,5000,DEL-003635,Delayed
FAC-0094,PARACETAMOL,2023-08-29,2023-09-15,17,5000,DEL-003636,Delayed
FAC-0094,PARACETAMOL,2023-09-28,2023-12-09,72,5000,DEL-003637,Delayed
FAC-0094,PARACETAMOL,2023-10-28,2023-12-03,36,5000,DEL-003638,Delayed
FAC-0094,PARACETAMOL,2023-11-27,2023-12-24,27,5000,DEL-003639,Delayed
FAC-0094,PARACETAMOL,2023-12-27,2024-02-01,36,5000,DEL-003640,Delayed
FAC-0094,RIF_INH,2023-01-01,2023-01-03,2,800,DEL-003641,On-Time
FAC-0094,RIF_INH,2023-01-31,2023-02-27,27,800,DEL-003642,Delayed
FAC-0094,RIF_INH,2023-03-02,2023-04-10,39,800,DEL-003643,Delayed
FAC-0094,RIF_INH,2023-04-01,2023-04-02,1,800,DEL-003644,On-Time
FAC-0094,RIF_INH,2023-05-01,2023-05-06,5,800,DEL-003645,Delayed
FAC-0094,RIF_INH,2023-05-31,2023-06-22,22,800,DEL-003646,Delayed
FAC-0094,RIF_INH,2023-06-30,2023-07-04,4,800,DEL-003647,Delayed
FAC-0094,RIF_INH,2023-07-30,2023-08-04,5,800,DEL-003648,Delayed
FAC-0094,RIF_INH,2023-08-29,2023-09-21,23,800,DEL-003649,Delayed
FAC-0094,RIF_INH,2023-09-28,2023-10-20,22,800,DEL-003650,Delayed
FAC-0094,RIF_INH,2023-10-28,2023-10-29,1,800,DEL-003651,On-Time
FAC-0094,RIF_INH,2023-11-27,2023-12-04,7,800,DEL-003652,Delayed
FAC-0094,RIF_INH,2023-12-27,2024-01-03,7,800,DEL-003653,Delayed
FAC-0094,EPINEPHRINE,2023-01-01,2023-01-03,2,10,DEL-003654,On-Time
FAC-0094,EPINEPHRINE,2023-01-31,2023-02-05,5,10,DEL-003655,Delayed
FAC-0094,EPINEPHRINE,2023-03-02,2023-03-02,0,10,DEL-003656,On-Time
FAC-0094,EPINEPHRINE,2023-04-01,2023-04-06,5,10,DEL-003657,Delayed
FAC-0094,EPINEPHRINE,2023-05-01,2023-05-10,9,10,DEL-003658,Delayed
FAC-0094,EPINEPHRINE,2023-05-31,2023-06-06,6,10,DEL-003659,Delayed
FAC-0094,EPINEPHRINE,2023-06-30,2023-07-23,23,10,DEL-003660,Delayed
FAC-0094,EPINEPHRINE,2023-07-30,2023-08-23,24,10,DEL-003661,Delayed
FAC-0094,EPINEPHRINE,2023-08-29,2023-09-10,12,10,DEL-003662,Delayed
FAC-0094,EPINEPHRINE,2023-09-28,2023-10-03,5,10,DEL-003663,Delayed
FAC-0094,EPINEPHRINE,2023-10-28,2023-10-28,0,10,DEL-003664,On-Time
FAC-0094,EPINEPHRINE,2023-11-27,2023-11-29,2,10,DEL-003665,On-Time
FAC-0094,EPINEPHRINE,2023-12-27,2024-01-19,23,10,DEL-003666,Delayed
FAC-0095,PARACETAMOL,2023-01-01,2023-01-02,1,5000,DEL-003667,On-Time
FAC-0095,PARACETAMOL,2023-01-31,2023-01-31,0,5000,DEL-003668,On-Time
FAC-0095,PARACETAMOL,2023-03-02,2023-03-09,7,5000,DEL-003669,Delayed
FAC-0095,PARACETAMOL,2023-04-01,2023-04-27,26,5000,DEL-003670,Delayed
FAC-0095,PARACETAMOL,2023-05-01,2023-05-17,16,5000,DEL-003671,Delayed
FAC-0095,PARACETAMOL,2023-05-31,2023-06-24,24,5000,DEL-003672,Delayed
FAC-0095,PARACETAMOL,2023-06-30,2023-07-06,6,5000,DEL-003673,Delayed
FAC-0095,PARACETAMOL,2023-07-30,2023-08-08,9,5000,DEL-003674,Delayed
FAC-0095,PARACETAMOL,2023-08-29,2023-09-05,7,5000,DEL-003675,Delayed
FAC-0095,PARACETAMOL,2023-09-28,2023-10-14,16,5000,DEL-003676,Delayed
FAC-0095,PARACETAMOL,2023-10-28,2023-11-04,7,5000,DEL-003677,Delayed
FAC-0095,PARACETAMOL,2023-11-27,2023-12-15,18,5000,DEL-003678,Delayed
FAC-0095,PARACETAMOL,2023-12-27,2024-01-02,6,5000,DEL-003679,Delayed
FAC-0095,RIF_INH,2023-01-01,2023-01-06,5,800,DEL-003680,Delayed
FAC-0095,RIF_INH,2023-01-31,2023-02-10,10,800,DEL-003681,Delayed
FAC-0095,RIF_INH,2023-03-02,2023-03-05,3,800,DEL-003682,On-Time
FAC-0095,RIF_INH,2023-04-01,2023-07-13,103,800,DEL-003683,Delayed
FAC-0095,RIF_INH,2023-05-01,2023-05-10,9,800,DEL-003684,Delayed
FAC-0095,RIF_INH,2023-05-31,2023-06-11,11,800,DEL-003685,Delayed
FAC-0095,RIF_INH,2023-06-30,2023-07-11,11,800,DEL-003686,Delayed
FAC-0095,RIF_INH,2023-07-30,2023-07-30,0,800,DEL-003687,On-Time
FAC-0095,RIF_INH,2023-08-29,2023-09-10,12,800,DEL-003688,Delayed
FAC-0095,RIF_INH,2023-09-28,2023-10-17,19,800,DEL-003689,Delayed
FAC-0095,RIF_INH,2023-10-28,2023-11-07,10,800,DEL-003690,Delayed
FAC-0095,RIF_INH,2023-11-27,2023-12-09,12,800,DEL-003691,Delayed
FAC-0095,RIF_INH,2023-12-27,2024-01-06,10,800,DEL-003692,Delayed
FAC-0095,EPINEPHRINE,2023-01-01,2023-01-22,21,10,DEL-003693,Delayed
FAC-0095,EPINEPHRINE,2023-01-31,2023-02-06,6,10,DEL-003694,Delayed
FAC-0095,EPINEPHRINE,2023-03-02,2023-03-07,5,10,DEL-003695,Delayed
FAC-0095,EPINEPHRINE,2023-04-01,2023-04-09,8,10,DEL-003696,Delayed
FAC-0095,EPINEPHRINE,2023-05-01,2023-05-11,10,10,DEL-003697,Delayed
FAC-0095,EPINEPHRINE,2023-05-31,2023-06-08,8,10,DEL-003698,Delayed
FAC-0095,EPINEPHRINE,2023-06-30,2023-07-08,8,10,DEL-003699,Delayed
FAC-0095,EPINEPHRINE,2023-07-30,2023-08-11,12,10,DEL-003700,Delayed
FAC-0095,EPINEPHRINE,2023-08-29,2023-08-29,0,10,DEL-003701,On-Time
FAC-0095,EPINEPHRINE,2023-09-28,2023-11-20,53,10,DEL-003702,Delayed
FAC-0095,EPINEPHRINE,2023-10-28,2023-11-05,8,10,DEL-003703,Delayed
FAC-0095,EPINEPHRINE,2023-11-27,2023-12-08,11,10,DEL-003704,Delayed
FAC-0095,EPINEPHRINE,2023-12-27,2024-01-17,21,10,DEL-003705,Delayed
FAC-0096,PARACETAMOL,2023-01-01,2023-01-05,4,5000,DEL-003706,Delayed
FAC-0096,PARACETAMOL,2023-01-31,2023-02-08,8,5000,DEL-003707,Delayed
FAC-0096,PARACETAMOL,2023-03-02,2023-03-31,29,5000,DEL-003708,Delayed
FAC-0096,PARACETAMOL,2023-04-01,2023-04-08,7,5000,DEL-003709,Delayed
FAC-0096,PARACETAMOL,2023-05-01,2023-05-15,14,5000,DEL-003710,Delayed
FAC-0096,PARACETAMOL,2023-05-31,2023-06-10,10,5000,DEL-003711,Delayed
FAC-0096,PARACETAMOL,2023-06-30,2023-07-05,5,5000,DEL-003712,Delayed
FAC-0096,PARACETAMOL,2023-07-30,2023-08-04,5,5000,DEL-003713,Delayed
FAC-0096,PARACETAMOL,2023-08-29,2023-08-30,1,5000,DEL-003714,On-Time
FAC-0096,PARACETAMOL,2023-09-28,2023-10-04,6,5000,DEL-003715,Delayed
FAC-0096,PARACETAMOL,2023-10-28,2023-11-02,5,5000,DEL-003716,Delayed
FAC-0096,PARACETAMOL,2023-11-27,2023-12-01,4,5000,DEL-003717,Delayed
FAC-0096,PARACETAMOL,2023-12-27,2023-12-28,1,5000,DEL-003718,On-Time
FAC-0096,RIF_INH,2023-01-01,2023-01-06,5,800,DEL-003719,Delayed
FAC-0096,RIF_INH,2023-01-31,2023-02-19,19,800,DEL-003720,Delayed
FAC-0096,RIF_INH,2023-03-02,2023-03-03,1,800,DEL-003721,On-Time
FAC-0096,RIF_INH,2023-04-01,2023-04-07,6,800,DEL-003722,Delayed
FAC-0096,RIF_INH,2023-05-01,2023-05-03,2,800,DEL-003723,On-Time
FAC-0096,RIF_INH,2023-05-31,2023-06-03,3,800,DEL-003724,On-Time
FAC-0096,RIF_INH,2023-06-30,2023-06-30,0,800,DEL-003725,On-Time
FAC-0096,RIF_INH,2023-07-30,2023-08-15,16,800,DEL-003726,Delayed
FAC-0096,RIF_INH,2023-08-29,2023-08-30,1,800,DEL-003727,On-Time
FAC-0096,RIF_INH,2023-09-28,2023-10-04,6,800,DEL-003728,Delayed
FAC-0096,RIF_INH,2023-10-28,2023-11-03,6,800,DEL-003729,Delayed
FAC-0096,RIF_INH,2023-11-27,2023-12-05,8,800,DEL-003730,Delayed
FAC-0096,RIF_INH,2023-12-27,2023-12-28,1,800,DEL-003731,On-Time
FAC-0096,EPINEPHRINE,2023-01-01,2023-01-14,13,10,DEL-003732,Delayed
FAC-0096,EPINEPHRINE,2023-01-31,2023-02-03,3,10,DEL-003733,On-Time
FAC-0096,EPINEPHRINE,2023-03-02,2023-03-06,4,10,DEL-003734,Delayed
FAC-0096,EPINEPHRINE,2023-04-01,2023-04-02,1,10,DEL-003735,On-Time
FAC-0096,EPINEPHRINE,2023-05-01,2023-05-02,1,10,DEL-003736,On-Time
FAC-0096,EPINEPHRINE,2023-05-31,2023-05-31,0,10,DEL-003737,On-Time
FAC-0096,EPINEPHRINE,2023-06-30,2023-06-30,0,10,DEL-003738,On-Time
FAC-0096,EPINEPHRINE,2023-07-30,2023-08-15,16,10,DEL-003739,Delayed
FAC-0096,EPINEPHRINE,2023-08-29,2023-08-29,0,10,DEL-003740,On-Time
FAC-0096,EPINEPHRINE,2023-09-28,2023-10-03,5,10,DEL-003741,Delayed
FAC-0096,EPINEPHRINE,2023-10-28,2023-11-17,20,10,DEL-003742,Delayed
FAC-0096,EPINEPHRINE,2023-11-27,2023-12-02,5,10,DEL-003743,Delayed
FAC-0096,EPINEPHRINE,2023-12-27,2023-12-28,1,10,DEL-003744,On-Time
FAC-0097,PARACETAMOL,2023-01-01,2023-02-03,33,5000,DEL-003745,Delayed
FAC-0097,PARACETAMOL,2023-01-31,2023-02-17,17,5000,DEL-003746,Delayed
FAC-0097,PARACETAMOL,2023-03-02,2023-03-02,0,5000,DEL-003747,On-Time
FAC-0097,PARACETAMOL,2023-04-01,2023-04-21,20,5000,DEL-003748,Delayed
FAC-0097,PARACETAMOL,2023-05-01,2023-05-17,16,5000,DEL-003749,Delayed
FAC-0097,PARACETAMOL,2023-05-31,2023-06-24,24,5000,DEL-003750,Delayed
FAC-0097,PARACETAMOL,2023-06-30,2023-07-14,14,5000,DEL-003751,Delayed
FAC-0097,PARACETAMOL,2023-07-30,2023-08-02,3,5000,DEL-003752,On-Time
FAC-0097,PARACETAMOL,2023-08-29,2023-09-12,14,5000,DEL-003753,Delayed
FAC-0097,PARACETAMOL,2023-09-28,2023-10-15,17,5000,DEL-003754,Delayed
FAC-0097,PARACETAMOL,2023-10-28,2023-11-19,22,5000,DEL-003755,Delayed
FAC-0097,PARACETAMOL,2023-11-27,2023-12-03,6,5000,DEL-003756,Delayed
FAC-0097,PARACETAMOL,2023-12-27,2024-01-03,7,5000,DEL-003757,Delayed
FAC-0097,RIF_INH,2023-01-01,2023-01-11,10,800,DEL-003758,Delayed
FAC-0097,RIF_INH,2023-01-31,2023-02-09,9,800,DEL-003759,Delayed
FAC-0097,RIF_INH,2023-03-02,2023-03-09,7,800,DEL-003760,Delayed
FAC-0097,RIF_INH,2023-04-01,2023-04-05,4,800,DEL-003761,Delayed
FAC-0097,RIF_INH,2023-05-01,2023-05-03,2,800,DEL-003762,On-Time
FAC-0097,RIF_INH,2023-05-31,2023-06-14,14,800,DEL-003763,Delayed
FAC-0097,RIF_INH,2023-06-30,2023-07-20,20,800,DEL-003764,Delayed
FAC-0097,RIF_INH,2023-07-30,2023-08-08,9,800,DEL-003765,Delayed
FAC-0097,RIF_INH,2023-08-29,2023-09-07,9,800,DEL-003766,Delayed
FAC-0097,RIF_INH,2023-09-28,2023-11-04,37,800,DEL-003767,Delayed
FAC-0097,RIF_INH,2023-10-28,2023-11-13,16,800,DEL-003768,Delayed
FAC-0097,RIF_INH,2023-11-27,2023-12-05,8,800,DEL-003769,Delayed
FAC-0097,RIF_INH,2023-12-27,2024-01-03,7,800,DEL-003770,Delayed
FAC-0097,EPINEPHRINE,2023-01-01,2023-01-07,6,10,DEL-003771,Delayed
FAC-0097,EPINEPHRINE,2023-01-31,2023-02-11,11,10,DEL-003772,Delayed
FAC-0097,EPINEPHRINE,2023-03-02,2023-03-13,11,10,DEL-003773,Delayed
FAC-0097,EPINEPHRINE,2023-04-01,2023-04-22,21,10,DEL-003774,Delayed
FAC-0097,EPINEPHRINE,2023-05-01,2023-05-04,3,10,DEL-003775,On-Time
FAC-0097,EPINEPHRINE,2023-05-31,2023-06-21,21,10,DEL-003776,Delayed
FAC-0097,EPINEPHRINE,2023-06-30,2023-07-15,15,10,DEL-003777,Delayed
FAC-0097,EPINEPHRINE,2023-07-30,2023-08-04,5,10,DEL-003778,Delayed
FAC-0097,EPINEPHRINE,2023-08-29,2023-09-01,3,10,DEL-003779,On-Time
FAC-0097,EPINEPHRINE,2023-09-28,2023-10-13,15,10,DEL-003780,Delayed
FAC-0097,EPINEPHRINE,2023-10-28,2023-11-06,9,10,DEL-003781,Delayed
FAC-0097,EPINEPHRINE,2023-11-27,2023-11-29,2,10,DEL-003782,On-Time
FAC-0097,EPINEPHRINE,2023-12-27,2024-01-03,7,10,DEL-003783,Delayed
FAC-0098,PARACETAMOL,2023-01-01,2023-01-18,17,5000,DEL-003784,Delayed
FAC-0098,PARACETAMOL,2023-01-31,2023-02-17,17,5000,DEL-003785,Delayed
FAC-0098,PARACETAMOL,2023-03-02,2023-03-14,12,5000,DEL-003786,Delayed
FAC-0098,PARACETAMOL,2023-04-01,2023-04-18,17,5000,DEL-003787,Delayed
FAC-0098,PARACETAMOL,2023-05-01,2023-05-14,13,5000,DEL-003788,Delayed
FAC-0098,PARACETAMOL,2023-05-31,2023-06-12,12,5000,DEL-003789,Delayed
FAC-0098,PARACETAMOL,2023-06-30,2023-07-04,4,5000,DEL-003790,Delayed
FAC-0098,PARACETAMOL,2023-07-30,2023-08-17,18,5000,DEL-003791,Delayed
FAC-0098,PARACETAMOL,2023-08-29,2023-09-08,10,5000,DEL-003792,Delayed
FAC-0098,PARACETAMOL,2023-09-28,2023-10-19,21,5000,DEL-003793,Delayed
FAC-0098,PARACETAMOL,2023-10-28,2023-11-13,16,5000,DEL-003794,Delayed
FAC-0098,PARACETAMOL,2023-11-27,2023-11-27,0,5000,DEL-003795,On-Time
FAC-0098,PARACETAMOL,2023-12-27,2024-01-04,8,5000,DEL-003796,Delayed
FAC-0098,RIF_INH,2023-01-01,2023-01-07,6,800,DEL-003797,Delayed
FAC-0098,RIF_INH,2023-01-31,2023-02-04,4,800,DEL-003798,Delayed
FAC-0098,RIF_INH,2023-03-02,2023-03-14,12,800,DEL-003799,Delayed
FAC-0098,RIF_INH,2023-04-01,2023-04-05,4,800,DEL-003800,Delayed
FAC-0098,RIF_INH,2023-05-01,2023-05-03,2,800,DEL-003801,On-Time
FAC-0098,RIF_INH,2023-05-31,2023-06-02,2,800,DEL-003802,On-Time
FAC-0098,RIF_INH,2023-06-30,2023-07-02,2,800,DEL-003803,On-Time
FAC-0098,RIF_INH,2023-07-30,2023-08-10,11,800,DEL-003804,Delayed
FAC-0098,RIF_INH,2023-08-29,2023-10-07,39,800,DEL-003805,Delayed
FAC-0098,RIF_INH,2023-09-28,2023-10-03,5,800,DEL-003806,Delayed
FAC-0098,RIF_INH,2023-10-28,2023-11-21,24,800,DEL-003807,Delayed
FAC-0098,RIF_INH,2023-11-27,2023-11-29,2,800,DEL-003808,On-Time
FAC-0098,RIF_INH,2023-12-27,2024-01-01,5,800,DEL-003809,Delayed
FAC-0098,EPINEPHRINE,2023-01-01,2023-01-25,24,10,DEL-003810,Delayed
FAC-0098,EPINEPHRINE,2023-01-31,2023-02-17,17,10,DEL-003811,Delayed
FAC-0098,EPINEPHRINE,2023-03-02,2023-03-19,17,10,DEL-003812,Delayed
FAC-0098,EPINEPHRINE,2023-04-01,2023-04-22,21,10,DEL-003813,Delayed
FAC-0098,EPINEPHRINE,2023-05-01,2023-06-10,40,10,DEL-003814,Delayed
FAC-0098,EPINEPHRINE,2023-05-31,2023-06-15,15,10,DEL-003815,Delayed
FAC-0098,EPINEPHRINE,2023-06-30,2023-07-02,2,10,DEL-003816,On-Time
FAC-0098,EPINEPHRINE,2023-07-30,2023-08-21,22,10,DEL-003817,Delayed
FAC-0098,EPINEPHRINE,2023-08-29,2023-09-18,20,10,DEL-003818,Delayed
FAC-0098,EPINEPHRINE,2023-09-28,2023-10-21,23,10,DEL-003819,Delayed
FAC-0098,EPINEPHRINE,2023-10-28,2023-11-02,5,10,DEL-003820,Delayed
FAC-0098,EPINEPHRINE,2023-11-27,2023-12-08,11,10,DEL-003821,Delayed
FAC-0098,EPINEPHRINE,2023-12-27,2023-12-28,1,10,DEL-003822,On-Time
FAC-0099,PARACETAMOL,2023-01-01,2023-01-05,4,5000,DEL-003823,Delayed
FAC-0099,PARACETAMOL,2023-01-31,2023-02-07,7,5000,DEL-003824,Delayed
FAC-0099,PARACETAMOL,2023-03-02,2023-03-07,5,5000,DEL-003825,Delayed
FAC-0099,PARACETAMOL,2023-04-01,2023-04-21,20,5000,DEL-003826,Delayed
FAC-0099,PARACETAMOL,2023-05-01,2023-05-06,5,5000,DEL-003827,Delayed
FAC-0099,PARACETAMOL,2023-05-31,2023-07-27,57,5000,DEL-003828,Delayed
FAC-0099,PARACETAMOL,2023-06-30,2023-07-04,4,5000,DEL-003829,Delayed
FAC-0099,PARACETAMOL,2023-07-30,2023-08-08,9,5000,DEL-003830,Delayed
FAC-0099,PARACETAMOL,2023-08-29,2023-08-29,0,5000,DEL-003831,On-Time
FAC-0099,PARACETAMOL,2023-09-28,2023-10-08,10,5000,DEL-003832,Delayed
FAC-0099,PARACETAMOL,2023-10-28,2023-11-03,6,5000,DEL-003833,Delayed
FAC-0099,PARACETAMOL,2023-11-27,2024-01-13,47,5000,DEL-003834,Delayed
FAC-0099,PARACETAMOL,2023-12-27,2024-01-04,8,5000,DEL-003835,Delayed
FAC-0099,RIF_INH,2023-01-01,2023-01-01,0,800,DEL-003836,On-Time
FAC-0099,RIF_INH,2023-01-31,2023-02-01,1,800,DEL-003837,On-Time
FAC-0099,RIF_INH,2023-03-02,2023-03-03,1,800,DEL-003838,On-Time
FAC-0099,RIF_INH,2023-04-01,2023-04-05,4,800,DEL-003839,Delayed
FAC-0099,RIF_INH,2023-05-01,2023-05-05,4,800,DEL-003840,Delayed
FAC-0099,RIF_INH,2023-05-31,2023-07-13,43,800,DEL-003841,Delayed
FAC-0099,RIF_INH,2023-06-30,2023-07-02,2,800,DEL-003842,On-Time
FAC-0099,RIF_INH,2023-07-30,2023-08-12,13,800,DEL-003843,Delayed
FAC-0099,RIF_INH,2023-08-29,2023-09-04,6,800,DEL-003844,Delayed
FAC-0099,RIF_INH,2023-09-28,2023-10-12,14,800,DEL-003845,Delayed
FAC-0099,RIF_INH,2023-10-28,2023-11-01,4,800,DEL-003846,Delayed
FAC-0099,RIF_INH,2023-11-27,2023-11-27,0,800,DEL-003847,On-Time
FAC-0099,RIF_INH,2023-12-27,2023-12-29,2,800,DEL-003848,On-Time
FAC-0099,EPINEPHRINE,2023-01-01,2023-01-06,5,10,DEL-003849,Delayed
FAC-0099,EPINEPHRINE,2023-01-31,2023-02-27,27,10,DEL-003850,Delayed
FAC-0099,EPINEPHRINE,2023-03-02,2023-03-17,15,10,DEL-003851,Delayed
FAC-0099,EPINEPHRINE,2023-04-01,2023-04-04,3,10,DEL-003852,On-Time
FAC-0099,EPINEPHRINE,2023-05-01,2023-05-08,7,10,DEL-003853,Delayed
FAC-0099,EPINEPHRINE,2023-05-31,2023-06-04,4,10,DEL-003854,Delayed
FAC-0099,EPINEPHRINE,2023-06-30,2023-06-30,0,10,DEL-003855,On-Time
FAC-0099,EPINEPHRINE,2023-07-30,2023-07-31,1,10,DEL-003856,On-Time
FAC-0099,EPINEPHRINE,2023-08-29,2023-09-14,16,10,DEL-003857,Delayed
FAC-0099,EPINEPHRINE,2023-09-28,2023-10-09,11,10,DEL-003858,Delayed
FAC-0099,EPINEPHRINE,2023-10-28,2023-11-03,6,10,DEL-003859,Delayed
FAC-0099,EPINEPHRINE,2023-11-27,2023-12-10,13,10,DEL-003860,Delayed
FAC-0099,EPINEPHRINE,2023-12-27,2024-01-18,22,10,DEL-003861,Delayed
FAC-0100,PARACETAMOL,2023-01-01,2023-01-16,15,5000,DEL-003862,Delayed
FAC-0100,PARACETAMOL,2023-01-31,2023-02-01,1,5000,DEL-003863,On-Time
FAC-0100,PARACETAMOL,2023-03-02,2023-03-24,22,5000,DEL-003864,Delayed
FAC-0100,PARACETAMOL,2023-04-01,2023-04-02,1,5000,DEL-003865,On-Time
FAC-0100,PARACETAMOL,2023-05-01,2023-05-13,12,5000,DEL-003866,Delayed
FAC-0100,PARACETAMOL,2023-05-31,2023-05-31,0,5000,DEL-003867,On-Time
FAC-0100,PARACETAMOL,2023-06-30,2023-07-02,2,5000,DEL-003868,On-Time
FAC-0100,PARACETAMOL,2023-07-30,2023-08-11,12,5000,DEL-003869,Delayed
FAC-0100,PARACETAMOL,2023-08-29,2023-08-31,2,5000,DEL-003870,On-Time
FAC-0100,PARACETAMOL,2023-09-28,2023-09-30,2,5000,DEL-003871,On-Time
FAC-0100,PARACETAMOL,2023-10-28,2023-11-21,24,5000,DEL-003872,Delayed
FAC-0100,PARACETAMOL,2023-11-27,2023-11-28,1,5000,DEL-003873,On-Time
FAC-0100,PARACETAMOL,2023-12-27,2024-01-04,8,5000,DEL-003874,Delayed
FAC-0100,RIF_INH,2023-01-01,2023-01-17,16,800,DEL-003875,Delayed
FAC-0100,RIF_INH,2023-01-31,2023-02-08,8,800,DEL-003876,Delayed
FAC-0100,RIF_INH,2023-03-02,2023-03-06,4,800,DEL-003877,Delayed
FAC-0100,RIF_INH,2023-04-01,2023-04-01,0,800,DEL-003878,On-Time
FAC-0100,RIF_INH,2023-05-01,2023-05-11,10,800,DEL-003879,Delayed
FAC-0100,RIF_INH,2023-05-31,2023-06-10,10,800,DEL-003880,Delayed
FAC-0100,RIF_INH,2023-06-30,2023-07-07,7,800,DEL-003881,Delayed
FAC-0100,RIF_INH,2023-07-30,2023-08-06,7,800,DEL-003882,Delayed
FAC-0100,RIF_INH,2023-08-29,2023-09-08,10,800,DEL-003883,Delayed
FAC-0100,RIF_INH,2023-09-28,2023-09-29,1,800,DEL-003884,On-Time
FAC-0100,RIF_INH,2023-10-28,2023-11-01,4,800,DEL-003885,Delayed
FAC-0100,RIF_INH,2023-11-27,2023-12-16,19,800,DEL-003886,Delayed
FAC-0100,RIF_INH,2023-12-27,2023-12-27,0,800,DEL-003887,On-Time
FAC-0100,EPINEPHRINE,2023-01-01,2023-01-28,27,10,DEL-003888,Delayed
FAC-0100,EPINEPHRINE,2023-01-31,2023-02-13,13,10,DEL-003889,Delayed
FAC-0100,EPINEPHRINE,2023-03-02,2023-03-05,3,10,DEL-003890,On-Time
FAC-0100,EPINEPHRINE,2023-04-01,2023-04-07,6,10,DEL-003891,Delayed
FAC-0100,EPINEPHRINE,2023-05-01,2023-05-12,11,10,DEL-003892,Delayed
FAC-0100,EPINEPHRINE,2023-05-31,2023-05-31,0,10,DEL-003893,On-Time
FAC-0100,EPINEPHRINE,2023-06-30,2023-07-06,6,10,DEL-003894,Delayed
FAC-0100,EPINEPHRINE,2023-07-30,2023-08-07,8,10,DEL-003895,Delayed
FAC-0100,EPINEPHRINE,2023-08-29,2023-09-13,15,10,DEL-003896,Delayed
FAC-0100,EPINEPHRINE,2023-09-28,2023-10-14,16,10,DEL-003897,Delayed
FAC-0100,EPINEPHRINE,2023-10-28,2023-11-23,26,10,DEL-003898,Delayed
FAC-0100,EPINEPHRINE,2023-11-27,2023-12-03,6,10,DEL-003899,Delayed
FAC-0100,EPINEPHRINE,2023-12-27,2024-01-13,17,10,DEL-003900,Delayed
