audit_id,facility_id,medicine_code,audit_date,recorded_stock_balance
AUD-000001,FAC-0001,EPINEPHRINE,2023-01-31,12.0
AUD-000002,FAC-0001,EPINEPHRINE,2023-02-28,5.0
AUD-000003,FAC-0001,EPINEPHRINE,2023-03-31,8.0
AUD-000004,FAC-0001,EPINEPHRINE,2023-04-30,9.0
AUD-000005,FAC-0001,EPINEPHRINE,2023-05-31,6.0
AUD-000006,FAC-0001,EPINEPHRINE,2023-06-30,11.0
AUD-000007,FAC-0001,EPINEPHRINE,2023-07-31,18.0
AUD-000008,FAC-0001,EPINEPHRINE,2023-08-31,18.0
AUD-000009,FAC-0001,EPINEPHRINE,2023-09-30,13.0
AUD-000010,FAC-0001,EPINEPHRINE,2023-10-31,17.0
AUD-000011,FAC-0001,EPINEPHRINE,2023-11-30,22.0
AUD-000012,FAC-0001,EPINEPHRINE,2023-12-31,29.0
AUD-000013,FAC-0001,PARACETAMOL,2023-01-31,3290.0
AUD-000014,FAC-0001,PARACETAMOL,2023-02-28,5675.0
AUD-000015,FAC-0001,PARACETAMOL,2023-03-31,7750.0
AUD-000016,FAC-0001,PARACETAMOL,2023-04-30,10011.0
AUD-000017,FAC-0001,PARACETAMOL,2023-05-31,11971.0
AUD-000018,FAC-0001,PARACETAMOL,2023-06-30,12486.0
AUD-000019,FAC-0001,PARACETAMOL,2023-07-31,9122.0
AUD-000020,FAC-0001,PARACETAMOL,2023-08-31,8514.0
AUD-000021,FAC-0001,PARACETAMOL,2023-09-30,0.0
AUD-000022,FAC-0001,PARACETAMOL,2023-10-31,4272.0
AUD-000023,FAC-0001,PARACETAMOL,2023-11-30,2.0
AUD-000024,FAC-0001,PARACETAMOL,2023-12-31,2309.0
AUD-000025,FAC-0001,RIF_INH,2023-01-31,607.0
AUD-000026,FAC-0001,RIF_INH,2023-02-28,1223.0
AUD-000027,FAC-0001,RIF_INH,2023-03-31,1811.0
AUD-000028,FAC-0001,RIF_INH,2023-04-30,2382.0
AUD-000029,FAC-0001,RIF_INH,2023-05-31,2950.0
AUD-000030,FAC-0001,RIF_INH,2023-06-30,3518.0
AUD-000031,FAC-0001,RIF_INH,2023-07-31,4101.0
AUD-000032,FAC-0001,RIF_INH,2023-08-31,5428.0
AUD-000033,FAC-0001,RIF_INH,2023-09-30,5206.0
AUD-000034,FAC-0001,RIF_INH,2023-10-31,5760.0
AUD-000035,FAC-0001,RIF_INH,2023-11-30,7122.0
AUD-000036,FAC-0001,RIF_INH,2023-12-31,7647.0
AUD-000037,FAC-0002,EPINEPHRINE,2023-01-31,9.0
AUD-000038,FAC-0002,EPINEPHRINE,2023-02-28,18.0
AUD-000039,FAC-0002,EPINEPHRINE,2023-03-31,26.0
AUD-000040,FAC-0002,EPINEPHRINE,2023-04-30,30.0
AUD-000041,FAC-0002,EPINEPHRINE,2023-05-31,37.0
AUD-000042,FAC-0002,EPINEPHRINE,2023-06-30,43.0
AUD-000043,FAC-0002,EPINEPHRINE,2023-07-31,58.0
AUD-000044,FAC-0002,EPINEPHRINE,2023-08-31,62.0
AUD-000045,FAC-0002,EPINEPHRINE,2023-09-30,77.0
AUD-000046,FAC-0002,EPINEPHRINE,2023-10-31,65.0
AUD-000047,FAC-0002,EPINEPHRINE,2023-11-30,67.0
AUD-000048,FAC-0002,EPINEPHRINE,2023-12-31,71.0
AUD-000049,FAC-0002,PARACETAMOL,2023-01-31,4182.0
AUD-000050,FAC-0002,PARACETAMOL,2023-02-28,8315.0
AUD-000051,FAC-0002,PARACETAMOL,2023-03-31,12318.0
AUD-000052,FAC-0002,PARACETAMOL,2023-04-30,16371.0
AUD-000053,FAC-0002,PARACETAMOL,2023-05-31,20297.0
AUD-000054,FAC-0002,PARACETAMOL,2023-06-30,23379.0
AUD-000055,FAC-0002,PARACETAMOL,2023-07-31,24588.0
AUD-000056,FAC-0002,PARACETAMOL,2023-08-31,24159.0
AUD-000057,FAC-0002,PARACETAMOL,2023-09-30,23858.0
AUD-000058,FAC-0002,PARACETAMOL,2023-10-31,30158.0
AUD-000059,FAC-0002,PARACETAMOL,2023-11-30,28390.0
AUD-000060,FAC-0002,PARACETAMOL,2023-12-31,37145.0
AUD-000061,FAC-0002,RIF_INH,2023-01-31,731.0
AUD-000062,FAC-0002,RIF_INH,2023-02-28,1452.0
AUD-000063,FAC-0002,RIF_INH,2023-03-31,1371.0
AUD-000064,FAC-0002,RIF_INH,2023-04-30,2910.0
AUD-000065,FAC-0002,RIF_INH,2023-05-31,3608.0
AUD-000066,FAC-0002,RIF_INH,2023-06-30,4307.0
AUD-000067,FAC-0002,RIF_INH,2023-07-31,5798.0
AUD-000068,FAC-0002,RIF_INH,2023-08-31,5678.0
AUD-000069,FAC-0002,RIF_INH,2023-09-30,6368.0
AUD-000070,FAC-0002,RIF_INH,2023-10-31,7033.0
AUD-000071,FAC-0002,RIF_INH,2023-11-30,7717.0
AUD-000072,FAC-0002,RIF_INH,2023-12-31,7576.0
AUD-000073,FAC-0003,EPINEPHRINE,2023-01-31,13.0
AUD-000074,FAC-0003,EPINEPHRINE,2023-02-28,7.0
AUD-000075,FAC-0003,EPINEPHRINE,2023-03-31,1.0
AUD-000076,FAC-0003,EPINEPHRINE,2023-04-30,3.0
AUD-000077,FAC-0003,EPINEPHRINE,2023-05-31,4.0
AUD-000078,FAC-0003,EPINEPHRINE,2023-06-30,14.0
AUD-000079,FAC-0003,EPINEPHRINE,2023-07-31,23.0
AUD-000080,FAC-0003,EPINEPHRINE,2023-08-31,6.0
AUD-000081,FAC-0003,EPINEPHRINE,2023-09-30,2.0
AUD-000082,FAC-0003,EPINEPHRINE,2023-10-31,4.0
AUD-000083,FAC-0003,EPINEPHRINE,2023-11-30,9.0
AUD-000084,FAC-0003,EPINEPHRINE,2023-12-31,0.0
AUD-000085,FAC-0003,PARACETAMOL,2023-01-31,3348.0
AUD-000086,FAC-0003,PARACETAMOL,2023-02-28,3802.0
AUD-000087,FAC-0003,PARACETAMOL,2023-03-31,3808.0
AUD-000088,FAC-0003,PARACETAMOL,2023-04-30,3930.0
AUD-000089,FAC-0003,PARACETAMOL,2023-05-31,3848.0
AUD-000090,FAC-0003,PARACETAMOL,2023-06-30,1198.0
AUD-000091,FAC-0003,PARACETAMOL,2023-07-31,3875.0
AUD-000092,FAC-0003,PARACETAMOL,2023-08-31,6.0
AUD-000093,FAC-0003,PARACETAMOL,2023-09-30,9.0
AUD-000094,FAC-0003,PARACETAMOL,2023-10-31,4653.0
AUD-000095,FAC-0003,PARACETAMOL,2023-11-30,6.0
AUD-000096,FAC-0003,PARACETAMOL,2023-12-31,5943.0
AUD-000097,FAC-0003,RIF_INH,2023-01-31,690.0
AUD-000098,FAC-0003,RIF_INH,2023-02-28,1211.0
AUD-000099,FAC-0003,RIF_INH,2023-03-31,1678.0
AUD-000100,FAC-0003,RIF_INH,2023-04-30,2162.0
AUD-000101,FAC-0003,RIF_INH,2023-05-31,2608.0
AUD-000102,FAC-0003,RIF_INH,2023-06-30,3832.0
AUD-000103,FAC-0003,RIF_INH,2023-07-31,3441.0
AUD-000104,FAC-0003,RIF_INH,2023-08-31,3839.0
AUD-000105,FAC-0003,RIF_INH,2023-09-30,4251.0
AUD-000106,FAC-0003,RIF_INH,2023-10-31,4625.0
AUD-000107,FAC-0003,RIF_INH,2023-11-30,5005.0
AUD-000108,FAC-0003,RIF_INH,2023-12-31,5372.0
AUD-000109,FAC-0004,EPINEPHRINE,2023-01-31,4.0
AUD-000110,FAC-0004,EPINEPHRINE,2023-02-28,6.0
AUD-000111,FAC-0004,EPINEPHRINE,2023-03-31,4.0
AUD-000112,FAC-0004,EPINEPHRINE,2023-04-30,5.0
AUD-000113,FAC-0004,EPINEPHRINE,2023-05-31,3.0
AUD-000114,FAC-0004,EPINEPHRINE,2023-06-30,20.0
AUD-000115,FAC-0004,EPINEPHRINE,2023-07-31,6.0
AUD-000116,FAC-0004,EPINEPHRINE,2023-08-31,10.0
AUD-000117,FAC-0004,EPINEPHRINE,2023-09-30,17.0
AUD-000118,FAC-0004,EPINEPHRINE,2023-10-31,6.0
AUD-000119,FAC-0004,EPINEPHRINE,2023-11-30,15.0
AUD-000120,FAC-0004,EPINEPHRINE,2023-12-31,11.0
AUD-000121,FAC-0004,PARACETAMOL,2023-01-31,2983.0
AUD-000122,FAC-0004,PARACETAMOL,2023-02-28,5735.0
AUD-000123,FAC-0004,PARACETAMOL,2023-03-31,8024.0
AUD-000124,FAC-0004,PARACETAMOL,2023-04-30,10513.0
AUD-000125,FAC-0004,PARACETAMOL,2023-05-31,17858.0
AUD-000126,FAC-0004,PARACETAMOL,2023-06-30,13531.0
AUD-000127,FAC-0004,PARACETAMOL,2023-07-31,16806.0
AUD-000128,FAC-0004,PARACETAMOL,2023-08-31,7851.0
AUD-000129,FAC-0004,PARACETAMOL,2023-09-30,3570.0
AUD-000130,FAC-0004,PARACETAMOL,2023-10-31,6585.0
AUD-000131,FAC-0004,PARACETAMOL,2023-11-30,7542.0
AUD-000132,FAC-0004,PARACETAMOL,2023-12-31,5045.0
AUD-000133,FAC-0004,RIF_INH,2023-01-31,640.0
AUD-000134,FAC-0004,RIF_INH,2023-02-28,1275.0
AUD-000135,FAC-0004,RIF_INH,2023-03-31,1910.0
AUD-000136,FAC-0004,RIF_INH,2023-04-30,2493.0
AUD-000137,FAC-0004,RIF_INH,2023-05-31,3873.0
AUD-000138,FAC-0004,RIF_INH,2023-06-30,3671.0
AUD-000139,FAC-0004,RIF_INH,2023-07-31,4274.0
AUD-000140,FAC-0004,RIF_INH,2023-08-31,4854.0
AUD-000141,FAC-0004,RIF_INH,2023-09-30,6211.0
AUD-000142,FAC-0004,RIF_INH,2023-10-31,5966.0
AUD-000143,FAC-0004,RIF_INH,2023-11-30,7317.0
AUD-000144,FAC-0004,RIF_INH,2023-12-31,7089.0
AUD-000145,FAC-0005,EPINEPHRINE,2023-01-31,5.0
AUD-000146,FAC-0005,EPINEPHRINE,2023-02-28,7.0
AUD-000147,FAC-0005,EPINEPHRINE,2023-03-31,29.0
AUD-000148,FAC-0005,EPINEPHRINE,2023-04-30,37.0
AUD-000149,FAC-0005,EPINEPHRINE,2023-05-31,46.0
AUD-000150,FAC-0005,EPINEPHRINE,2023-06-30,52.0
AUD-000151,FAC-0005,EPINEPHRINE,2023-07-31,49.0
AUD-000152,FAC-0005,EPINEPHRINE,2023-08-31,72.0
AUD-000153,FAC-0005,EPINEPHRINE,2023-09-30,73.0
AUD-000154,FAC-0005,EPINEPHRINE,2023-10-31,71.0
AUD-000155,FAC-0005,EPINEPHRINE,2023-11-30,97.0
AUD-000156,FAC-0005,EPINEPHRINE,2023-12-31,92.0
AUD-000157,FAC-0005,PARACETAMOL,2023-01-31,4331.0
AUD-000158,FAC-0005,PARACETAMOL,2023-02-28,8472.0
AUD-000159,FAC-0005,PARACETAMOL,2023-03-31,7488.0
AUD-000160,FAC-0005,PARACETAMOL,2023-04-30,16457.0
AUD-000161,FAC-0005,PARACETAMOL,2023-05-31,20395.0
AUD-000162,FAC-0005,PARACETAMOL,2023-06-30,23505.0
AUD-000163,FAC-0005,PARACETAMOL,2023-07-31,24704.0
AUD-000164,FAC-0005,PARACETAMOL,2023-08-31,24518.0
AUD-000165,FAC-0005,PARACETAMOL,2023-09-30,24770.0
AUD-000166,FAC-0005,PARACETAMOL,2023-10-31,26354.0
AUD-000167,FAC-0005,PARACETAMOL,2023-11-30,29521.0
AUD-000168,FAC-0005,PARACETAMOL,2023-12-31,33137.0
AUD-000169,FAC-0005,RIF_INH,2023-01-31,751.0
AUD-000170,FAC-0005,RIF_INH,2023-02-28,1480.0
AUD-000171,FAC-0005,RIF_INH,2023-03-31,1413.0
AUD-000172,FAC-0005,RIF_INH,2023-04-30,2926.0
AUD-000173,FAC-0005,RIF_INH,2023-05-31,3627.0
AUD-000174,FAC-0005,RIF_INH,2023-06-30,4295.0
AUD-000175,FAC-0005,RIF_INH,2023-07-31,4956.0
AUD-000176,FAC-0005,RIF_INH,2023-08-31,5590.0
AUD-000177,FAC-0005,RIF_INH,2023-09-30,6244.0
AUD-000178,FAC-0005,RIF_INH,2023-10-31,6863.0
AUD-000179,FAC-0005,RIF_INH,2023-11-30,7491.0
AUD-000180,FAC-0005,RIF_INH,2023-12-31,8102.0
AUD-000181,FAC-0006,EPINEPHRINE,2023-01-31,0.0
AUD-000182,FAC-0006,EPINEPHRINE,2023-02-28,2.0
AUD-000183,FAC-0006,EPINEPHRINE,2023-03-31,3.0
AUD-000184,FAC-0006,EPINEPHRINE,2023-04-30,4.0
AUD-000185,FAC-0006,EPINEPHRINE,2023-05-31,0.0
AUD-000186,FAC-0006,EPINEPHRINE,2023-06-30,1.0
AUD-000187,FAC-0006,EPINEPHRINE,2023-07-31,10.0
AUD-000188,FAC-0006,EPINEPHRINE,2023-08-31,14.0
AUD-000189,FAC-0006,EPINEPHRINE,2023-09-30,1.0
AUD-000190,FAC-0006,EPINEPHRINE,2023-10-31,10.0
AUD-000191,FAC-0006,EPINEPHRINE,2023-11-30,2.0
AUD-000192,FAC-0006,EPINEPHRINE,2023-12-31,1.0
AUD-000193,FAC-0006,PARACETAMOL,2023-01-31,3117.0
AUD-000194,FAC-0006,PARACETAMOL,2023-02-28,5019.0
AUD-000195,FAC-0006,PARACETAMOL,2023-03-31,6621.0
AUD-000196,FAC-0006,PARACETAMOL,2023-04-30,8323.0
AUD-000197,FAC-0006,PARACETAMOL,2023-05-31,9757.0
AUD-000198,FAC-0006,PARACETAMOL,2023-06-30,14579.0
AUD-000199,FAC-0006,PARACETAMOL,2023-07-31,10063.0
AUD-000200,FAC-0006,PARACETAMOL,2023-08-31,4275.0
AUD-000201,FAC-0006,PARACETAMOL,2023-09-30,3900.0
AUD-000202,FAC-0006,PARACETAMOL,2023-10-31,0.0
AUD-000203,FAC-0006,PARACETAMOL,2023-11-30,5812.0
AUD-000204,FAC-0006,PARACETAMOL,2023-12-31,7334.0
AUD-000205,FAC-0006,RIF_INH,2023-01-31,572.0
AUD-000206,FAC-0006,RIF_INH,2023-02-28,1115.0
AUD-000207,FAC-0006,RIF_INH,2023-03-31,1659.0
AUD-000208,FAC-0006,RIF_INH,2023-04-30,2213.0
AUD-000209,FAC-0006,RIF_INH,2023-05-31,2749.0
AUD-000210,FAC-0006,RIF_INH,2023-06-30,3306.0
AUD-000211,FAC-0006,RIF_INH,2023-07-31,4668.0
AUD-000212,FAC-0006,RIF_INH,2023-08-31,5172.0
AUD-000213,FAC-0006,RIF_INH,2023-09-30,4930.0
AUD-000214,FAC-0006,RIF_INH,2023-10-31,6279.0
AUD-000215,FAC-0006,RIF_INH,2023-11-30,6818.0
AUD-000216,FAC-0006,RIF_INH,2023-12-31,6536.0
AUD-000217,FAC-0007,EPINEPHRINE,2023-01-31,11.0
AUD-000218,FAC-0007,EPINEPHRINE,2023-02-28,4.0
AUD-000219,FAC-0007,EPINEPHRINE,2023-03-31,15.0
AUD-000220,FAC-0007,EPINEPHRINE,2023-04-30,8.0
AUD-000221,FAC-0007,EPINEPHRINE,2023-05-31,1.0
AUD-000222,FAC-0007,EPINEPHRINE,2023-06-30,5.0
AUD-000223,FAC-0007,EPINEPHRINE,2023-07-31,9.0
AUD-000224,FAC-0007,EPINEPHRINE,2023-08-31,13.0
AUD-000225,FAC-0007,EPINEPHRINE,2023-09-30,8.0
AUD-000226,FAC-0007,EPINEPHRINE,2023-10-31,6.0
AUD-000227,FAC-0007,EPINEPHRINE,2023-11-30,18.0
AUD-000228,FAC-0007,EPINEPHRINE,2023-12-31,5.0
AUD-000229,FAC-0007,PARACETAMOL,2023-01-31,1935.0
AUD-000230,FAC-0007,PARACETAMOL,2023-02-28,6.0
AUD-000231,FAC-0007,PARACETAMOL,2023-03-31,6635.0
AUD-000232,FAC-0007,PARACETAMOL,2023-04-30,8165.0
AUD-000233,FAC-0007,PARACETAMOL,2023-05-31,9658.0
AUD-000234,FAC-0007,PARACETAMOL,2023-06-30,9245.0
AUD-000235,FAC-0007,PARACETAMOL,2023-07-31,5297.0
AUD-000236,FAC-0007,PARACETAMOL,2023-08-31,8.0
AUD-000237,FAC-0007,PARACETAMOL,2023-09-30,627.0
AUD-000238,FAC-0007,PARACETAMOL,2023-10-31,3.0
AUD-000239,FAC-0007,PARACETAMOL,2023-11-30,2639.0
AUD-000240,FAC-0007,PARACETAMOL,2023-12-31,9286.0
AUD-000241,FAC-0007,RIF_INH,2023-01-31,593.0
AUD-000242,FAC-0007,RIF_INH,2023-02-28,1198.0
AUD-000243,FAC-0007,RIF_INH,2023-03-31,1731.0
AUD-000244,FAC-0007,RIF_INH,2023-04-30,2256.0
AUD-000245,FAC-0007,RIF_INH,2023-05-31,2806.0
AUD-000246,FAC-0007,RIF_INH,2023-06-30,3335.0
AUD-000247,FAC-0007,RIF_INH,2023-07-31,3890.0
AUD-000248,FAC-0007,RIF_INH,2023-08-31,5176.0
AUD-000249,FAC-0007,RIF_INH,2023-09-30,5691.0
AUD-000250,FAC-0007,RIF_INH,2023-10-31,6122.0
AUD-000251,FAC-0007,RIF_INH,2023-11-30,6576.0
AUD-000252,FAC-0007,RIF_INH,2023-12-31,7066.0
AUD-000253,FAC-0008,EPINEPHRINE,2023-01-31,10.0
AUD-000254,FAC-0008,EPINEPHRINE,2023-02-28,0.0
AUD-000255,FAC-0008,EPINEPHRINE,2023-03-31,1.0
AUD-000256,FAC-0008,EPINEPHRINE,2023-04-30,0.0
AUD-000257,FAC-0008,EPINEPHRINE,2023-05-31,2.0
AUD-000258,FAC-0008,EPINEPHRINE,2023-06-30,3.0
AUD-000259,FAC-0008,EPINEPHRINE,2023-07-31,9.0
AUD-000260,FAC-0008,EPINEPHRINE,2023-08-31,11.0
AUD-000261,FAC-0008,EPINEPHRINE,2023-09-30,10.0
AUD-000262,FAC-0008,EPINEPHRINE,2023-10-31,9.0
AUD-000263,FAC-0008,EPINEPHRINE,2023-11-30,11.0
AUD-000264,FAC-0008,EPINEPHRINE,2023-12-31,10.0
AUD-000265,FAC-0008,PARACETAMOL,2023-01-31,6147.0
AUD-000266,FAC-0008,PARACETAMOL,2023-02-28,2444.0
AUD-000267,FAC-0008,PARACETAMOL,2023-03-31,3419.0
AUD-000268,FAC-0008,PARACETAMOL,2023-04-30,4482.0
AUD-000269,FAC-0008,PARACETAMOL,2023-05-31,10211.0
AUD-000270,FAC-0008,PARACETAMOL,2023-06-30,3809.0
AUD-000271,FAC-0008,PARACETAMOL,2023-07-31,4090.0
AUD-000272,FAC-0008,PARACETAMOL,2023-08-31,3968.0
AUD-000273,FAC-0008,PARACETAMOL,2023-09-30,1.0
AUD-000274,FAC-0008,PARACETAMOL,2023-10-31,4061.0
AUD-000275,FAC-0008,PARACETAMOL,2023-11-30,4655.0
AUD-000276,FAC-0008,PARACETAMOL,2023-12-31,501.0
AUD-000277,FAC-0008,RIF_INH,2023-01-31,524.0
AUD-000278,FAC-0008,RIF_INH,2023-02-28,1014.0
AUD-000279,FAC-0008,RIF_INH,2023-03-31,1488.0
AUD-000280,FAC-0008,RIF_INH,2023-04-30,1987.0
AUD-000281,FAC-0008,RIF_INH,2023-05-31,2451.0
AUD-000282,FAC-0008,RIF_INH,2023-06-30,2943.0
AUD-000283,FAC-0008,RIF_INH,2023-07-31,3450.0
AUD-000284,FAC-0008,RIF_INH,2023-08-31,3912.0
AUD-000285,FAC-0008,RIF_INH,2023-09-30,4438.0
AUD-000286,FAC-0008,RIF_INH,2023-10-31,4882.0
AUD-000287,FAC-0008,RIF_INH,2023-11-30,5370.0
AUD-000288,FAC-0008,RIF_INH,2023-12-31,6634.0
AUD-000289,FAC-0009,EPINEPHRINE,2023-01-31,17.0
AUD-000290,FAC-0009,EPINEPHRINE,2023-02-28,14.0
AUD-000291,FAC-0009,EPINEPHRINE,2023-03-31,28.0
AUD-000292,FAC-0009,EPINEPHRINE,2023-04-30,49.0
AUD-000293,FAC-0009,EPINEPHRINE,2023-05-31,40.0
AUD-000294,FAC-0009,EPINEPHRINE,2023-06-30,48.0
AUD-000295,FAC-0009,EPINEPHRINE,2023-07-31,64.0
AUD-000296,FAC-0009,EPINEPHRINE,2023-08-31,64.0
AUD-000297,FAC-0009,EPINEPHRINE,2023-09-30,78.0
AUD-000298,FAC-0009,EPINEPHRINE,2023-10-31,73.0
AUD-000299,FAC-0009,EPINEPHRINE,2023-11-30,84.0
AUD-000300,FAC-0009,EPINEPHRINE,2023-12-31,96.0
AUD-000301,FAC-0009,PARACETAMOL,2023-01-31,4723.0
AUD-000302,FAC-0009,PARACETAMOL,2023-02-28,9017.0
AUD-000303,FAC-0009,PARACETAMOL,2023-03-31,13187.0
AUD-000304,FAC-0009,PARACETAMOL,2023-04-30,17179.0
AUD-000305,FAC-0009,PARACETAMOL,2023-05-31,21186.0
AUD-000306,FAC-0009,PARACETAMOL,2023-06-30,24437.0
AUD-000307,FAC-0009,PARACETAMOL,2023-07-31,26327.0
AUD-000308,FAC-0009,PARACETAMOL,2023-08-31,27417.0
AUD-000309,FAC-0009,PARACETAMOL,2023-09-30,28626.0
AUD-000310,FAC-0009,PARACETAMOL,2023-10-31,25380.0
AUD-000311,FAC-0009,PARACETAMOL,2023-11-30,28745.0
AUD-000312,FAC-0009,PARACETAMOL,2023-12-31,37195.0
AUD-000313,FAC-0009,RIF_INH,2023-01-31,762.0
AUD-000314,FAC-0009,RIF_INH,2023-02-28,1504.0
AUD-000315,FAC-0009,RIF_INH,2023-03-31,2221.0
AUD-000316,FAC-0009,RIF_INH,2023-04-30,2917.0
AUD-000317,FAC-0009,RIF_INH,2023-05-31,3579.0
AUD-000318,FAC-0009,RIF_INH,2023-06-30,4267.0
AUD-000319,FAC-0009,RIF_INH,2023-07-31,4909.0
AUD-000320,FAC-0009,RIF_INH,2023-08-31,6358.0
AUD-000321,FAC-0009,RIF_INH,2023-09-30,6178.0
AUD-000322,FAC-0009,RIF_INH,2023-10-31,6810.0
AUD-000323,FAC-0009,RIF_INH,2023-11-30,7403.0
AUD-000324,FAC-0009,RIF_INH,2023-12-31,8762.0
AUD-000325,FAC-0010,EPINEPHRINE,2023-01-31,13.0
AUD-000326,FAC-0010,EPINEPHRINE,2023-02-28,6.0
AUD-000327,FAC-0010,EPINEPHRINE,2023-03-31,5.0
AUD-000328,FAC-0010,EPINEPHRINE,2023-04-30,35.0
AUD-000329,FAC-0010,EPINEPHRINE,2023-05-31,46.0
AUD-000330,FAC-0010,EPINEPHRINE,2023-06-30,55.0
AUD-000331,FAC-0010,EPINEPHRINE,2023-07-31,56.0
AUD-000332,FAC-0010,EPINEPHRINE,2023-08-31,59.0
AUD-000333,FAC-0010,EPINEPHRINE,2023-09-30,62.0
AUD-000334,FAC-0010,EPINEPHRINE,2023-10-31,78.0
AUD-000335,FAC-0010,EPINEPHRINE,2023-11-30,71.0
AUD-000336,FAC-0010,EPINEPHRINE,2023-12-31,84.0
AUD-000337,FAC-0010,PARACETAMOL,2023-01-31,4776.0
AUD-000338,FAC-0010,PARACETAMOL,2023-02-28,8993.0
AUD-000339,FAC-0010,PARACETAMOL,2023-03-31,8125.0
AUD-000340,FAC-0010,PARACETAMOL,2023-04-30,12162.0
AUD-000341,FAC-0010,PARACETAMOL,2023-05-31,20979.0
AUD-000342,FAC-0010,PARACETAMOL,2023-06-30,24040.0
AUD-000343,FAC-0010,PARACETAMOL,2023-07-31,25545.0
AUD-000344,FAC-0010,PARACETAMOL,2023-08-31,26183.0
AUD-000345,FAC-0010,PARACETAMOL,2023-09-30,26941.0
AUD-000346,FAC-0010,PARACETAMOL,2023-10-31,28678.0
AUD-000347,FAC-0010,PARACETAMOL,2023-11-30,26722.0
AUD-000348,FAC-0010,PARACETAMOL,2023-12-31,34970.0
AUD-000349,FAC-0010,RIF_INH,2023-01-31,7.0
AUD-000350,FAC-0010,RIF_INH,2023-02-28,1538.0
AUD-000351,FAC-0010,RIF_INH,2023-03-31,2229.0
AUD-000352,FAC-0010,RIF_INH,2023-04-30,2150.0
AUD-000353,FAC-0010,RIF_INH,2023-05-31,3614.0
AUD-000354,FAC-0010,RIF_INH,2023-06-30,4289.0
AUD-000355,FAC-0010,RIF_INH,2023-07-31,4898.0
AUD-000356,FAC-0010,RIF_INH,2023-08-31,5499.0
AUD-000357,FAC-0010,RIF_INH,2023-09-30,6086.0
AUD-000358,FAC-0010,RIF_INH,2023-10-31,5885.0
AUD-000359,FAC-0010,RIF_INH,2023-11-30,6489.0
AUD-000360,FAC-0010,RIF_INH,2023-12-31,7811.0
AUD-000361,FAC-0011,EPINEPHRINE,2023-01-31,4.0
AUD-000362,FAC-0011,EPINEPHRINE,2023-02-28,19.0
AUD-000363,FAC-0011,EPINEPHRINE,2023-03-31,10.0
AUD-000364,FAC-0011,EPINEPHRINE,2023-04-30,12.0
AUD-000365,FAC-0011,EPINEPHRINE,2023-05-31,24.0
AUD-000366,FAC-0011,EPINEPHRINE,2023-06-30,31.0
AUD-000367,FAC-0011,EPINEPHRINE,2023-07-31,33.0
AUD-000368,FAC-0011,EPINEPHRINE,2023-08-31,38.0
AUD-000369,FAC-0011,EPINEPHRINE,2023-09-30,47.0
AUD-000370,FAC-0011,EPINEPHRINE,2023-10-31,51.0
AUD-000371,FAC-0011,EPINEPHRINE,2023-11-30,67.0
AUD-000372,FAC-0011,EPINEPHRINE,2023-12-31,67.0
AUD-000373,FAC-0011,PARACETAMOL,2023-01-31,4980.0
AUD-000374,FAC-0011,PARACETAMOL,2023-02-28,8895.0
AUD-000375,FAC-0011,PARACETAMOL,2023-03-31,12796.0
AUD-000376,FAC-0011,PARACETAMOL,2023-04-30,16634.0
AUD-000377,FAC-0011,PARACETAMOL,2023-05-31,20469.0
AUD-000378,FAC-0011,PARACETAMOL,2023-06-30,18173.0
AUD-000379,FAC-0011,PARACETAMOL,2023-07-31,28726.0
AUD-000380,FAC-0011,PARACETAMOL,2023-08-31,22873.0
AUD-000381,FAC-0011,PARACETAMOL,2023-09-30,22004.0
AUD-000382,FAC-0011,PARACETAMOL,2023-10-31,27585.0
AUD-000383,FAC-0011,PARACETAMOL,2023-11-30,25594.0
AUD-000384,FAC-0011,PARACETAMOL,2023-12-31,29248.0
AUD-000385,FAC-0011,RIF_INH,2023-01-31,723.0
AUD-000386,FAC-0011,RIF_INH,2023-02-28,1463.0
AUD-000387,FAC-0011,RIF_INH,2023-03-31,2163.0
AUD-000388,FAC-0011,RIF_INH,2023-04-30,2875.0
AUD-000389,FAC-0011,RIF_INH,2023-05-31,3548.0
AUD-000390,FAC-0011,RIF_INH,2023-06-30,4228.0
AUD-000391,FAC-0011,RIF_INH,2023-07-31,4922.0
AUD-000392,FAC-0011,RIF_INH,2023-08-31,6396.0
AUD-000393,FAC-0011,RIF_INH,2023-09-30,6285.0
AUD-000394,FAC-0011,RIF_INH,2023-10-31,6159.0
AUD-000395,FAC-0011,RIF_INH,2023-11-30,8434.0
AUD-000396,FAC-0011,RIF_INH,2023-12-31,9054.0
AUD-000397,FAC-0012,EPINEPHRINE,2023-01-31,16.0
AUD-000398,FAC-0012,EPINEPHRINE,2023-02-28,9.0
AUD-000399,FAC-0012,EPINEPHRINE,2023-03-31,15.0
AUD-000400,FAC-0012,EPINEPHRINE,2023-04-30,15.0
AUD-000401,FAC-0012,EPINEPHRINE,2023-05-31,9.0
AUD-000402,FAC-0012,EPINEPHRINE,2023-06-30,26.0
AUD-000403,FAC-0012,EPINEPHRINE,2023-07-31,7.0
AUD-000404,FAC-0012,EPINEPHRINE,2023-08-31,6.0
AUD-000405,FAC-0012,EPINEPHRINE,2023-09-30,18.0
AUD-000406,FAC-0012,EPINEPHRINE,2023-10-31,22.0
AUD-000407,FAC-0012,EPINEPHRINE,2023-11-30,23.0
AUD-000408,FAC-0012,EPINEPHRINE,2023-12-31,6.0
AUD-000409,FAC-0012,PARACETAMOL,2023-01-31,2101.0
AUD-000410,FAC-0012,PARACETAMOL,2023-02-28,4095.0
AUD-000411,FAC-0012,PARACETAMOL,2023-03-31,5783.0
AUD-000412,FAC-0012,PARACETAMOL,2023-04-30,7308.0
AUD-000413,FAC-0012,PARACETAMOL,2023-05-31,8973.0
AUD-000414,FAC-0012,PARACETAMOL,2023-06-30,8593.0
AUD-000415,FAC-0012,PARACETAMOL,2023-07-31,4384.0
AUD-000416,FAC-0012,PARACETAMOL,2023-08-31,0.0
AUD-000417,FAC-0012,PARACETAMOL,2023-09-30,4267.0
AUD-000418,FAC-0012,PARACETAMOL,2023-10-31,1.0
AUD-000419,FAC-0012,PARACETAMOL,2023-11-30,6245.0
AUD-000420,FAC-0012,PARACETAMOL,2023-12-31,7913.0
AUD-000421,FAC-0012,RIF_INH,2023-01-31,668.0
AUD-000422,FAC-0012,RIF_INH,2023-02-28,1242.0
AUD-000423,FAC-0012,RIF_INH,2023-03-31,1034.0
AUD-000424,FAC-0012,RIF_INH,2023-04-30,2389.0
AUD-000425,FAC-0012,RIF_INH,2023-05-31,2921.0
AUD-000426,FAC-0012,RIF_INH,2023-06-30,3438.0
AUD-000427,FAC-0012,RIF_INH,2023-07-31,3956.0
AUD-000428,FAC-0012,RIF_INH,2023-08-31,4502.0
AUD-000429,FAC-0012,RIF_INH,2023-09-30,5008.0
AUD-000430,FAC-0012,RIF_INH,2023-10-31,5453.0
AUD-000431,FAC-0012,RIF_INH,2023-11-30,5934.0
AUD-000432,FAC-0012,RIF_INH,2023-12-31,7176.0
AUD-000433,FAC-0013,EPINEPHRINE,2023-01-31,7.0
AUD-000434,FAC-0013,EPINEPHRINE,2023-02-28,7.0
AUD-000435,FAC-0013,EPINEPHRINE,2023-03-31,9.0
AUD-000436,FAC-0013,EPINEPHRINE,2023-04-30,1.0
AUD-000437,FAC-0013,EPINEPHRINE,2023-05-31,16.0
AUD-000438,FAC-0013,EPINEPHRINE,2023-06-30,13.0
AUD-000439,FAC-0013,EPINEPHRINE,2023-07-31,7.0
AUD-000440,FAC-0013,EPINEPHRINE,2023-08-31,17.0
AUD-000441,FAC-0013,EPINEPHRINE,2023-09-30,22.0
AUD-000442,FAC-0013,EPINEPHRINE,2023-10-31,9.0
AUD-000443,FAC-0013,EPINEPHRINE,2023-11-30,16.0
AUD-000444,FAC-0013,EPINEPHRINE,2023-12-31,17.0
AUD-000445,FAC-0013,PARACETAMOL,2023-01-31,1015.0
AUD-000446,FAC-0013,PARACETAMOL,2023-02-28,1670.0
AUD-000447,FAC-0013,PARACETAMOL,2023-03-31,2014.0
AUD-000448,FAC-0013,PARACETAMOL,2023-04-30,3716.0
AUD-000449,FAC-0013,PARACETAMOL,2023-05-31,3909.0
AUD-000450,FAC-0013,PARACETAMOL,2023-06-30,1706.0
AUD-000451,FAC-0013,PARACETAMOL,2023-07-31,1.0
AUD-000452,FAC-0013,PARACETAMOL,2023-08-31,4.0
AUD-000453,FAC-0013,PARACETAMOL,2023-09-30,3471.0
AUD-000454,FAC-0013,PARACETAMOL,2023-10-31,4430.0
AUD-000455,FAC-0013,PARACETAMOL,2023-11-30,4675.0
AUD-000456,FAC-0013,PARACETAMOL,2023-12-31,5118.0
AUD-000457,FAC-0013,RIF_INH,2023-01-31,1367.0
AUD-000458,FAC-0013,RIF_INH,2023-02-28,1092.0
AUD-000459,FAC-0013,RIF_INH,2023-03-31,1601.0
AUD-000460,FAC-0013,RIF_INH,2023-04-30,2086.0
AUD-000461,FAC-0013,RIF_INH,2023-05-31,3344.0
AUD-000462,FAC-0013,RIF_INH,2023-06-30,3007.0
AUD-000463,FAC-0013,RIF_INH,2023-07-31,3469.0
AUD-000464,FAC-0013,RIF_INH,2023-08-31,3906.0
AUD-000465,FAC-0013,RIF_INH,2023-09-30,4307.0
AUD-000466,FAC-0013,RIF_INH,2023-10-31,4730.0
AUD-000467,FAC-0013,RIF_INH,2023-11-30,5142.0
AUD-000468,FAC-0013,RIF_INH,2023-12-31,5492.0
AUD-000469,FAC-0014,EPINEPHRINE,2023-01-31,0.0
AUD-000470,FAC-0014,EPINEPHRINE,2023-02-28,5.0
AUD-000471,FAC-0014,EPINEPHRINE,2023-03-31,3.0
AUD-000472,FAC-0014,EPINEPHRINE,2023-04-30,3.0
AUD-000473,FAC-0014,EPINEPHRINE,2023-05-31,0.0
AUD-000474,FAC-0014,EPINEPHRINE,2023-06-30,11.0
AUD-000475,FAC-0014,EPINEPHRINE,2023-07-31,0.0
AUD-000476,FAC-0014,EPINEPHRINE,2023-08-31,0.0
AUD-000477,FAC-0014,EPINEPHRINE,2023-09-30,9.0
AUD-000478,FAC-0014,EPINEPHRINE,2023-10-31,13.0
AUD-000479,FAC-0014,EPINEPHRINE,2023-11-30,14.0
AUD-000480,FAC-0014,EPINEPHRINE,2023-12-31,16.0
AUD-000481,FAC-0014,PARACETAMOL,2023-01-31,2004.0
AUD-000482,FAC-0014,PARACETAMOL,2023-02-28,3977.0
AUD-000483,FAC-0014,PARACETAMOL,2023-03-31,5499.0
AUD-000484,FAC-0014,PARACETAMOL,2023-04-30,7263.0
AUD-000485,FAC-0014,PARACETAMOL,2023-05-31,8888.0
AUD-000486,FAC-0014,PARACETAMOL,2023-06-30,8569.0
AUD-000487,FAC-0014,PARACETAMOL,2023-07-31,5036.0
AUD-000488,FAC-0014,PARACETAMOL,2023-08-31,4164.0
AUD-000489,FAC-0014,PARACETAMOL,2023-09-30,0.0
AUD-000490,FAC-0014,PARACETAMOL,2023-10-31,4547.0
AUD-000491,FAC-0014,PARACETAMOL,2023-11-30,4977.0
AUD-000492,FAC-0014,PARACETAMOL,2023-12-31,1695.0
AUD-000493,FAC-0014,RIF_INH,2023-01-31,570.0
AUD-000494,FAC-0014,RIF_INH,2023-02-28,1148.0
AUD-000495,FAC-0014,RIF_INH,2023-03-31,1713.0
AUD-000496,FAC-0014,RIF_INH,2023-04-30,2293.0
AUD-000497,FAC-0014,RIF_INH,2023-05-31,3664.0
AUD-000498,FAC-0014,RIF_INH,2023-06-30,3457.0
AUD-000499,FAC-0014,RIF_INH,2023-07-31,4802.0
AUD-000500,FAC-0014,RIF_INH,2023-08-31,5350.0
AUD-000501,FAC-0014,RIF_INH,2023-09-30,5902.0
AUD-000502,FAC-0014,RIF_INH,2023-10-31,6452.0
AUD-000503,FAC-0014,RIF_INH,2023-11-30,7010.0
AUD-000504,FAC-0014,RIF_INH,2023-12-31,7550.0
AUD-000505,FAC-0015,EPINEPHRINE,2023-01-31,19.0
AUD-000506,FAC-0015,EPINEPHRINE,2023-02-28,26.0
AUD-000507,FAC-0015,EPINEPHRINE,2023-03-31,37.0
AUD-000508,FAC-0015,EPINEPHRINE,2023-04-30,35.0
AUD-000509,FAC-0015,EPINEPHRINE,2023-05-31,35.0
AUD-000510,FAC-0015,EPINEPHRINE,2023-06-30,44.0
AUD-000511,FAC-0015,EPINEPHRINE,2023-07-31,66.0
AUD-000512,FAC-0015,EPINEPHRINE,2023-08-31,72.0
AUD-000513,FAC-0015,EPINEPHRINE,2023-09-30,77.0
AUD-000514,FAC-0015,EPINEPHRINE,2023-10-31,83.0
AUD-000515,FAC-0015,EPINEPHRINE,2023-11-30,91.0
AUD-000516,FAC-0015,EPINEPHRINE,2023-12-31,94.0
AUD-000517,FAC-0015,PARACETAMOL,2023-01-31,4950.0
AUD-000518,FAC-0015,PARACETAMOL,2023-02-28,9471.0
AUD-000519,FAC-0015,PARACETAMOL,2023-03-31,13751.0
AUD-000520,FAC-0015,PARACETAMOL,2023-04-30,18092.0
AUD-000521,FAC-0015,PARACETAMOL,2023-05-31,17349.0
AUD-000522,FAC-0015,PARACETAMOL,2023-06-30,26095.0
AUD-000523,FAC-0015,PARACETAMOL,2023-07-31,28824.0
AUD-000524,FAC-0015,PARACETAMOL,2023-08-31,25620.0
AUD-000525,FAC-0015,PARACETAMOL,2023-09-30,37592.0
AUD-000526,FAC-0015,PARACETAMOL,2023-10-31,40341.0
AUD-000527,FAC-0015,PARACETAMOL,2023-11-30,39027.0
AUD-000528,FAC-0015,PARACETAMOL,2023-12-31,42828.0
AUD-000529,FAC-0015,RIF_INH,2023-01-31,782.0
AUD-000530,FAC-0015,RIF_INH,2023-02-28,1535.0
AUD-000531,FAC-0015,RIF_INH,2023-03-31,2272.0
AUD-000532,FAC-0015,RIF_INH,2023-04-30,2994.0
AUD-000533,FAC-0015,RIF_INH,2023-05-31,2915.0
AUD-000534,FAC-0015,RIF_INH,2023-06-30,3624.0
AUD-000535,FAC-0015,RIF_INH,2023-07-31,5111.0
AUD-000536,FAC-0015,RIF_INH,2023-08-31,5795.0
AUD-000537,FAC-0015,RIF_INH,2023-09-30,7274.0
AUD-000538,FAC-0015,RIF_INH,2023-10-31,7114.0
AUD-000539,FAC-0015,RIF_INH,2023-11-30,7745.0
AUD-000540,FAC-0015,RIF_INH,2023-12-31,8399.0
AUD-000541,FAC-0016,EPINEPHRINE,2023-01-31,13.0
AUD-000542,FAC-0016,EPINEPHRINE,2023-02-28,19.0
AUD-000543,FAC-0016,EPINEPHRINE,2023-03-31,28.0
AUD-000544,FAC-0016,EPINEPHRINE,2023-04-30,25.0
AUD-000545,FAC-0016,EPINEPHRINE,2023-05-31,43.0
AUD-000546,FAC-0016,EPINEPHRINE,2023-06-30,36.0
AUD-000547,FAC-0016,EPINEPHRINE,2023-07-31,51.0
AUD-000548,FAC-0016,EPINEPHRINE,2023-08-31,63.0
AUD-000549,FAC-0016,EPINEPHRINE,2023-09-30,76.0
AUD-000550,FAC-0016,EPINEPHRINE,2023-10-31,83.0
AUD-000551,FAC-0016,EPINEPHRINE,2023-11-30,77.0
AUD-000552,FAC-0016,EPINEPHRINE,2023-12-31,87.0
AUD-000553,FAC-0016,PARACETAMOL,2023-01-31,4328.0
AUD-000554,FAC-0016,PARACETAMOL,2023-02-28,8597.0
AUD-000555,FAC-0016,PARACETAMOL,2023-03-31,12704.0
AUD-000556,FAC-0016,PARACETAMOL,2023-04-30,16797.0
AUD-000557,FAC-0016,PARACETAMOL,2023-05-31,20781.0
AUD-000558,FAC-0016,PARACETAMOL,2023-06-30,19193.0
AUD-000559,FAC-0016,PARACETAMOL,2023-07-31,25717.0
AUD-000560,FAC-0016,PARACETAMOL,2023-08-31,25887.0
AUD-000561,FAC-0016,PARACETAMOL,2023-09-30,26568.0
AUD-000562,FAC-0016,PARACETAMOL,2023-10-31,28336.0
AUD-000563,FAC-0016,PARACETAMOL,2023-11-30,31586.0
AUD-000564,FAC-0016,PARACETAMOL,2023-12-31,35439.0
AUD-000565,FAC-0016,RIF_INH,2023-01-31,746.0
AUD-000566,FAC-0016,RIF_INH,2023-02-28,692.0
AUD-000567,FAC-0016,RIF_INH,2023-03-31,2224.0
AUD-000568,FAC-0016,RIF_INH,2023-04-30,2957.0
AUD-000569,FAC-0016,RIF_INH,2023-05-31,3666.0
AUD-000570,FAC-0016,RIF_INH,2023-06-30,4372.0
AUD-000571,FAC-0016,RIF_INH,2023-07-31,5863.0
AUD-000572,FAC-0016,RIF_INH,2023-08-31,5760.0
AUD-000573,FAC-0016,RIF_INH,2023-09-30,5655.0
AUD-000574,FAC-0016,RIF_INH,2023-10-31,7143.0
AUD-000575,FAC-0016,RIF_INH,2023-11-30,7025.0
AUD-000576,FAC-0016,RIF_INH,2023-12-31,7666.0
AUD-000577,FAC-0017,EPINEPHRINE,2023-01-31,9.0
AUD-000578,FAC-0017,EPINEPHRINE,2023-02-28,19.0
AUD-000579,FAC-0017,EPINEPHRINE,2023-03-31,28.0
AUD-000580,FAC-0017,EPINEPHRINE,2023-04-30,24.0
AUD-000581,FAC-0017,EPINEPHRINE,2023-05-31,33.0
AUD-000582,FAC-0017,EPINEPHRINE,2023-06-30,32.0
AUD-000583,FAC-0017,EPINEPHRINE,2023-07-31,50.0
AUD-000584,FAC-0017,EPINEPHRINE,2023-08-31,55.0
AUD-000585,FAC-0017,EPINEPHRINE,2023-09-30,58.0
AUD-000586,FAC-0017,EPINEPHRINE,2023-10-31,63.0
AUD-000587,FAC-0017,EPINEPHRINE,2023-11-30,69.0
AUD-000588,FAC-0017,EPINEPHRINE,2023-12-31,86.0
AUD-000589,FAC-0017,PARACETAMOL,2023-01-31,4669.0
AUD-000590,FAC-0017,PARACETAMOL,2023-02-28,3595.0
AUD-000591,FAC-0017,PARACETAMOL,2023-03-31,12376.0
AUD-000592,FAC-0017,PARACETAMOL,2023-04-30,16164.0
AUD-000593,FAC-0017,PARACETAMOL,2023-05-31,19784.0
AUD-000594,FAC-0017,PARACETAMOL,2023-06-30,22251.0
AUD-000595,FAC-0017,PARACETAMOL,2023-07-31,27293.0
AUD-000596,FAC-0017,PARACETAMOL,2023-08-31,20672.0
AUD-000597,FAC-0017,PARACETAMOL,2023-09-30,18996.0
AUD-000598,FAC-0017,PARACETAMOL,2023-10-31,24403.0
AUD-000599,FAC-0017,PARACETAMOL,2023-11-30,22034.0
AUD-000600,FAC-0017,PARACETAMOL,2023-12-31,20568.0
AUD-000601,FAC-0017,RIF_INH,2023-01-31,2.0
AUD-000602,FAC-0017,RIF_INH,2023-02-28,1528.0
AUD-000603,FAC-0017,RIF_INH,2023-03-31,2232.0
AUD-000604,FAC-0017,RIF_INH,2023-04-30,2910.0
AUD-000605,FAC-0017,RIF_INH,2023-05-31,2795.0
AUD-000606,FAC-0017,RIF_INH,2023-06-30,4256.0
AUD-000607,FAC-0017,RIF_INH,2023-07-31,4930.0
AUD-000608,FAC-0017,RIF_INH,2023-08-31,5570.0
AUD-000609,FAC-0017,RIF_INH,2023-09-30,6210.0
AUD-000610,FAC-0017,RIF_INH,2023-10-31,6847.0
AUD-000611,FAC-0017,RIF_INH,2023-11-30,8288.0
AUD-000612,FAC-0017,RIF_INH,2023-12-31,8910.0
AUD-000613,FAC-0018,EPINEPHRINE,2023-01-31,10.0
AUD-000614,FAC-0018,EPINEPHRINE,2023-02-28,18.0
AUD-000615,FAC-0018,EPINEPHRINE,2023-03-31,20.0
AUD-000616,FAC-0018,EPINEPHRINE,2023-04-30,14.0
AUD-000617,FAC-0018,EPINEPHRINE,2023-05-31,12.0
AUD-000618,FAC-0018,EPINEPHRINE,2023-06-30,40.0
AUD-000619,FAC-0018,EPINEPHRINE,2023-07-31,55.0
AUD-000620,FAC-0018,EPINEPHRINE,2023-08-31,57.0
AUD-000621,FAC-0018,EPINEPHRINE,2023-09-30,63.0
AUD-000622,FAC-0018,EPINEPHRINE,2023-10-31,57.0
AUD-000623,FAC-0018,EPINEPHRINE,2023-11-30,77.0
AUD-000624,FAC-0018,EPINEPHRINE,2023-12-31,93.0
AUD-000625,FAC-0018,PARACETAMOL,2023-01-31,4042.0
AUD-000626,FAC-0018,PARACETAMOL,2023-02-28,8073.0
AUD-000627,FAC-0018,PARACETAMOL,2023-03-31,12114.0
AUD-000628,FAC-0018,PARACETAMOL,2023-04-30,16111.0
AUD-000629,FAC-0018,PARACETAMOL,2023-05-31,19913.0
AUD-000630,FAC-0018,PARACETAMOL,2023-06-30,22854.0
AUD-000631,FAC-0018,PARACETAMOL,2023-07-31,24005.0
AUD-000632,FAC-0018,PARACETAMOL,2023-08-31,23669.0
AUD-000633,FAC-0018,PARACETAMOL,2023-09-30,23635.0
AUD-000634,FAC-0018,PARACETAMOL,2023-10-31,24957.0
AUD-000635,FAC-0018,PARACETAMOL,2023-11-30,28111.0
AUD-000636,FAC-0018,PARACETAMOL,2023-12-31,31911.0
AUD-000637,FAC-0018,RIF_INH,2023-01-31,774.0
AUD-000638,FAC-0018,RIF_INH,2023-02-28,1512.0
AUD-000639,FAC-0018,RIF_INH,2023-03-31,2236.0
AUD-000640,FAC-0018,RIF_INH,2023-04-30,2945.0
AUD-000641,FAC-0018,RIF_INH,2023-05-31,3659.0
AUD-000642,FAC-0018,RIF_INH,2023-06-30,4356.0
AUD-000643,FAC-0018,RIF_INH,2023-07-31,5039.0
AUD-000644,FAC-0018,RIF_INH,2023-08-31,5712.0
AUD-000645,FAC-0018,RIF_INH,2023-09-30,7204.0
AUD-000646,FAC-0018,RIF_INH,2023-10-31,7862.0
AUD-000647,FAC-0018,RIF_INH,2023-11-30,8509.0
AUD-000648,FAC-0018,RIF_INH,2023-12-31,8351.0
AUD-000649,FAC-0019,EPINEPHRINE,2023-01-31,14.0
AUD-000650,FAC-0019,EPINEPHRINE,2023-02-28,12.0
AUD-000651,FAC-0019,EPINEPHRINE,2023-03-31,4.0
AUD-000652,FAC-0019,EPINEPHRINE,2023-04-30,11.0
AUD-000653,FAC-0019,EPINEPHRINE,2023-05-31,12.0
AUD-000654,FAC-0019,EPINEPHRINE,2023-06-30,12.0
AUD-000655,FAC-0019,EPINEPHRINE,2023-07-31,11.0
AUD-000656,FAC-0019,EPINEPHRINE,2023-08-31,24.0
AUD-000657,FAC-0019,EPINEPHRINE,2023-09-30,19.0
AUD-000658,FAC-0019,EPINEPHRINE,2023-10-31,18.0
AUD-000659,FAC-0019,EPINEPHRINE,2023-11-30,28.0
AUD-000660,FAC-0019,EPINEPHRINE,2023-12-31,30.0
AUD-000661,FAC-0019,PARACETAMOL,2023-01-31,4919.0
AUD-000662,FAC-0019,PARACETAMOL,2023-02-28,7363.0
AUD-000663,FAC-0019,PARACETAMOL,2023-03-31,9715.0
AUD-000664,FAC-0019,PARACETAMOL,2023-04-30,12117.0
AUD-000665,FAC-0019,PARACETAMOL,2023-05-31,14342.0
AUD-000666,FAC-0019,PARACETAMOL,2023-06-30,15151.0
AUD-000667,FAC-0019,PARACETAMOL,2023-07-31,17866.0
AUD-000668,FAC-0019,PARACETAMOL,2023-08-31,13531.0
AUD-000669,FAC-0019,PARACETAMOL,2023-09-30,10107.0
AUD-000670,FAC-0019,PARACETAMOL,2023-10-31,8321.0
AUD-000671,FAC-0019,PARACETAMOL,2023-11-30,4786.0
AUD-000672,FAC-0019,PARACETAMOL,2023-12-31,12039.0
AUD-000673,FAC-0019,RIF_INH,2023-01-31,623.0
AUD-000674,FAC-0019,RIF_INH,2023-02-28,1266.0
AUD-000675,FAC-0019,RIF_INH,2023-03-31,1879.0
AUD-000676,FAC-0019,RIF_INH,2023-04-30,2488.0
AUD-000677,FAC-0019,RIF_INH,2023-05-31,3059.0
AUD-000678,FAC-0019,RIF_INH,2023-06-30,4437.0
AUD-000679,FAC-0019,RIF_INH,2023-07-31,4217.0
AUD-000680,FAC-0019,RIF_INH,2023-08-31,4778.0
AUD-000681,FAC-0019,RIF_INH,2023-09-30,6131.0
AUD-000682,FAC-0019,RIF_INH,2023-10-31,5862.0
AUD-000683,FAC-0019,RIF_INH,2023-11-30,6411.0
AUD-000684,FAC-0019,RIF_INH,2023-12-31,7742.0
AUD-000685,FAC-0020,EPINEPHRINE,2023-01-31,13.0
AUD-000686,FAC-0020,EPINEPHRINE,2023-02-28,4.0
AUD-000687,FAC-0020,EPINEPHRINE,2023-03-31,17.0
AUD-000688,FAC-0020,EPINEPHRINE,2023-04-30,5.0
AUD-000689,FAC-0020,EPINEPHRINE,2023-05-31,15.0
AUD-000690,FAC-0020,EPINEPHRINE,2023-06-30,12.0
AUD-000691,FAC-0020,EPINEPHRINE,2023-07-31,12.0
AUD-000692,FAC-0020,EPINEPHRINE,2023-08-31,5.0
AUD-000693,FAC-0020,EPINEPHRINE,2023-09-30,11.0
AUD-000694,FAC-0020,EPINEPHRINE,2023-10-31,17.0
AUD-000695,FAC-0020,EPINEPHRINE,2023-11-30,21.0
AUD-000696,FAC-0020,EPINEPHRINE,2023-12-31,14.0
AUD-000697,FAC-0020,PARACETAMOL,2023-01-31,1934.0
AUD-000698,FAC-0020,PARACETAMOL,2023-02-28,3658.0
AUD-000699,FAC-0020,PARACETAMOL,2023-03-31,4549.0
AUD-000700,FAC-0020,PARACETAMOL,2023-04-30,5472.0
AUD-000701,FAC-0020,PARACETAMOL,2023-05-31,6185.0
AUD-000702,FAC-0020,PARACETAMOL,2023-06-30,4709.0
AUD-000703,FAC-0020,PARACETAMOL,2023-07-31,4080.0
AUD-000704,FAC-0020,PARACETAMOL,2023-08-31,5.0
AUD-000705,FAC-0020,PARACETAMOL,2023-09-30,665.0
AUD-000706,FAC-0020,PARACETAMOL,2023-10-31,3675.0
AUD-000707,FAC-0020,PARACETAMOL,2023-11-30,4426.0
AUD-000708,FAC-0020,PARACETAMOL,2023-12-31,10160.0
AUD-000709,FAC-0020,RIF_INH,2023-01-31,1445.0
AUD-000710,FAC-0020,RIF_INH,2023-02-28,1219.0
AUD-000711,FAC-0020,RIF_INH,2023-03-31,982.0
AUD-000712,FAC-0020,RIF_INH,2023-04-30,1538.0
AUD-000713,FAC-0020,RIF_INH,2023-05-31,2823.0
AUD-000714,FAC-0020,RIF_INH,2023-06-30,3331.0
AUD-000715,FAC-0020,RIF_INH,2023-07-31,3785.0
AUD-000716,FAC-0020,RIF_INH,2023-08-31,4205.0
AUD-000717,FAC-0020,RIF_INH,2023-09-30,4611.0
AUD-000718,FAC-0020,RIF_INH,2023-10-31,5034.0
AUD-000719,FAC-0020,RIF_INH,2023-11-30,5451.0
AUD-000720,FAC-0020,RIF_INH,2023-12-31,5834.0
AUD-000721,FAC-0021,EPINEPHRINE,2023-01-31,20.0
AUD-000722,FAC-0021,EPINEPHRINE,2023-02-28,5.0
AUD-000723,FAC-0021,EPINEPHRINE,2023-03-31,34.0
AUD-000724,FAC-0021,EPINEPHRINE,2023-04-30,27.0
AUD-000725,FAC-0021,EPINEPHRINE,2023-05-31,14.0
AUD-000726,FAC-0021,EPINEPHRINE,2023-06-30,4.0
AUD-000727,FAC-0021,EPINEPHRINE,2023-07-31,14.0
AUD-000728,FAC-0021,EPINEPHRINE,2023-08-31,7.0
AUD-000729,FAC-0021,EPINEPHRINE,2023-09-30,10.0
AUD-000730,FAC-0021,EPINEPHRINE,2023-10-31,21.0
AUD-000731,FAC-0021,EPINEPHRINE,2023-11-30,8.0
AUD-000732,FAC-0021,EPINEPHRINE,2023-12-31,7.0
AUD-000733,FAC-0021,PARACETAMOL,2023-01-31,7909.0
AUD-000734,FAC-0021,PARACETAMOL,2023-02-28,5116.0
AUD-000735,FAC-0021,PARACETAMOL,2023-03-31,6902.0
AUD-000736,FAC-0021,PARACETAMOL,2023-04-30,8805.0
AUD-000737,FAC-0021,PARACETAMOL,2023-05-31,10499.0
AUD-000738,FAC-0021,PARACETAMOL,2023-06-30,10121.0
AUD-000739,FAC-0021,PARACETAMOL,2023-07-31,12234.0
AUD-000740,FAC-0021,PARACETAMOL,2023-08-31,6323.0
AUD-000741,FAC-0021,PARACETAMOL,2023-09-30,15.0
AUD-000742,FAC-0021,PARACETAMOL,2023-10-31,6232.0
AUD-000743,FAC-0021,PARACETAMOL,2023-11-30,1796.0
AUD-000744,FAC-0021,PARACETAMOL,2023-12-31,4012.0
AUD-000745,FAC-0021,RIF_INH,2023-01-31,691.0
AUD-000746,FAC-0021,RIF_INH,2023-02-28,1301.0
AUD-000747,FAC-0021,RIF_INH,2023-03-31,1890.0
AUD-000748,FAC-0021,RIF_INH,2023-04-30,2458.0
AUD-000749,FAC-0021,RIF_INH,2023-05-31,2998.0
AUD-000750,FAC-0021,RIF_INH,2023-06-30,3548.0
AUD-000751,FAC-0021,RIF_INH,2023-07-31,4017.0
AUD-000752,FAC-0021,RIF_INH,2023-08-31,5323.0
AUD-000753,FAC-0021,RIF_INH,2023-09-30,5012.0
AUD-000754,FAC-0021,RIF_INH,2023-10-31,6292.0
AUD-000755,FAC-0021,RIF_INH,2023-11-30,6748.0
AUD-000756,FAC-0021,RIF_INH,2023-12-31,7154.0
AUD-000757,FAC-0022,EPINEPHRINE,2023-01-31,9.0
AUD-000758,FAC-0022,EPINEPHRINE,2023-02-28,25.0
AUD-000759,FAC-0022,EPINEPHRINE,2023-03-31,27.0
AUD-000760,FAC-0022,EPINEPHRINE,2023-04-30,31.0
AUD-000761,FAC-0022,EPINEPHRINE,2023-05-31,35.0
AUD-000762,FAC-0022,EPINEPHRINE,2023-06-30,47.0
AUD-000763,FAC-0022,EPINEPHRINE,2023-07-31,56.0
AUD-000764,FAC-0022,EPINEPHRINE,2023-08-31,59.0
AUD-000765,FAC-0022,EPINEPHRINE,2023-09-30,66.0
AUD-000766,FAC-0022,EPINEPHRINE,2023-10-31,76.0
AUD-000767,FAC-0022,EPINEPHRINE,2023-11-30,85.0
AUD-000768,FAC-0022,EPINEPHRINE,2023-12-31,84.0
AUD-000769,FAC-0022,PARACETAMOL,2023-01-31,2.0
AUD-000770,FAC-0022,PARACETAMOL,2023-02-28,9109.0
AUD-000771,FAC-0022,PARACETAMOL,2023-03-31,13039.0
AUD-000772,FAC-0022,PARACETAMOL,2023-04-30,16955.0
AUD-000773,FAC-0022,PARACETAMOL,2023-05-31,20705.0
AUD-000774,FAC-0022,PARACETAMOL,2023-06-30,23620.0
AUD-000775,FAC-0022,PARACETAMOL,2023-07-31,24906.0
AUD-000776,FAC-0022,PARACETAMOL,2023-08-31,30057.0
AUD-000777,FAC-0022,PARACETAMOL,2023-09-30,24965.0
AUD-000778,FAC-0022,PARACETAMOL,2023-10-31,21393.0
AUD-000779,FAC-0022,PARACETAMOL,2023-11-30,24445.0
AUD-000780,FAC-0022,PARACETAMOL,2023-12-31,27956.0
AUD-000781,FAC-0022,RIF_INH,2023-01-31,804.0
AUD-000782,FAC-0022,RIF_INH,2023-02-28,1539.0
AUD-000783,FAC-0022,RIF_INH,2023-03-31,2237.0
AUD-000784,FAC-0022,RIF_INH,2023-04-30,2930.0
AUD-000785,FAC-0022,RIF_INH,2023-05-31,2813.0
AUD-000786,FAC-0022,RIF_INH,2023-06-30,4286.0
AUD-000787,FAC-0022,RIF_INH,2023-07-31,4942.0
AUD-000788,FAC-0022,RIF_INH,2023-08-31,6377.0
AUD-000789,FAC-0022,RIF_INH,2023-09-30,6193.0
AUD-000790,FAC-0022,RIF_INH,2023-10-31,6022.0
AUD-000791,FAC-0022,RIF_INH,2023-11-30,7416.0
AUD-000792,FAC-0022,RIF_INH,2023-12-31,7956.0
AUD-000793,FAC-0023,EPINEPHRINE,2023-01-31,2.0
AUD-000794,FAC-0023,EPINEPHRINE,2023-02-28,0.0
AUD-000795,FAC-0023,EPINEPHRINE,2023-03-31,3.0
AUD-000796,FAC-0023,EPINEPHRINE,2023-04-30,4.0
AUD-000797,FAC-0023,EPINEPHRINE,2023-05-31,16.0
AUD-000798,FAC-0023,EPINEPHRINE,2023-06-30,15.0
AUD-000799,FAC-0023,EPINEPHRINE,2023-07-31,8.0
AUD-000800,FAC-0023,EPINEPHRINE,2023-08-31,20.0
AUD-000801,FAC-0023,EPINEPHRINE,2023-09-30,20.0
AUD-000802,FAC-0023,EPINEPHRINE,2023-10-31,20.0
AUD-000803,FAC-0023,EPINEPHRINE,2023-11-30,13.0
AUD-000804,FAC-0023,EPINEPHRINE,2023-12-31,15.0
AUD-000805,FAC-0023,PARACETAMOL,2023-01-31,3341.0
AUD-000806,FAC-0023,PARACETAMOL,2023-02-28,5723.0
AUD-000807,FAC-0023,PARACETAMOL,2023-03-31,7864.0
AUD-000808,FAC-0023,PARACETAMOL,2023-04-30,10232.0
AUD-000809,FAC-0023,PARACETAMOL,2023-05-31,17262.0
AUD-000810,FAC-0023,PARACETAMOL,2023-06-30,12924.0
AUD-000811,FAC-0023,PARACETAMOL,2023-07-31,15119.0
AUD-000812,FAC-0023,PARACETAMOL,2023-08-31,5267.0
AUD-000813,FAC-0023,PARACETAMOL,2023-09-30,5958.0
AUD-000814,FAC-0023,PARACETAMOL,2023-10-31,4316.0
AUD-000815,FAC-0023,PARACETAMOL,2023-11-30,551.0
AUD-000816,FAC-0023,PARACETAMOL,2023-12-31,3300.0
AUD-000817,FAC-0023,RIF_INH,2023-01-31,1462.0
AUD-000818,FAC-0023,RIF_INH,2023-02-28,1245.0
AUD-000819,FAC-0023,RIF_INH,2023-03-31,1831.0
AUD-000820,FAC-0023,RIF_INH,2023-04-30,2416.0
AUD-000821,FAC-0023,RIF_INH,2023-05-31,3001.0
AUD-000822,FAC-0023,RIF_INH,2023-06-30,4391.0
AUD-000823,FAC-0023,RIF_INH,2023-07-31,4993.0
AUD-000824,FAC-0023,RIF_INH,2023-08-31,4799.0
AUD-000825,FAC-0023,RIF_INH,2023-09-30,5372.0
AUD-000826,FAC-0023,RIF_INH,2023-10-31,6741.0
AUD-000827,FAC-0023,RIF_INH,2023-11-30,7317.0
AUD-000828,FAC-0023,RIF_INH,2023-12-31,7877.0
AUD-000829,FAC-0024,EPINEPHRINE,2023-01-31,0.0
AUD-000830,FAC-0024,EPINEPHRINE,2023-02-28,0.0
AUD-000831,FAC-0024,EPINEPHRINE,2023-03-31,0.0
AUD-000832,FAC-0024,EPINEPHRINE,2023-04-30,6.0
AUD-000833,FAC-0024,EPINEPHRINE,2023-05-31,2.0
AUD-000834,FAC-0024,EPINEPHRINE,2023-06-30,0.0
AUD-000835,FAC-0024,EPINEPHRINE,2023-07-31,10.0
AUD-000836,FAC-0024,EPINEPHRINE,2023-08-31,2.0
AUD-000837,FAC-0024,EPINEPHRINE,2023-09-30,0.0
AUD-000838,FAC-0024,EPINEPHRINE,2023-10-31,10.0
AUD-000839,FAC-0024,EPINEPHRINE,2023-11-30,13.0
AUD-000840,FAC-0024,EPINEPHRINE,2023-12-31,0.0
AUD-000841,FAC-0024,PARACETAMOL,2023-01-31,966.0
AUD-000842,FAC-0024,PARACETAMOL,2023-02-28,2222.0
AUD-000843,FAC-0024,PARACETAMOL,2023-03-31,3149.0
AUD-000844,FAC-0024,PARACETAMOL,2023-04-30,4187.0
AUD-000845,FAC-0024,PARACETAMOL,2023-05-31,5159.0
AUD-000846,FAC-0024,PARACETAMOL,2023-06-30,4180.0
AUD-000847,FAC-0024,PARACETAMOL,2023-07-31,0.0
AUD-000848,FAC-0024,PARACETAMOL,2023-08-31,0.0
AUD-000849,FAC-0024,PARACETAMOL,2023-09-30,4.0
AUD-000850,FAC-0024,PARACETAMOL,2023-10-31,4.0
AUD-000851,FAC-0024,PARACETAMOL,2023-11-30,6276.0
AUD-000852,FAC-0024,PARACETAMOL,2023-12-31,2147.0
AUD-000853,FAC-0024,RIF_INH,2023-01-31,524.0
AUD-000854,FAC-0024,RIF_INH,2023-02-28,1057.0
AUD-000855,FAC-0024,RIF_INH,2023-03-31,1536.0
AUD-000856,FAC-0024,RIF_INH,2023-04-30,2082.0
AUD-000857,FAC-0024,RIF_INH,2023-05-31,3413.0
AUD-000858,FAC-0024,RIF_INH,2023-06-30,3122.0
AUD-000859,FAC-0024,RIF_INH,2023-07-31,3615.0
AUD-000860,FAC-0024,RIF_INH,2023-08-31,4892.0
AUD-000861,FAC-0024,RIF_INH,2023-09-30,4590.0
AUD-000862,FAC-0024,RIF_INH,2023-10-31,5879.0
AUD-000863,FAC-0024,RIF_INH,2023-11-30,6398.0
AUD-000864,FAC-0024,RIF_INH,2023-12-31,6883.0
AUD-000865,FAC-0025,EPINEPHRINE,2023-01-31,9.0
AUD-000866,FAC-0025,EPINEPHRINE,2023-02-28,3.0
AUD-000867,FAC-0025,EPINEPHRINE,2023-03-31,7.0
AUD-000868,FAC-0025,EPINEPHRINE,2023-04-30,9.0
AUD-000869,FAC-0025,EPINEPHRINE,2023-05-31,13.0
AUD-000870,FAC-0025,EPINEPHRINE,2023-06-30,11.0
AUD-000871,FAC-0025,EPINEPHRINE,2023-07-31,6.0
AUD-000872,FAC-0025,EPINEPHRINE,2023-08-31,14.0
AUD-000873,FAC-0025,EPINEPHRINE,2023-09-30,10.0
AUD-000874,FAC-0025,EPINEPHRINE,2023-10-31,9.0
AUD-000875,FAC-0025,EPINEPHRINE,2023-11-30,16.0
AUD-000876,FAC-0025,EPINEPHRINE,2023-12-31,10.0
AUD-000877,FAC-0025,PARACETAMOL,2023-01-31,1841.0
AUD-000878,FAC-0025,PARACETAMOL,2023-02-28,3733.0
AUD-000879,FAC-0025,PARACETAMOL,2023-03-31,5389.0
AUD-000880,FAC-0025,PARACETAMOL,2023-04-30,6967.0
AUD-000881,FAC-0025,PARACETAMOL,2023-05-31,8344.0
AUD-000882,FAC-0025,PARACETAMOL,2023-06-30,8179.0
AUD-000883,FAC-0025,PARACETAMOL,2023-07-31,4372.0
AUD-000884,FAC-0025,PARACETAMOL,2023-08-31,4.0
AUD-000885,FAC-0025,PARACETAMOL,2023-09-30,7.0
AUD-000886,FAC-0025,PARACETAMOL,2023-10-31,3.0
AUD-000887,FAC-0025,PARACETAMOL,2023-11-30,5613.0
AUD-000888,FAC-0025,PARACETAMOL,2023-12-31,7443.0
AUD-000889,FAC-0025,RIF_INH,2023-01-31,705.0
AUD-000890,FAC-0025,RIF_INH,2023-02-28,1338.0
AUD-000891,FAC-0025,RIF_INH,2023-03-31,1889.0
AUD-000892,FAC-0025,RIF_INH,2023-04-30,2442.0
AUD-000893,FAC-0025,RIF_INH,2023-05-31,2984.0
AUD-000894,FAC-0025,RIF_INH,2023-06-30,3509.0
AUD-000895,FAC-0025,RIF_INH,2023-07-31,3998.0
AUD-000896,FAC-0025,RIF_INH,2023-08-31,3696.0
AUD-000897,FAC-0025,RIF_INH,2023-09-30,4959.0
AUD-000898,FAC-0025,RIF_INH,2023-10-31,5408.0
AUD-000899,FAC-0025,RIF_INH,2023-11-30,5872.0
AUD-000900,FAC-0025,RIF_INH,2023-12-31,6281.0
AUD-000901,FAC-0026,EPINEPHRINE,2023-01-31,9.0
AUD-000902,FAC-0026,EPINEPHRINE,2023-02-28,21.0
AUD-000903,FAC-0026,EPINEPHRINE,2023-03-31,32.0
AUD-000904,FAC-0026,EPINEPHRINE,2023-04-30,32.0
AUD-000905,FAC-0026,EPINEPHRINE,2023-05-31,39.0
AUD-000906,FAC-0026,EPINEPHRINE,2023-06-30,40.0
AUD-000907,FAC-0026,EPINEPHRINE,2023-07-31,43.0
AUD-000908,FAC-0026,EPINEPHRINE,2023-08-31,51.0
AUD-000909,FAC-0026,EPINEPHRINE,2023-09-30,55.0
AUD-000910,FAC-0026,EPINEPHRINE,2023-10-31,65.0
AUD-000911,FAC-0026,EPINEPHRINE,2023-11-30,71.0
AUD-000912,FAC-0026,EPINEPHRINE,2023-12-31,72.0
AUD-000913,FAC-0026,PARACETAMOL,2023-01-31,4423.0
AUD-000914,FAC-0026,PARACETAMOL,2023-02-28,8540.0
AUD-000915,FAC-0026,PARACETAMOL,2023-03-31,12457.0
AUD-000916,FAC-0026,PARACETAMOL,2023-04-30,16287.0
AUD-000917,FAC-0026,PARACETAMOL,2023-05-31,19977.0
AUD-000918,FAC-0026,PARACETAMOL,2023-06-30,22941.0
AUD-000919,FAC-0026,PARACETAMOL,2023-07-31,23778.0
AUD-000920,FAC-0026,PARACETAMOL,2023-08-31,23404.0
AUD-000921,FAC-0026,PARACETAMOL,2023-09-30,23261.0
AUD-000922,FAC-0026,PARACETAMOL,2023-10-31,19398.0
AUD-000923,FAC-0026,PARACETAMOL,2023-11-30,27481.0
AUD-000924,FAC-0026,PARACETAMOL,2023-12-31,31048.0
AUD-000925,FAC-0026,RIF_INH,2023-01-31,1.0
AUD-000926,FAC-0026,RIF_INH,2023-02-28,1530.0
AUD-000927,FAC-0026,RIF_INH,2023-03-31,2237.0
AUD-000928,FAC-0026,RIF_INH,2023-04-30,2919.0
AUD-000929,FAC-0026,RIF_INH,2023-05-31,3613.0
AUD-000930,FAC-0026,RIF_INH,2023-06-30,4290.0
AUD-000931,FAC-0026,RIF_INH,2023-07-31,4952.0
AUD-000932,FAC-0026,RIF_INH,2023-08-31,5613.0
AUD-000933,FAC-0026,RIF_INH,2023-09-30,6278.0
AUD-000934,FAC-0026,RIF_INH,2023-10-31,6097.0
AUD-000935,FAC-0026,RIF_INH,2023-11-30,7498.0
AUD-000936,FAC-0026,RIF_INH,2023-12-31,8878.0
AUD-000937,FAC-0027,EPINEPHRINE,2023-01-31,17.0
AUD-000938,FAC-0027,EPINEPHRINE,2023-02-28,16.0
AUD-000939,FAC-0027,EPINEPHRINE,2023-03-31,23.0
AUD-000940,FAC-0027,EPINEPHRINE,2023-04-30,33.0
AUD-000941,FAC-0027,EPINEPHRINE,2023-05-31,40.0
AUD-000942,FAC-0027,EPINEPHRINE,2023-06-30,49.0
AUD-000943,FAC-0027,EPINEPHRINE,2023-07-31,57.0
AUD-000944,FAC-0027,EPINEPHRINE,2023-08-31,66.0
AUD-000945,FAC-0027,EPINEPHRINE,2023-09-30,71.0
AUD-000946,FAC-0027,EPINEPHRINE,2023-10-31,79.0
AUD-000947,FAC-0027,EPINEPHRINE,2023-11-30,84.0
AUD-000948,FAC-0027,EPINEPHRINE,2023-12-31,104.0
AUD-000949,FAC-0027,PARACETAMOL,2023-01-31,9298.0
AUD-000950,FAC-0027,PARACETAMOL,2023-02-28,8468.0
AUD-000951,FAC-0027,PARACETAMOL,2023-03-31,12544.0
AUD-000952,FAC-0027,PARACETAMOL,2023-04-30,16636.0
AUD-000953,FAC-0027,PARACETAMOL,2023-05-31,20702.0
AUD-000954,FAC-0027,PARACETAMOL,2023-06-30,23826.0
AUD-000955,FAC-0027,PARACETAMOL,2023-07-31,24771.0
AUD-000956,FAC-0027,PARACETAMOL,2023-08-31,24678.0
AUD-000957,FAC-0027,PARACETAMOL,2023-09-30,24260.0
AUD-000958,FAC-0027,PARACETAMOL,2023-10-31,25668.0
AUD-000959,FAC-0027,PARACETAMOL,2023-11-30,29034.0
AUD-000960,FAC-0027,PARACETAMOL,2023-12-31,37986.0
AUD-000961,FAC-0027,RIF_INH,2023-01-31,768.0
AUD-000962,FAC-0027,RIF_INH,2023-02-28,1503.0
AUD-000963,FAC-0027,RIF_INH,2023-03-31,2237.0
AUD-000964,FAC-0027,RIF_INH,2023-04-30,2960.0
AUD-000965,FAC-0027,RIF_INH,2023-05-31,4474.0
AUD-000966,FAC-0027,RIF_INH,2023-06-30,4401.0
AUD-000967,FAC-0027,RIF_INH,2023-07-31,5129.0
AUD-000968,FAC-0027,RIF_INH,2023-08-31,5859.0
AUD-000969,FAC-0027,RIF_INH,2023-09-30,6578.0
AUD-000970,FAC-0027,RIF_INH,2023-10-31,7280.0
AUD-000971,FAC-0027,RIF_INH,2023-11-30,8014.0
AUD-000972,FAC-0027,RIF_INH,2023-12-31,8717.0
AUD-000973,FAC-0028,EPINEPHRINE,2023-01-31,14.0
AUD-000974,FAC-0028,EPINEPHRINE,2023-02-28,17.0
AUD-000975,FAC-0028,EPINEPHRINE,2023-03-31,14.0
AUD-000976,FAC-0028,EPINEPHRINE,2023-04-30,38.0
AUD-000977,FAC-0028,EPINEPHRINE,2023-05-31,47.0
AUD-000978,FAC-0028,EPINEPHRINE,2023-06-30,64.0
AUD-000979,FAC-0028,EPINEPHRINE,2023-07-31,60.0
AUD-000980,FAC-0028,EPINEPHRINE,2023-08-31,60.0
AUD-000981,FAC-0028,EPINEPHRINE,2023-09-30,70.0
AUD-000982,FAC-0028,EPINEPHRINE,2023-10-31,76.0
AUD-000983,FAC-0028,EPINEPHRINE,2023-11-30,82.0
AUD-000984,FAC-0028,EPINEPHRINE,2023-12-31,88.0
AUD-000985,FAC-0028,PARACETAMOL,2023-01-31,4437.0
AUD-000986,FAC-0028,PARACETAMOL,2023-02-28,8642.0
AUD-000987,FAC-0028,PARACETAMOL,2023-03-31,12814.0
AUD-000988,FAC-0028,PARACETAMOL,2023-04-30,16854.0
AUD-000989,FAC-0028,PARACETAMOL,2023-05-31,20926.0
AUD-000990,FAC-0028,PARACETAMOL,2023-06-30,24278.0
AUD-000991,FAC-0028,PARACETAMOL,2023-07-31,25824.0
AUD-000992,FAC-0028,PARACETAMOL,2023-08-31,25956.0
AUD-000993,FAC-0028,PARACETAMOL,2023-09-30,21755.0
AUD-000994,FAC-0028,PARACETAMOL,2023-10-31,28698.0
AUD-000995,FAC-0028,PARACETAMOL,2023-11-30,37140.0
AUD-000996,FAC-0028,PARACETAMOL,2023-12-31,35883.0
AUD-000997,FAC-0028,RIF_INH,2023-01-31,4.0
AUD-000998,FAC-0028,RIF_INH,2023-02-28,1550.0
AUD-000999,FAC-0028,RIF_INH,2023-03-31,2265.0
AUD-001000,FAC-0028,RIF_INH,2023-04-30,2977.0
AUD-001001,FAC-0028,RIF_INH,2023-05-31,3684.0
AUD-001002,FAC-0028,RIF_INH,2023-06-30,4377.0
AUD-001003,FAC-0028,RIF_INH,2023-07-31,5057.0
AUD-001004,FAC-0028,RIF_INH,2023-08-31,5753.0
AUD-001005,FAC-0028,RIF_INH,2023-09-30,6433.0
AUD-001006,FAC-0028,RIF_INH,2023-10-31,7093.0
AUD-001007,FAC-0028,RIF_INH,2023-11-30,7766.0
AUD-001008,FAC-0028,RIF_INH,2023-12-31,8409.0
AUD-001009,FAC-0029,EPINEPHRINE,2023-01-31,13.0
AUD-001010,FAC-0029,EPINEPHRINE,2023-02-28,20.0
AUD-001011,FAC-0029,EPINEPHRINE,2023-03-31,24.0
AUD-001012,FAC-0029,EPINEPHRINE,2023-04-30,31.0
AUD-001013,FAC-0029,EPINEPHRINE,2023-05-31,38.0
AUD-001014,FAC-0029,EPINEPHRINE,2023-06-30,33.0
AUD-001015,FAC-0029,EPINEPHRINE,2023-07-31,40.0
AUD-001016,FAC-0029,EPINEPHRINE,2023-08-31,54.0
AUD-001017,FAC-0029,EPINEPHRINE,2023-09-30,73.0
AUD-001018,FAC-0029,EPINEPHRINE,2023-10-31,68.0
AUD-001019,FAC-0029,EPINEPHRINE,2023-11-30,70.0
AUD-001020,FAC-0029,EPINEPHRINE,2023-12-31,77.0
AUD-001021,FAC-0029,PARACETAMOL,2023-01-31,4087.0
AUD-001022,FAC-0029,PARACETAMOL,2023-02-28,8145.0
AUD-001023,FAC-0029,PARACETAMOL,2023-03-31,12011.0
AUD-001024,FAC-0029,PARACETAMOL,2023-04-30,15914.0
AUD-001025,FAC-0029,PARACETAMOL,2023-05-31,19658.0
AUD-001026,FAC-0029,PARACETAMOL,2023-06-30,22552.0
AUD-001027,FAC-0029,PARACETAMOL,2023-07-31,23163.0
AUD-001028,FAC-0029,PARACETAMOL,2023-08-31,22305.0
AUD-001029,FAC-0029,PARACETAMOL,2023-09-30,21920.0
AUD-001030,FAC-0029,PARACETAMOL,2023-10-31,22906.0
AUD-001031,FAC-0029,PARACETAMOL,2023-11-30,26096.0
AUD-001032,FAC-0029,PARACETAMOL,2023-12-31,29770.0
AUD-001033,FAC-0029,RIF_INH,2023-01-31,1.0
AUD-001034,FAC-0029,RIF_INH,2023-02-28,1550.0
AUD-001035,FAC-0029,RIF_INH,2023-03-31,2272.0
AUD-001036,FAC-0029,RIF_INH,2023-04-30,2973.0
AUD-001037,FAC-0029,RIF_INH,2023-05-31,2874.0
AUD-001038,FAC-0029,RIF_INH,2023-06-30,4366.0
AUD-001039,FAC-0029,RIF_INH,2023-07-31,5036.0
AUD-001040,FAC-0029,RIF_INH,2023-08-31,6509.0
AUD-001041,FAC-0029,RIF_INH,2023-09-30,7172.0
AUD-001042,FAC-0029,RIF_INH,2023-10-31,7819.0
AUD-001043,FAC-0029,RIF_INH,2023-11-30,7676.0
AUD-001044,FAC-0029,RIF_INH,2023-12-31,8330.0
AUD-001045,FAC-0030,EPINEPHRINE,2023-01-31,3.0
AUD-001046,FAC-0030,EPINEPHRINE,2023-02-28,3.0
AUD-001047,FAC-0030,EPINEPHRINE,2023-03-31,1.0
AUD-001048,FAC-0030,EPINEPHRINE,2023-04-30,12.0
AUD-001049,FAC-0030,EPINEPHRINE,2023-05-31,13.0
AUD-001050,FAC-0030,EPINEPHRINE,2023-06-30,8.0
AUD-001051,FAC-0030,EPINEPHRINE,2023-07-31,2.0
AUD-001052,FAC-0030,EPINEPHRINE,2023-08-31,10.0
AUD-001053,FAC-0030,EPINEPHRINE,2023-09-30,2.0
AUD-001054,FAC-0030,EPINEPHRINE,2023-10-31,13.0
AUD-001055,FAC-0030,EPINEPHRINE,2023-11-30,3.0
AUD-001056,FAC-0030,EPINEPHRINE,2023-12-31,8.0
AUD-001057,FAC-0030,PARACETAMOL,2023-01-31,480.0
AUD-001058,FAC-0030,PARACETAMOL,2023-02-28,1311.0
AUD-001059,FAC-0030,PARACETAMOL,2023-03-31,1552.0
AUD-001060,FAC-0030,PARACETAMOL,2023-04-30,1995.0
AUD-001061,FAC-0030,PARACETAMOL,2023-05-31,2207.0
AUD-001062,FAC-0030,PARACETAMOL,2023-06-30,3.0
AUD-001063,FAC-0030,PARACETAMOL,2023-07-31,1.0
AUD-001064,FAC-0030,PARACETAMOL,2023-08-31,3910.0
AUD-001065,FAC-0030,PARACETAMOL,2023-09-30,3576.0
AUD-001066,FAC-0030,PARACETAMOL,2023-10-31,3991.0
AUD-001067,FAC-0030,PARACETAMOL,2023-11-30,4692.0
AUD-001068,FAC-0030,PARACETAMOL,2023-12-31,4801.0
AUD-001069,FAC-0030,RIF_INH,2023-01-31,522.0
AUD-001070,FAC-0030,RIF_INH,2023-02-28,1019.0
AUD-001071,FAC-0030,RIF_INH,2023-03-31,1500.0
AUD-001072,FAC-0030,RIF_INH,2023-04-30,1988.0
AUD-001073,FAC-0030,RIF_INH,2023-05-31,2426.0
AUD-001074,FAC-0030,RIF_INH,2023-06-30,2897.0
AUD-001075,FAC-0030,RIF_INH,2023-07-31,3345.0
AUD-001076,FAC-0030,RIF_INH,2023-08-31,4618.0
AUD-001077,FAC-0030,RIF_INH,2023-09-30,5011.0
AUD-001078,FAC-0030,RIF_INH,2023-10-31,4648.0
AUD-001079,FAC-0030,RIF_INH,2023-11-30,5093.0
AUD-001080,FAC-0030,RIF_INH,2023-12-31,5512.0
AUD-001081,FAC-0031,EPINEPHRINE,2023-01-31,0.0
AUD-001082,FAC-0031,EPINEPHRINE,2023-02-28,9.0
AUD-001083,FAC-0031,EPINEPHRINE,2023-03-31,6.0
AUD-001084,FAC-0031,EPINEPHRINE,2023-04-30,3.0
AUD-001085,FAC-0031,EPINEPHRINE,2023-05-31,2.0
AUD-001086,FAC-0031,EPINEPHRINE,2023-06-30,4.0
AUD-001087,FAC-0031,EPINEPHRINE,2023-07-31,1.0
AUD-001088,FAC-0031,EPINEPHRINE,2023-08-31,12.0
AUD-001089,FAC-0031,EPINEPHRINE,2023-09-30,6.0
AUD-001090,FAC-0031,EPINEPHRINE,2023-10-31,7.0
AUD-001091,FAC-0031,EPINEPHRINE,2023-11-30,20.0
AUD-001092,FAC-0031,EPINEPHRINE,2023-12-31,12.0
AUD-001093,FAC-0031,PARACETAMOL,2023-01-31,1937.0
AUD-001094,FAC-0031,PARACETAMOL,2023-02-28,3853.0
AUD-001095,FAC-0031,PARACETAMOL,2023-03-31,5353.0
AUD-001096,FAC-0031,PARACETAMOL,2023-04-30,6992.0
AUD-001097,FAC-0031,PARACETAMOL,2023-05-31,8283.0
AUD-001098,FAC-0031,PARACETAMOL,2023-06-30,12949.0
AUD-001099,FAC-0031,PARACETAMOL,2023-07-31,7986.0
AUD-001100,FAC-0031,PARACETAMOL,2023-08-31,3.0
AUD-001101,FAC-0031,PARACETAMOL,2023-09-30,6.0
AUD-001102,FAC-0031,PARACETAMOL,2023-10-31,1.0
AUD-001103,FAC-0031,PARACETAMOL,2023-11-30,5612.0
AUD-001104,FAC-0031,PARACETAMOL,2023-12-31,7015.0
AUD-001105,FAC-0031,RIF_INH,2023-01-31,598.0
AUD-001106,FAC-0031,RIF_INH,2023-02-28,1151.0
AUD-001107,FAC-0031,RIF_INH,2023-03-31,1695.0
AUD-001108,FAC-0031,RIF_INH,2023-04-30,2233.0
AUD-001109,FAC-0031,RIF_INH,2023-05-31,2764.0
AUD-001110,FAC-0031,RIF_INH,2023-06-30,3280.0
AUD-001111,FAC-0031,RIF_INH,2023-07-31,3792.0
AUD-001112,FAC-0031,RIF_INH,2023-08-31,5112.0
AUD-001113,FAC-0031,RIF_INH,2023-09-30,5646.0
AUD-001114,FAC-0031,RIF_INH,2023-10-31,6148.0
AUD-001115,FAC-0031,RIF_INH,2023-11-30,5883.0
AUD-001116,FAC-0031,RIF_INH,2023-12-31,7159.0
AUD-001117,FAC-0032,EPINEPHRINE,2023-01-31,5.0
AUD-001118,FAC-0032,EPINEPHRINE,2023-02-28,1.0
AUD-001119,FAC-0032,EPINEPHRINE,2023-03-31,2.0
AUD-001120,FAC-0032,EPINEPHRINE,2023-04-30,7.0
AUD-001121,FAC-0032,EPINEPHRINE,2023-05-31,10.0
AUD-001122,FAC-0032,EPINEPHRINE,2023-06-30,2.0
AUD-001123,FAC-0032,EPINEPHRINE,2023-07-31,0.0
AUD-001124,FAC-0032,EPINEPHRINE,2023-08-31,13.0
AUD-001125,FAC-0032,EPINEPHRINE,2023-09-30,7.0
AUD-001126,FAC-0032,EPINEPHRINE,2023-10-31,5.0
AUD-001127,FAC-0032,EPINEPHRINE,2023-11-30,9.0
AUD-001128,FAC-0032,EPINEPHRINE,2023-12-31,9.0
AUD-001129,FAC-0032,PARACETAMOL,2023-01-31,1682.0
AUD-001130,FAC-0032,PARACETAMOL,2023-02-28,3442.0
AUD-001131,FAC-0032,PARACETAMOL,2023-03-31,4546.0
AUD-001132,FAC-0032,PARACETAMOL,2023-04-30,5945.0
AUD-001133,FAC-0032,PARACETAMOL,2023-05-31,6884.0
AUD-001134,FAC-0032,PARACETAMOL,2023-06-30,5898.0
AUD-001135,FAC-0032,PARACETAMOL,2023-07-31,393.0
AUD-001136,FAC-0032,PARACETAMOL,2023-08-31,7.0
AUD-001137,FAC-0032,PARACETAMOL,2023-09-30,8.0
AUD-001138,FAC-0032,PARACETAMOL,2023-10-31,1.0
AUD-001139,FAC-0032,PARACETAMOL,2023-11-30,565.0
AUD-001140,FAC-0032,PARACETAMOL,2023-12-31,1813.0
AUD-001141,FAC-0032,RIF_INH,2023-01-31,617.0
AUD-001142,FAC-0032,RIF_INH,2023-02-28,1147.0
AUD-001143,FAC-0032,RIF_INH,2023-03-31,900.0
AUD-001144,FAC-0032,RIF_INH,2023-04-30,2238.0
AUD-001145,FAC-0032,RIF_INH,2023-05-31,2788.0
AUD-001146,FAC-0032,RIF_INH,2023-06-30,3314.0
AUD-001147,FAC-0032,RIF_INH,2023-07-31,4608.0
AUD-001148,FAC-0032,RIF_INH,2023-08-31,4324.0
AUD-001149,FAC-0032,RIF_INH,2023-09-30,5604.0
AUD-001150,FAC-0032,RIF_INH,2023-10-31,6065.0
AUD-001151,FAC-0032,RIF_INH,2023-11-30,6547.0
AUD-001152,FAC-0032,RIF_INH,2023-12-31,6181.0
AUD-001153,FAC-0033,EPINEPHRINE,2023-01-31,13.0
AUD-001154,FAC-0033,EPINEPHRINE,2023-02-28,24.0
AUD-001155,FAC-0033,EPINEPHRINE,2023-03-31,26.0
AUD-001156,FAC-0033,EPINEPHRINE,2023-04-30,40.0
AUD-001157,FAC-0033,EPINEPHRINE,2023-05-31,38.0
AUD-001158,FAC-0033,EPINEPHRINE,2023-06-30,40.0
AUD-001159,FAC-0033,EPINEPHRINE,2023-07-31,48.0
AUD-001160,FAC-0033,EPINEPHRINE,2023-08-31,30.0
AUD-001161,FAC-0033,EPINEPHRINE,2023-09-30,46.0
AUD-001162,FAC-0033,EPINEPHRINE,2023-10-31,68.0
AUD-001163,FAC-0033,EPINEPHRINE,2023-11-30,46.0
AUD-001164,FAC-0033,EPINEPHRINE,2023-12-31,67.0
AUD-001165,FAC-0033,PARACETAMOL,2023-01-31,4744.0
AUD-001166,FAC-0033,PARACETAMOL,2023-02-28,8587.0
AUD-001167,FAC-0033,PARACETAMOL,2023-03-31,7371.0
AUD-001168,FAC-0033,PARACETAMOL,2023-04-30,15822.0
AUD-001169,FAC-0033,PARACETAMOL,2023-05-31,19131.0
AUD-001170,FAC-0033,PARACETAMOL,2023-06-30,21428.0
AUD-001171,FAC-0033,PARACETAMOL,2023-07-31,21406.0
AUD-001172,FAC-0033,PARACETAMOL,2023-08-31,20089.0
AUD-001173,FAC-0033,PARACETAMOL,2023-09-30,13985.0
AUD-001174,FAC-0033,PARACETAMOL,2023-10-31,19699.0
AUD-001175,FAC-0033,PARACETAMOL,2023-11-30,22298.0
AUD-001176,FAC-0033,PARACETAMOL,2023-12-31,25412.0
AUD-001177,FAC-0033,RIF_INH,2023-01-31,750.0
AUD-001178,FAC-0033,RIF_INH,2023-02-28,1477.0
AUD-001179,FAC-0033,RIF_INH,2023-03-31,2144.0
AUD-001180,FAC-0033,RIF_INH,2023-04-30,2037.0
AUD-001181,FAC-0033,RIF_INH,2023-05-31,3468.0
AUD-001182,FAC-0033,RIF_INH,2023-06-30,4850.0
AUD-001183,FAC-0033,RIF_INH,2023-07-31,5397.0
AUD-001184,FAC-0033,RIF_INH,2023-08-31,5116.0
AUD-001185,FAC-0033,RIF_INH,2023-09-30,5646.0
AUD-001186,FAC-0033,RIF_INH,2023-10-31,6954.0
AUD-001187,FAC-0033,RIF_INH,2023-11-30,6655.0
AUD-001188,FAC-0033,RIF_INH,2023-12-31,7140.0
AUD-001189,FAC-0034,EPINEPHRINE,2023-01-31,9.0
AUD-001190,FAC-0034,EPINEPHRINE,2023-02-28,18.0
AUD-001191,FAC-0034,EPINEPHRINE,2023-03-31,26.0
AUD-001192,FAC-0034,EPINEPHRINE,2023-04-30,32.0
AUD-001193,FAC-0034,EPINEPHRINE,2023-05-31,39.0
AUD-001194,FAC-0034,EPINEPHRINE,2023-06-30,50.0
AUD-001195,FAC-0034,EPINEPHRINE,2023-07-31,58.0
AUD-001196,FAC-0034,EPINEPHRINE,2023-08-31,63.0
AUD-001197,FAC-0034,EPINEPHRINE,2023-09-30,80.0
AUD-001198,FAC-0034,EPINEPHRINE,2023-10-31,77.0
AUD-001199,FAC-0034,EPINEPHRINE,2023-11-30,75.0
AUD-001200,FAC-0034,EPINEPHRINE,2023-12-31,91.0
AUD-001201,FAC-0034,PARACETAMOL,2023-01-31,4778.0
AUD-001202,FAC-0034,PARACETAMOL,2023-02-28,4032.0
AUD-001203,FAC-0034,PARACETAMOL,2023-03-31,8086.0
AUD-001204,FAC-0034,PARACETAMOL,2023-04-30,17186.0
AUD-001205,FAC-0034,PARACETAMOL,2023-05-31,16174.0
AUD-001206,FAC-0034,PARACETAMOL,2023-06-30,24510.0
AUD-001207,FAC-0034,PARACETAMOL,2023-07-31,25875.0
AUD-001208,FAC-0034,PARACETAMOL,2023-08-31,26294.0
AUD-001209,FAC-0034,PARACETAMOL,2023-09-30,26766.0
AUD-001210,FAC-0034,PARACETAMOL,2023-10-31,28508.0
AUD-001211,FAC-0034,PARACETAMOL,2023-11-30,31800.0
AUD-001212,FAC-0034,PARACETAMOL,2023-12-31,35805.0
AUD-001213,FAC-0034,RIF_INH,2023-01-31,755.0
AUD-001214,FAC-0034,RIF_INH,2023-02-28,1501.0
AUD-001215,FAC-0034,RIF_INH,2023-03-31,2239.0
AUD-001216,FAC-0034,RIF_INH,2023-04-30,2963.0
AUD-001217,FAC-0034,RIF_INH,2023-05-31,3666.0
AUD-001218,FAC-0034,RIF_INH,2023-06-30,4381.0
AUD-001219,FAC-0034,RIF_INH,2023-07-31,5897.0
AUD-001220,FAC-0034,RIF_INH,2023-08-31,5782.0
AUD-001221,FAC-0034,RIF_INH,2023-09-30,6478.0
AUD-001222,FAC-0034,RIF_INH,2023-10-31,7171.0
AUD-001223,FAC-0034,RIF_INH,2023-11-30,8678.0
AUD-001224,FAC-0034,RIF_INH,2023-12-31,8572.0
AUD-001225,FAC-0035,EPINEPHRINE,2023-01-31,4.0
AUD-001226,FAC-0035,EPINEPHRINE,2023-02-28,19.0
AUD-001227,FAC-0035,EPINEPHRINE,2023-03-31,17.0
AUD-001228,FAC-0035,EPINEPHRINE,2023-04-30,19.0
AUD-001229,FAC-0035,EPINEPHRINE,2023-05-31,22.0
AUD-001230,FAC-0035,EPINEPHRINE,2023-06-30,27.0
AUD-001231,FAC-0035,EPINEPHRINE,2023-07-31,22.0
AUD-001232,FAC-0035,EPINEPHRINE,2023-08-31,36.0
AUD-001233,FAC-0035,EPINEPHRINE,2023-09-30,40.0
AUD-001234,FAC-0035,EPINEPHRINE,2023-10-31,44.0
AUD-001235,FAC-0035,EPINEPHRINE,2023-11-30,54.0
AUD-001236,FAC-0035,EPINEPHRINE,2023-12-31,59.0
AUD-001237,FAC-0035,PARACETAMOL,2023-01-31,4807.0
AUD-001238,FAC-0035,PARACETAMOL,2023-02-28,8871.0
AUD-001239,FAC-0035,PARACETAMOL,2023-03-31,12665.0
AUD-001240,FAC-0035,PARACETAMOL,2023-04-30,16559.0
AUD-001241,FAC-0035,PARACETAMOL,2023-05-31,20253.0
AUD-001242,FAC-0035,PARACETAMOL,2023-06-30,22949.0
AUD-001243,FAC-0035,PARACETAMOL,2023-07-31,28423.0
AUD-001244,FAC-0035,PARACETAMOL,2023-08-31,22288.0
AUD-001245,FAC-0035,PARACETAMOL,2023-09-30,21529.0
AUD-001246,FAC-0035,PARACETAMOL,2023-10-31,22191.0
AUD-001247,FAC-0035,PARACETAMOL,2023-11-30,25130.0
AUD-001248,FAC-0035,PARACETAMOL,2023-12-31,28882.0
AUD-001249,FAC-0035,RIF_INH,2023-01-31,731.0
AUD-001250,FAC-0035,RIF_INH,2023-02-28,677.0
AUD-001251,FAC-0035,RIF_INH,2023-03-31,1396.0
AUD-001252,FAC-0035,RIF_INH,2023-04-30,2928.0
AUD-001253,FAC-0035,RIF_INH,2023-05-31,3617.0
AUD-001254,FAC-0035,RIF_INH,2023-06-30,4303.0
AUD-001255,FAC-0035,RIF_INH,2023-07-31,4962.0
AUD-001256,FAC-0035,RIF_INH,2023-08-31,5632.0
AUD-001257,FAC-0035,RIF_INH,2023-09-30,6306.0
AUD-001258,FAC-0035,RIF_INH,2023-10-31,6977.0
AUD-001259,FAC-0035,RIF_INH,2023-11-30,7655.0
AUD-001260,FAC-0035,RIF_INH,2023-12-31,9111.0
AUD-001261,FAC-0036,EPINEPHRINE,2023-01-31,15.0
AUD-001262,FAC-0036,EPINEPHRINE,2023-02-28,14.0
AUD-001263,FAC-0036,EPINEPHRINE,2023-03-31,18.0
AUD-001264,FAC-0036,EPINEPHRINE,2023-04-30,25.0
AUD-001265,FAC-0036,EPINEPHRINE,2023-05-31,25.0
AUD-001266,FAC-0036,EPINEPHRINE,2023-06-30,35.0
AUD-001267,FAC-0036,EPINEPHRINE,2023-07-31,46.0
AUD-001268,FAC-0036,EPINEPHRINE,2023-08-31,54.0
AUD-001269,FAC-0036,EPINEPHRINE,2023-09-30,59.0
AUD-001270,FAC-0036,EPINEPHRINE,2023-10-31,68.0
AUD-001271,FAC-0036,EPINEPHRINE,2023-11-30,66.0
AUD-001272,FAC-0036,EPINEPHRINE,2023-12-31,77.0
AUD-001273,FAC-0036,PARACETAMOL,2023-01-31,4330.0
AUD-001274,FAC-0036,PARACETAMOL,2023-02-28,8542.0
AUD-001275,FAC-0036,PARACETAMOL,2023-03-31,12538.0
AUD-001276,FAC-0036,PARACETAMOL,2023-04-30,16439.0
AUD-001277,FAC-0036,PARACETAMOL,2023-05-31,15242.0
AUD-001278,FAC-0036,PARACETAMOL,2023-06-30,23549.0
AUD-001279,FAC-0036,PARACETAMOL,2023-07-31,25020.0
AUD-001280,FAC-0036,PARACETAMOL,2023-08-31,24946.0
AUD-001281,FAC-0036,PARACETAMOL,2023-09-30,25439.0
AUD-001282,FAC-0036,PARACETAMOL,2023-10-31,26794.0
AUD-001283,FAC-0036,PARACETAMOL,2023-11-30,29986.0
AUD-001284,FAC-0036,PARACETAMOL,2023-12-31,33622.0
AUD-001285,FAC-0036,RIF_INH,2023-01-31,6.0
AUD-001286,FAC-0036,RIF_INH,2023-02-28,765.0
AUD-001287,FAC-0036,RIF_INH,2023-03-31,2282.0
AUD-001288,FAC-0036,RIF_INH,2023-04-30,2968.0
AUD-001289,FAC-0036,RIF_INH,2023-05-31,3635.0
AUD-001290,FAC-0036,RIF_INH,2023-06-30,3517.0
AUD-001291,FAC-0036,RIF_INH,2023-07-31,5004.0
AUD-001292,FAC-0036,RIF_INH,2023-08-31,5639.0
AUD-001293,FAC-0036,RIF_INH,2023-09-30,5494.0
AUD-001294,FAC-0036,RIF_INH,2023-10-31,6938.0
AUD-001295,FAC-0036,RIF_INH,2023-11-30,8334.0
AUD-001296,FAC-0036,RIF_INH,2023-12-31,8925.0
AUD-001297,FAC-0037,EPINEPHRINE,2023-01-31,9.0
AUD-001298,FAC-0037,EPINEPHRINE,2023-02-28,9.0
AUD-001299,FAC-0037,EPINEPHRINE,2023-03-31,26.0
AUD-001300,FAC-0037,EPINEPHRINE,2023-04-30,33.0
AUD-001301,FAC-0037,EPINEPHRINE,2023-05-31,36.0
AUD-001302,FAC-0037,EPINEPHRINE,2023-06-30,34.0
AUD-001303,FAC-0037,EPINEPHRINE,2023-07-31,57.0
AUD-001304,FAC-0037,EPINEPHRINE,2023-08-31,64.0
AUD-001305,FAC-0037,EPINEPHRINE,2023-09-30,59.0
AUD-001306,FAC-0037,EPINEPHRINE,2023-10-31,67.0
AUD-001307,FAC-0037,EPINEPHRINE,2023-11-30,67.0
AUD-001308,FAC-0037,EPINEPHRINE,2023-12-31,83.0
AUD-001309,FAC-0037,PARACETAMOL,2023-01-31,4089.0
AUD-001310,FAC-0037,PARACETAMOL,2023-02-28,8163.0
AUD-001311,FAC-0037,PARACETAMOL,2023-03-31,12089.0
AUD-001312,FAC-0037,PARACETAMOL,2023-04-30,16094.0
AUD-001313,FAC-0037,PARACETAMOL,2023-05-31,14858.0
AUD-001314,FAC-0037,PARACETAMOL,2023-06-30,22737.0
AUD-001315,FAC-0037,PARACETAMOL,2023-07-31,23325.0
AUD-001316,FAC-0037,PARACETAMOL,2023-08-31,22824.0
AUD-001317,FAC-0037,PARACETAMOL,2023-09-30,22168.0
AUD-001318,FAC-0037,PARACETAMOL,2023-10-31,17876.0
AUD-001319,FAC-0037,PARACETAMOL,2023-11-30,30886.0
AUD-001320,FAC-0037,PARACETAMOL,2023-12-31,29732.0
AUD-001321,FAC-0037,RIF_INH,2023-01-31,728.0
AUD-001322,FAC-0037,RIF_INH,2023-02-28,662.0
AUD-001323,FAC-0037,RIF_INH,2023-03-31,2185.0
AUD-001324,FAC-0037,RIF_INH,2023-04-30,2900.0
AUD-001325,FAC-0037,RIF_INH,2023-05-31,3623.0
AUD-001326,FAC-0037,RIF_INH,2023-06-30,4309.0
AUD-001327,FAC-0037,RIF_INH,2023-07-31,5018.0
AUD-001328,FAC-0037,RIF_INH,2023-08-31,5718.0
AUD-001329,FAC-0037,RIF_INH,2023-09-30,6417.0
AUD-001330,FAC-0037,RIF_INH,2023-10-31,7107.0
AUD-001331,FAC-0037,RIF_INH,2023-11-30,8606.0
AUD-001332,FAC-0037,RIF_INH,2023-12-31,8496.0
AUD-001333,FAC-0038,EPINEPHRINE,2023-01-31,34.0
AUD-001334,FAC-0038,EPINEPHRINE,2023-02-28,8.0
AUD-001335,FAC-0038,EPINEPHRINE,2023-03-31,39.0
AUD-001336,FAC-0038,EPINEPHRINE,2023-04-30,43.0
AUD-001337,FAC-0038,EPINEPHRINE,2023-05-31,48.0
AUD-001338,FAC-0038,EPINEPHRINE,2023-06-30,69.0
AUD-001339,FAC-0038,EPINEPHRINE,2023-07-31,76.0
AUD-001340,FAC-0038,EPINEPHRINE,2023-08-31,53.0
AUD-001341,FAC-0038,EPINEPHRINE,2023-09-30,60.0
AUD-001342,FAC-0038,EPINEPHRINE,2023-10-31,66.0
AUD-001343,FAC-0038,EPINEPHRINE,2023-11-30,78.0
AUD-001344,FAC-0038,EPINEPHRINE,2023-12-31,77.0
AUD-001345,FAC-0038,PARACETAMOL,2023-01-31,0.0
AUD-001346,FAC-0038,PARACETAMOL,2023-02-28,9317.0
AUD-001347,FAC-0038,PARACETAMOL,2023-03-31,13109.0
AUD-001348,FAC-0038,PARACETAMOL,2023-04-30,11639.0
AUD-001349,FAC-0038,PARACETAMOL,2023-05-31,19996.0
AUD-001350,FAC-0038,PARACETAMOL,2023-06-30,22262.0
AUD-001351,FAC-0038,PARACETAMOL,2023-07-31,22680.0
AUD-001352,FAC-0038,PARACETAMOL,2023-08-31,21598.0
AUD-001353,FAC-0038,PARACETAMOL,2023-09-30,20834.0
AUD-001354,FAC-0038,PARACETAMOL,2023-10-31,21552.0
AUD-001355,FAC-0038,PARACETAMOL,2023-11-30,19076.0
AUD-001356,FAC-0038,PARACETAMOL,2023-12-31,27155.0
AUD-001357,FAC-0038,RIF_INH,2023-01-31,17.0
AUD-001358,FAC-0038,RIF_INH,2023-02-28,1494.0
AUD-001359,FAC-0038,RIF_INH,2023-03-31,2153.0
AUD-001360,FAC-0038,RIF_INH,2023-04-30,2806.0
AUD-001361,FAC-0038,RIF_INH,2023-05-31,2673.0
AUD-001362,FAC-0038,RIF_INH,2023-06-30,3291.0
AUD-001363,FAC-0038,RIF_INH,2023-07-31,4698.0
AUD-001364,FAC-0038,RIF_INH,2023-08-31,5199.0
AUD-001365,FAC-0038,RIF_INH,2023-09-30,4919.0
AUD-001366,FAC-0038,RIF_INH,2023-10-31,6187.0
AUD-001367,FAC-0038,RIF_INH,2023-11-30,7415.0
AUD-001368,FAC-0038,RIF_INH,2023-12-31,7022.0
AUD-001369,FAC-0039,EPINEPHRINE,2023-01-31,5.0
AUD-001370,FAC-0039,EPINEPHRINE,2023-02-28,20.0
AUD-001371,FAC-0039,EPINEPHRINE,2023-03-31,31.0
AUD-001372,FAC-0039,EPINEPHRINE,2023-04-30,40.0
AUD-001373,FAC-0039,EPINEPHRINE,2023-05-31,48.0
AUD-001374,FAC-0039,EPINEPHRINE,2023-06-30,37.0
AUD-001375,FAC-0039,EPINEPHRINE,2023-07-31,50.0
AUD-001376,FAC-0039,EPINEPHRINE,2023-08-31,65.0
AUD-001377,FAC-0039,EPINEPHRINE,2023-09-30,55.0
AUD-001378,FAC-0039,EPINEPHRINE,2023-10-31,58.0
AUD-001379,FAC-0039,EPINEPHRINE,2023-11-30,82.0
AUD-001380,FAC-0039,EPINEPHRINE,2023-12-31,78.0
AUD-001381,FAC-0039,PARACETAMOL,2023-01-31,27.0
AUD-001382,FAC-0039,PARACETAMOL,2023-02-28,9355.0
AUD-001383,FAC-0039,PARACETAMOL,2023-03-31,8065.0
AUD-001384,FAC-0039,PARACETAMOL,2023-04-30,6844.0
AUD-001385,FAC-0039,PARACETAMOL,2023-05-31,15295.0
AUD-001386,FAC-0039,PARACETAMOL,2023-06-30,17946.0
AUD-001387,FAC-0039,PARACETAMOL,2023-07-31,18138.0
AUD-001388,FAC-0039,PARACETAMOL,2023-08-31,22172.0
AUD-001389,FAC-0039,PARACETAMOL,2023-09-30,21348.0
AUD-001390,FAC-0039,PARACETAMOL,2023-10-31,21597.0
AUD-001391,FAC-0039,PARACETAMOL,2023-11-30,23873.0
AUD-001392,FAC-0039,PARACETAMOL,2023-12-31,26677.0
AUD-001393,FAC-0039,RIF_INH,2023-01-31,1587.0
AUD-001394,FAC-0039,RIF_INH,2023-02-28,1489.0
AUD-001395,FAC-0039,RIF_INH,2023-03-31,2138.0
AUD-001396,FAC-0039,RIF_INH,2023-04-30,2815.0
AUD-001397,FAC-0039,RIF_INH,2023-05-31,3388.0
AUD-001398,FAC-0039,RIF_INH,2023-06-30,3996.0
AUD-001399,FAC-0039,RIF_INH,2023-07-31,4557.0
AUD-001400,FAC-0039,RIF_INH,2023-08-31,5062.0
AUD-001401,FAC-0039,RIF_INH,2023-09-30,5555.0
AUD-001402,FAC-0039,RIF_INH,2023-10-31,6030.0
AUD-001403,FAC-0039,RIF_INH,2023-11-30,6513.0
AUD-001404,FAC-0039,RIF_INH,2023-12-31,6958.0
AUD-001405,FAC-0040,EPINEPHRINE,2023-01-31,8.0
AUD-001406,FAC-0040,EPINEPHRINE,2023-02-28,10.0
AUD-001407,FAC-0040,EPINEPHRINE,2023-03-31,17.0
AUD-001408,FAC-0040,EPINEPHRINE,2023-04-30,19.0
AUD-001409,FAC-0040,EPINEPHRINE,2023-05-31,15.0
AUD-001410,FAC-0040,EPINEPHRINE,2023-06-30,29.0
AUD-001411,FAC-0040,EPINEPHRINE,2023-07-31,34.0
AUD-001412,FAC-0040,EPINEPHRINE,2023-08-31,40.0
AUD-001413,FAC-0040,EPINEPHRINE,2023-09-30,40.0
AUD-001414,FAC-0040,EPINEPHRINE,2023-10-31,41.0
AUD-001415,FAC-0040,EPINEPHRINE,2023-11-30,54.0
AUD-001416,FAC-0040,EPINEPHRINE,2023-12-31,50.0
AUD-001417,FAC-0040,PARACETAMOL,2023-01-31,4021.0
AUD-001418,FAC-0040,PARACETAMOL,2023-02-28,2086.0
AUD-001419,FAC-0040,PARACETAMOL,2023-03-31,9770.0
AUD-001420,FAC-0040,PARACETAMOL,2023-04-30,12404.0
AUD-001421,FAC-0040,PARACETAMOL,2023-05-31,14874.0
AUD-001422,FAC-0040,PARACETAMOL,2023-06-30,15994.0
AUD-001423,FAC-0040,PARACETAMOL,2023-07-31,14696.0
AUD-001424,FAC-0040,PARACETAMOL,2023-08-31,11651.0
AUD-001425,FAC-0040,PARACETAMOL,2023-09-30,9065.0
AUD-001426,FAC-0040,PARACETAMOL,2023-10-31,13321.0
AUD-001427,FAC-0040,PARACETAMOL,2023-11-30,9842.0
AUD-001428,FAC-0040,PARACETAMOL,2023-12-31,17179.0
AUD-001429,FAC-0040,RIF_INH,2023-01-31,660.0
AUD-001430,FAC-0040,RIF_INH,2023-02-28,540.0
AUD-001431,FAC-0040,RIF_INH,2023-03-31,1974.0
AUD-001432,FAC-0040,RIF_INH,2023-04-30,2564.0
AUD-001433,FAC-0040,RIF_INH,2023-05-31,3122.0
AUD-001434,FAC-0040,RIF_INH,2023-06-30,3702.0
AUD-001435,FAC-0040,RIF_INH,2023-07-31,4232.0
AUD-001436,FAC-0040,RIF_INH,2023-08-31,4771.0
AUD-001437,FAC-0040,RIF_INH,2023-09-30,5279.0
AUD-001438,FAC-0040,RIF_INH,2023-10-31,5796.0
AUD-001439,FAC-0040,RIF_INH,2023-11-30,6288.0
AUD-001440,FAC-0040,RIF_INH,2023-12-31,6715.0
AUD-001441,FAC-0041,EPINEPHRINE,2023-01-31,16.0
AUD-001442,FAC-0041,EPINEPHRINE,2023-02-28,12.0
AUD-001443,FAC-0041,EPINEPHRINE,2023-03-31,16.0
AUD-001444,FAC-0041,EPINEPHRINE,2023-04-30,25.0
AUD-001445,FAC-0041,EPINEPHRINE,2023-05-31,36.0
AUD-001446,FAC-0041,EPINEPHRINE,2023-06-30,43.0
AUD-001447,FAC-0041,EPINEPHRINE,2023-07-31,57.0
AUD-001448,FAC-0041,EPINEPHRINE,2023-08-31,60.0
AUD-001449,FAC-0041,EPINEPHRINE,2023-09-30,60.0
AUD-001450,FAC-0041,EPINEPHRINE,2023-10-31,66.0
AUD-001451,FAC-0041,EPINEPHRINE,2023-11-30,75.0
AUD-001452,FAC-0041,EPINEPHRINE,2023-12-31,69.0
AUD-001453,FAC-0041,PARACETAMOL,2023-01-31,4622.0
AUD-001454,FAC-0041,PARACETAMOL,2023-02-28,8832.0
AUD-001455,FAC-0041,PARACETAMOL,2023-03-31,12785.0
AUD-001456,FAC-0041,PARACETAMOL,2023-04-30,16665.0
AUD-001457,FAC-0041,PARACETAMOL,2023-05-31,20346.0
AUD-001458,FAC-0041,PARACETAMOL,2023-06-30,23263.0
AUD-001459,FAC-0041,PARACETAMOL,2023-07-31,24562.0
AUD-001460,FAC-0041,PARACETAMOL,2023-08-31,24482.0
AUD-001461,FAC-0041,PARACETAMOL,2023-09-30,24741.0
AUD-001462,FAC-0041,PARACETAMOL,2023-10-31,26102.0
AUD-001463,FAC-0041,PARACETAMOL,2023-11-30,29184.0
AUD-001464,FAC-0041,PARACETAMOL,2023-12-31,32632.0
AUD-001465,FAC-0041,RIF_INH,2023-01-31,787.0
AUD-001466,FAC-0041,RIF_INH,2023-02-28,1519.0
AUD-001467,FAC-0041,RIF_INH,2023-03-31,2230.0
AUD-001468,FAC-0041,RIF_INH,2023-04-30,2931.0
AUD-001469,FAC-0041,RIF_INH,2023-05-31,3607.0
AUD-001470,FAC-0041,RIF_INH,2023-06-30,4275.0
AUD-001471,FAC-0041,RIF_INH,2023-07-31,4929.0
AUD-001472,FAC-0041,RIF_INH,2023-08-31,5572.0
AUD-001473,FAC-0041,RIF_INH,2023-09-30,6195.0
AUD-001474,FAC-0041,RIF_INH,2023-10-31,6825.0
AUD-001475,FAC-0041,RIF_INH,2023-11-30,7428.0
AUD-001476,FAC-0041,RIF_INH,2023-12-31,7998.0
AUD-001477,FAC-0042,EPINEPHRINE,2023-01-31,9.0
AUD-001478,FAC-0042,EPINEPHRINE,2023-02-28,2.0
AUD-001479,FAC-0042,EPINEPHRINE,2023-03-31,5.0
AUD-001480,FAC-0042,EPINEPHRINE,2023-04-30,17.0
AUD-001481,FAC-0042,EPINEPHRINE,2023-05-31,18.0
AUD-001482,FAC-0042,EPINEPHRINE,2023-06-30,10.0
AUD-001483,FAC-0042,EPINEPHRINE,2023-07-31,0.0
AUD-001484,FAC-0042,EPINEPHRINE,2023-08-31,16.0
AUD-001485,FAC-0042,EPINEPHRINE,2023-09-30,20.0
AUD-001486,FAC-0042,EPINEPHRINE,2023-10-31,2.0
AUD-001487,FAC-0042,EPINEPHRINE,2023-11-30,2.0
AUD-001488,FAC-0042,EPINEPHRINE,2023-12-31,3.0
AUD-001489,FAC-0042,PARACETAMOL,2023-01-31,4829.0
AUD-001490,FAC-0042,PARACETAMOL,2023-02-28,4.0
AUD-001491,FAC-0042,PARACETAMOL,2023-03-31,764.0
AUD-001492,FAC-0042,PARACETAMOL,2023-04-30,520.0
AUD-001493,FAC-0042,PARACETAMOL,2023-05-31,283.0
AUD-001494,FAC-0042,PARACETAMOL,2023-06-30,4669.0
AUD-001495,FAC-0042,PARACETAMOL,2023-07-31,4024.0
AUD-001496,FAC-0042,PARACETAMOL,2023-08-31,0.0
AUD-001497,FAC-0042,PARACETAMOL,2023-09-30,1.0
AUD-001498,FAC-0042,PARACETAMOL,2023-10-31,4.0
AUD-001499,FAC-0042,PARACETAMOL,2023-11-30,5.0
AUD-001500,FAC-0042,PARACETAMOL,2023-12-31,6667.0
AUD-001501,FAC-0042,RIF_INH,2023-01-31,518.0
AUD-001502,FAC-0042,RIF_INH,2023-02-28,957.0
AUD-001503,FAC-0042,RIF_INH,2023-03-31,1366.0
AUD-001504,FAC-0042,RIF_INH,2023-04-30,1787.0
AUD-001505,FAC-0042,RIF_INH,2023-05-31,2226.0
AUD-001506,FAC-0042,RIF_INH,2023-06-30,2646.0
AUD-001507,FAC-0042,RIF_INH,2023-07-31,3833.0
AUD-001508,FAC-0042,RIF_INH,2023-08-31,3446.0
AUD-001509,FAC-0042,RIF_INH,2023-09-30,3872.0
AUD-001510,FAC-0042,RIF_INH,2023-10-31,5051.0
AUD-001511,FAC-0042,RIF_INH,2023-11-30,5449.0
AUD-001512,FAC-0042,RIF_INH,2023-12-31,5815.0
AUD-001513,FAC-0043,EPINEPHRINE,2023-01-31,16.0
AUD-001514,FAC-0043,EPINEPHRINE,2023-02-28,5.0
AUD-001515,FAC-0043,EPINEPHRINE,2023-03-31,7.0
AUD-001516,FAC-0043,EPINEPHRINE,2023-04-30,10.0
AUD-001517,FAC-0043,EPINEPHRINE,2023-05-31,10.0
AUD-001518,FAC-0043,EPINEPHRINE,2023-06-30,9.0
AUD-001519,FAC-0043,EPINEPHRINE,2023-07-31,2.0
AUD-001520,FAC-0043,EPINEPHRINE,2023-08-31,4.0
AUD-001521,FAC-0043,EPINEPHRINE,2023-09-30,10.0
AUD-001522,FAC-0043,EPINEPHRINE,2023-10-31,18.0
AUD-001523,FAC-0043,EPINEPHRINE,2023-11-30,17.0
AUD-001524,FAC-0043,EPINEPHRINE,2023-12-31,2.0
AUD-001525,FAC-0043,PARACETAMOL,2023-01-31,3258.0
AUD-001526,FAC-0043,PARACETAMOL,2023-02-28,4874.0
AUD-001527,FAC-0043,PARACETAMOL,2023-03-31,6528.0
AUD-001528,FAC-0043,PARACETAMOL,2023-04-30,8130.0
AUD-001529,FAC-0043,PARACETAMOL,2023-05-31,9397.0
AUD-001530,FAC-0043,PARACETAMOL,2023-06-30,13640.0
AUD-001531,FAC-0043,PARACETAMOL,2023-07-31,4264.0
AUD-001532,FAC-0043,PARACETAMOL,2023-08-31,5.0
AUD-001533,FAC-0043,PARACETAMOL,2023-09-30,2452.0
AUD-001534,FAC-0043,PARACETAMOL,2023-10-31,9.0
AUD-001535,FAC-0043,PARACETAMOL,2023-11-30,5056.0
AUD-001536,FAC-0043,PARACETAMOL,2023-12-31,6681.0
AUD-001537,FAC-0043,RIF_INH,2023-01-31,613.0
AUD-001538,FAC-0043,RIF_INH,2023-02-28,1195.0
AUD-001539,FAC-0043,RIF_INH,2023-03-31,1719.0
AUD-001540,FAC-0043,RIF_INH,2023-04-30,2272.0
AUD-001541,FAC-0043,RIF_INH,2023-05-31,2808.0
AUD-001542,FAC-0043,RIF_INH,2023-06-30,4161.0
AUD-001543,FAC-0043,RIF_INH,2023-07-31,3879.0
AUD-001544,FAC-0043,RIF_INH,2023-08-31,4356.0
AUD-001545,FAC-0043,RIF_INH,2023-09-30,5654.0
AUD-001546,FAC-0043,RIF_INH,2023-10-31,6108.0
AUD-001547,FAC-0043,RIF_INH,2023-11-30,6601.0
AUD-001548,FAC-0043,RIF_INH,2023-12-31,7049.0
AUD-001549,FAC-0044,EPINEPHRINE,2023-01-31,16.0
AUD-001550,FAC-0044,EPINEPHRINE,2023-02-28,19.0
AUD-001551,FAC-0044,EPINEPHRINE,2023-03-31,28.0
AUD-001552,FAC-0044,EPINEPHRINE,2023-04-30,34.0
AUD-001553,FAC-0044,EPINEPHRINE,2023-05-31,31.0
AUD-001554,FAC-0044,EPINEPHRINE,2023-06-30,39.0
AUD-001555,FAC-0044,EPINEPHRINE,2023-07-31,39.0
AUD-001556,FAC-0044,EPINEPHRINE,2023-08-31,50.0
AUD-001557,FAC-0044,EPINEPHRINE,2023-09-30,60.0
AUD-001558,FAC-0044,EPINEPHRINE,2023-10-31,73.0
AUD-001559,FAC-0044,EPINEPHRINE,2023-11-30,65.0
AUD-001560,FAC-0044,EPINEPHRINE,2023-12-31,83.0
AUD-001561,FAC-0044,PARACETAMOL,2023-01-31,4165.0
AUD-001562,FAC-0044,PARACETAMOL,2023-02-28,8259.0
AUD-001563,FAC-0044,PARACETAMOL,2023-03-31,12195.0
AUD-001564,FAC-0044,PARACETAMOL,2023-04-30,11104.0
AUD-001565,FAC-0044,PARACETAMOL,2023-05-31,15048.0
AUD-001566,FAC-0044,PARACETAMOL,2023-06-30,23214.0
AUD-001567,FAC-0044,PARACETAMOL,2023-07-31,24311.0
AUD-001568,FAC-0044,PARACETAMOL,2023-08-31,23869.0
AUD-001569,FAC-0044,PARACETAMOL,2023-09-30,23937.0
AUD-001570,FAC-0044,PARACETAMOL,2023-10-31,25058.0
AUD-001571,FAC-0044,PARACETAMOL,2023-11-30,33093.0
AUD-001572,FAC-0044,PARACETAMOL,2023-12-31,31640.0
AUD-001573,FAC-0044,RIF_INH,2023-01-31,2.0
AUD-001574,FAC-0044,RIF_INH,2023-02-28,1563.0
AUD-001575,FAC-0044,RIF_INH,2023-03-31,2271.0
AUD-001576,FAC-0044,RIF_INH,2023-04-30,2970.0
AUD-001577,FAC-0044,RIF_INH,2023-05-31,2855.0
AUD-001578,FAC-0044,RIF_INH,2023-06-30,3545.0
AUD-001579,FAC-0044,RIF_INH,2023-07-31,5037.0
AUD-001580,FAC-0044,RIF_INH,2023-08-31,5680.0
AUD-001581,FAC-0044,RIF_INH,2023-09-30,6354.0
AUD-001582,FAC-0044,RIF_INH,2023-10-31,7802.0
AUD-001583,FAC-0044,RIF_INH,2023-11-30,7621.0
AUD-001584,FAC-0044,RIF_INH,2023-12-31,9039.0
AUD-001585,FAC-0045,EPINEPHRINE,2023-01-31,9.0
AUD-001586,FAC-0045,EPINEPHRINE,2023-02-28,5.0
AUD-001587,FAC-0045,EPINEPHRINE,2023-03-31,8.0
AUD-001588,FAC-0045,EPINEPHRINE,2023-04-30,7.0
AUD-001589,FAC-0045,EPINEPHRINE,2023-05-31,9.0
AUD-001590,FAC-0045,EPINEPHRINE,2023-06-30,1.0
AUD-001591,FAC-0045,EPINEPHRINE,2023-07-31,9.0
AUD-001592,FAC-0045,EPINEPHRINE,2023-08-31,5.0
AUD-001593,FAC-0045,EPINEPHRINE,2023-09-30,6.0
AUD-001594,FAC-0045,EPINEPHRINE,2023-10-31,10.0
AUD-001595,FAC-0045,EPINEPHRINE,2023-11-30,14.0
AUD-001596,FAC-0045,EPINEPHRINE,2023-12-31,18.0
AUD-001597,FAC-0045,PARACETAMOL,2023-01-31,2043.0
AUD-001598,FAC-0045,PARACETAMOL,2023-02-28,3740.0
AUD-001599,FAC-0045,PARACETAMOL,2023-03-31,5041.0
AUD-001600,FAC-0045,PARACETAMOL,2023-04-30,6629.0
AUD-001601,FAC-0045,PARACETAMOL,2023-05-31,7996.0
AUD-001602,FAC-0045,PARACETAMOL,2023-06-30,7185.0
AUD-001603,FAC-0045,PARACETAMOL,2023-07-31,1992.0
AUD-001604,FAC-0045,PARACETAMOL,2023-08-31,6.0
AUD-001605,FAC-0045,PARACETAMOL,2023-09-30,0.0
AUD-001606,FAC-0045,PARACETAMOL,2023-10-31,4643.0
AUD-001607,FAC-0045,PARACETAMOL,2023-11-30,4915.0
AUD-001608,FAC-0045,PARACETAMOL,2023-12-31,1396.0
AUD-001609,FAC-0045,RIF_INH,2023-01-31,562.0
AUD-001610,FAC-0045,RIF_INH,2023-02-28,1154.0
AUD-001611,FAC-0045,RIF_INH,2023-03-31,1678.0
AUD-001612,FAC-0045,RIF_INH,2023-04-30,2237.0
AUD-001613,FAC-0045,RIF_INH,2023-05-31,2755.0
AUD-001614,FAC-0045,RIF_INH,2023-06-30,3291.0
AUD-001615,FAC-0045,RIF_INH,2023-07-31,3774.0
AUD-001616,FAC-0045,RIF_INH,2023-08-31,4249.0
AUD-001617,FAC-0045,RIF_INH,2023-09-30,4730.0
AUD-001618,FAC-0045,RIF_INH,2023-10-31,6013.0
AUD-001619,FAC-0045,RIF_INH,2023-11-30,5697.0
AUD-001620,FAC-0045,RIF_INH,2023-12-31,6158.0
AUD-001621,FAC-0046,EPINEPHRINE,2023-01-31,0.0
AUD-001622,FAC-0046,EPINEPHRINE,2023-02-28,4.0
AUD-001623,FAC-0046,EPINEPHRINE,2023-03-31,3.0
AUD-001624,FAC-0046,EPINEPHRINE,2023-04-30,2.0
AUD-001625,FAC-0046,EPINEPHRINE,2023-05-31,3.0
AUD-001626,FAC-0046,EPINEPHRINE,2023-06-30,2.0
AUD-001627,FAC-0046,EPINEPHRINE,2023-07-31,10.0
AUD-001628,FAC-0046,EPINEPHRINE,2023-08-31,9.0
AUD-001629,FAC-0046,EPINEPHRINE,2023-09-30,6.0
AUD-001630,FAC-0046,EPINEPHRINE,2023-10-31,9.0
AUD-001631,FAC-0046,EPINEPHRINE,2023-11-30,11.0
AUD-001632,FAC-0046,EPINEPHRINE,2023-12-31,2.0
AUD-001633,FAC-0046,PARACETAMOL,2023-01-31,1929.0
AUD-001634,FAC-0046,PARACETAMOL,2023-02-28,3612.0
AUD-001635,FAC-0046,PARACETAMOL,2023-03-31,5137.0
AUD-001636,FAC-0046,PARACETAMOL,2023-04-30,6842.0
AUD-001637,FAC-0046,PARACETAMOL,2023-05-31,8260.0
AUD-001638,FAC-0046,PARACETAMOL,2023-06-30,7954.0
AUD-001639,FAC-0046,PARACETAMOL,2023-07-31,8413.0
AUD-001640,FAC-0046,PARACETAMOL,2023-08-31,4570.0
AUD-001641,FAC-0046,PARACETAMOL,2023-09-30,4239.0
AUD-001642,FAC-0046,PARACETAMOL,2023-10-31,2.0
AUD-001643,FAC-0046,PARACETAMOL,2023-11-30,8669.0
AUD-001644,FAC-0046,PARACETAMOL,2023-12-31,10113.0
AUD-001645,FAC-0046,RIF_INH,2023-01-31,582.0
AUD-001646,FAC-0046,RIF_INH,2023-02-28,1176.0
AUD-001647,FAC-0046,RIF_INH,2023-03-31,1728.0
AUD-001648,FAC-0046,RIF_INH,2023-04-30,2305.0
AUD-001649,FAC-0046,RIF_INH,2023-05-31,3620.0
AUD-001650,FAC-0046,RIF_INH,2023-06-30,3363.0
AUD-001651,FAC-0046,RIF_INH,2023-07-31,3893.0
AUD-001652,FAC-0046,RIF_INH,2023-08-31,5226.0
AUD-001653,FAC-0046,RIF_INH,2023-09-30,5765.0
AUD-001654,FAC-0046,RIF_INH,2023-10-31,6295.0
AUD-001655,FAC-0046,RIF_INH,2023-11-30,6827.0
AUD-001656,FAC-0046,RIF_INH,2023-12-31,6546.0
AUD-001657,FAC-0047,EPINEPHRINE,2023-01-31,13.0
AUD-001658,FAC-0047,EPINEPHRINE,2023-02-28,30.0
AUD-001659,FAC-0047,EPINEPHRINE,2023-03-31,16.0
AUD-001660,FAC-0047,EPINEPHRINE,2023-04-30,22.0
AUD-001661,FAC-0047,EPINEPHRINE,2023-05-31,37.0
AUD-001662,FAC-0047,EPINEPHRINE,2023-06-30,46.0
AUD-001663,FAC-0047,EPINEPHRINE,2023-07-31,60.0
AUD-001664,FAC-0047,EPINEPHRINE,2023-08-31,66.0
AUD-001665,FAC-0047,EPINEPHRINE,2023-09-30,66.0
AUD-001666,FAC-0047,EPINEPHRINE,2023-10-31,80.0
AUD-001667,FAC-0047,EPINEPHRINE,2023-11-30,78.0
AUD-001668,FAC-0047,EPINEPHRINE,2023-12-31,87.0
AUD-001669,FAC-0047,PARACETAMOL,2023-01-31,4275.0
AUD-001670,FAC-0047,PARACETAMOL,2023-02-28,3529.0
AUD-001671,FAC-0047,PARACETAMOL,2023-03-31,12601.0
AUD-001672,FAC-0047,PARACETAMOL,2023-04-30,16426.0
AUD-001673,FAC-0047,PARACETAMOL,2023-05-31,20159.0
AUD-001674,FAC-0047,PARACETAMOL,2023-06-30,23267.0
AUD-001675,FAC-0047,PARACETAMOL,2023-07-31,24429.0
AUD-001676,FAC-0047,PARACETAMOL,2023-08-31,24352.0
AUD-001677,FAC-0047,PARACETAMOL,2023-09-30,24742.0
AUD-001678,FAC-0047,PARACETAMOL,2023-10-31,30903.0
AUD-001679,FAC-0047,PARACETAMOL,2023-11-30,28802.0
AUD-001680,FAC-0047,PARACETAMOL,2023-12-31,27351.0
AUD-001681,FAC-0047,RIF_INH,2023-01-31,754.0
AUD-001682,FAC-0047,RIF_INH,2023-02-28,1477.0
AUD-001683,FAC-0047,RIF_INH,2023-03-31,2186.0
AUD-001684,FAC-0047,RIF_INH,2023-04-30,2875.0
AUD-001685,FAC-0047,RIF_INH,2023-05-31,3546.0
AUD-001686,FAC-0047,RIF_INH,2023-06-30,4221.0
AUD-001687,FAC-0047,RIF_INH,2023-07-31,4849.0
AUD-001688,FAC-0047,RIF_INH,2023-08-31,5466.0
AUD-001689,FAC-0047,RIF_INH,2023-09-30,6079.0
AUD-001690,FAC-0047,RIF_INH,2023-10-31,6649.0
AUD-001691,FAC-0047,RIF_INH,2023-11-30,8025.0
AUD-001692,FAC-0047,RIF_INH,2023-12-31,7765.0
AUD-001693,FAC-0048,EPINEPHRINE,2023-01-31,12.0
AUD-001694,FAC-0048,EPINEPHRINE,2023-02-28,17.0
AUD-001695,FAC-0048,EPINEPHRINE,2023-03-31,29.0
AUD-001696,FAC-0048,EPINEPHRINE,2023-04-30,33.0
AUD-001697,FAC-0048,EPINEPHRINE,2023-05-31,27.0
AUD-001698,FAC-0048,EPINEPHRINE,2023-06-30,22.0
AUD-001699,FAC-0048,EPINEPHRINE,2023-07-31,25.0
AUD-001700,FAC-0048,EPINEPHRINE,2023-08-31,44.0
AUD-001701,FAC-0048,EPINEPHRINE,2023-09-30,55.0
AUD-001702,FAC-0048,EPINEPHRINE,2023-10-31,62.0
AUD-001703,FAC-0048,EPINEPHRINE,2023-11-30,81.0
AUD-001704,FAC-0048,EPINEPHRINE,2023-12-31,81.0
AUD-001705,FAC-0048,PARACETAMOL,2023-01-31,4793.0
AUD-001706,FAC-0048,PARACETAMOL,2023-02-28,8712.0
AUD-001707,FAC-0048,PARACETAMOL,2023-03-31,12487.0
AUD-001708,FAC-0048,PARACETAMOL,2023-04-30,16228.0
AUD-001709,FAC-0048,PARACETAMOL,2023-05-31,24926.0
AUD-001710,FAC-0048,PARACETAMOL,2023-06-30,22554.0
AUD-001711,FAC-0048,PARACETAMOL,2023-07-31,23088.0
AUD-001712,FAC-0048,PARACETAMOL,2023-08-31,27038.0
AUD-001713,FAC-0048,PARACETAMOL,2023-09-30,21226.0
AUD-001714,FAC-0048,PARACETAMOL,2023-10-31,21990.0
AUD-001715,FAC-0048,PARACETAMOL,2023-11-30,24783.0
AUD-001716,FAC-0048,PARACETAMOL,2023-12-31,33272.0
AUD-001717,FAC-0048,RIF_INH,2023-01-31,735.0
AUD-001718,FAC-0048,RIF_INH,2023-02-28,675.0
AUD-001719,FAC-0048,RIF_INH,2023-03-31,2173.0
AUD-001720,FAC-0048,RIF_INH,2023-04-30,2852.0
AUD-001721,FAC-0048,RIF_INH,2023-05-31,3515.0
AUD-001722,FAC-0048,RIF_INH,2023-06-30,4182.0
AUD-001723,FAC-0048,RIF_INH,2023-07-31,4816.0
AUD-001724,FAC-0048,RIF_INH,2023-08-31,5424.0
AUD-001725,FAC-0048,RIF_INH,2023-09-30,6014.0
AUD-001726,FAC-0048,RIF_INH,2023-10-31,7407.0
AUD-001727,FAC-0048,RIF_INH,2023-11-30,8004.0
AUD-001728,FAC-0048,RIF_INH,2023-12-31,7814.0
AUD-001729,FAC-0049,EPINEPHRINE,2023-01-31,6.0
AUD-001730,FAC-0049,EPINEPHRINE,2023-02-28,6.0
AUD-001731,FAC-0049,EPINEPHRINE,2023-03-31,3.0
AUD-001732,FAC-0049,EPINEPHRINE,2023-04-30,7.0
AUD-001733,FAC-0049,EPINEPHRINE,2023-05-31,19.0
AUD-001734,FAC-0049,EPINEPHRINE,2023-06-30,22.0
AUD-001735,FAC-0049,EPINEPHRINE,2023-07-31,7.0
AUD-001736,FAC-0049,EPINEPHRINE,2023-08-31,25.0
AUD-001737,FAC-0049,EPINEPHRINE,2023-09-30,7.0
AUD-001738,FAC-0049,EPINEPHRINE,2023-10-31,6.0
AUD-001739,FAC-0049,EPINEPHRINE,2023-11-30,9.0
AUD-001740,FAC-0049,EPINEPHRINE,2023-12-31,17.0
AUD-001741,FAC-0049,PARACETAMOL,2023-01-31,1750.0
AUD-001742,FAC-0049,PARACETAMOL,2023-02-28,2847.0
AUD-001743,FAC-0049,PARACETAMOL,2023-03-31,3702.0
AUD-001744,FAC-0049,PARACETAMOL,2023-04-30,4679.0
AUD-001745,FAC-0049,PARACETAMOL,2023-05-31,10303.0
AUD-001746,FAC-0049,PARACETAMOL,2023-06-30,3852.0
AUD-001747,FAC-0049,PARACETAMOL,2023-07-31,4238.0
AUD-001748,FAC-0049,PARACETAMOL,2023-08-31,0.0
AUD-001749,FAC-0049,PARACETAMOL,2023-09-30,9.0
AUD-001750,FAC-0049,PARACETAMOL,2023-10-31,3827.0
AUD-001751,FAC-0049,PARACETAMOL,2023-11-30,3155.0
AUD-001752,FAC-0049,PARACETAMOL,2023-12-31,4012.0
AUD-001753,FAC-0049,RIF_INH,2023-01-31,779.0
AUD-001754,FAC-0049,RIF_INH,2023-02-28,534.0
AUD-001755,FAC-0049,RIF_INH,2023-03-31,1868.0
AUD-001756,FAC-0049,RIF_INH,2023-04-30,2368.0
AUD-001757,FAC-0049,RIF_INH,2023-05-31,2846.0
AUD-001758,FAC-0049,RIF_INH,2023-06-30,3342.0
AUD-001759,FAC-0049,RIF_INH,2023-07-31,2994.0
AUD-001760,FAC-0049,RIF_INH,2023-08-31,5034.0
AUD-001761,FAC-0049,RIF_INH,2023-09-30,4656.0
AUD-001762,FAC-0049,RIF_INH,2023-10-31,5076.0
AUD-001763,FAC-0049,RIF_INH,2023-11-30,6294.0
AUD-001764,FAC-0049,RIF_INH,2023-12-31,5886.0
AUD-001765,FAC-0050,EPINEPHRINE,2023-01-31,12.0
AUD-001766,FAC-0050,EPINEPHRINE,2023-02-28,21.0
AUD-001767,FAC-0050,EPINEPHRINE,2023-03-31,28.0
AUD-001768,FAC-0050,EPINEPHRINE,2023-04-30,29.0
AUD-001769,FAC-0050,EPINEPHRINE,2023-05-31,46.0
AUD-001770,FAC-0050,EPINEPHRINE,2023-06-30,50.0
AUD-001771,FAC-0050,EPINEPHRINE,2023-07-31,59.0
AUD-001772,FAC-0050,EPINEPHRINE,2023-08-31,73.0
AUD-001773,FAC-0050,EPINEPHRINE,2023-09-30,76.0
AUD-001774,FAC-0050,EPINEPHRINE,2023-10-31,99.0
AUD-001775,FAC-0050,EPINEPHRINE,2023-11-30,82.0
AUD-001776,FAC-0050,EPINEPHRINE,2023-12-31,88.0
AUD-001777,FAC-0050,PARACETAMOL,2023-01-31,4355.0
AUD-001778,FAC-0050,PARACETAMOL,2023-02-28,8603.0
AUD-001779,FAC-0050,PARACETAMOL,2023-03-31,12745.0
AUD-001780,FAC-0050,PARACETAMOL,2023-04-30,16665.0
AUD-001781,FAC-0050,PARACETAMOL,2023-05-31,15605.0
AUD-001782,FAC-0050,PARACETAMOL,2023-06-30,23905.0
AUD-001783,FAC-0050,PARACETAMOL,2023-07-31,25312.0
AUD-001784,FAC-0050,PARACETAMOL,2023-08-31,25695.0
AUD-001785,FAC-0050,PARACETAMOL,2023-09-30,26458.0
AUD-001786,FAC-0050,PARACETAMOL,2023-10-31,33452.0
AUD-001787,FAC-0050,PARACETAMOL,2023-11-30,31703.0
AUD-001788,FAC-0050,PARACETAMOL,2023-12-31,35518.0
AUD-001789,FAC-0050,RIF_INH,2023-01-31,748.0
AUD-001790,FAC-0050,RIF_INH,2023-02-28,1492.0
AUD-001791,FAC-0050,RIF_INH,2023-03-31,2221.0
AUD-001792,FAC-0050,RIF_INH,2023-04-30,2930.0
AUD-001793,FAC-0050,RIF_INH,2023-05-31,3634.0
AUD-001794,FAC-0050,RIF_INH,2023-06-30,4328.0
AUD-001795,FAC-0050,RIF_INH,2023-07-31,4997.0
AUD-001796,FAC-0050,RIF_INH,2023-08-31,6471.0
AUD-001797,FAC-0050,RIF_INH,2023-09-30,6334.0
AUD-001798,FAC-0050,RIF_INH,2023-10-31,6977.0
AUD-001799,FAC-0050,RIF_INH,2023-11-30,7629.0
AUD-001800,FAC-0050,RIF_INH,2023-12-31,8262.0
AUD-001801,FAC-0051,EPINEPHRINE,2023-01-31,8.0
AUD-001802,FAC-0051,EPINEPHRINE,2023-02-28,17.0
AUD-001803,FAC-0051,EPINEPHRINE,2023-03-31,23.0
AUD-001804,FAC-0051,EPINEPHRINE,2023-04-30,32.0
AUD-001805,FAC-0051,EPINEPHRINE,2023-05-31,52.0
AUD-001806,FAC-0051,EPINEPHRINE,2023-06-30,44.0
AUD-001807,FAC-0051,EPINEPHRINE,2023-07-31,56.0
AUD-001808,FAC-0051,EPINEPHRINE,2023-08-31,66.0
AUD-001809,FAC-0051,EPINEPHRINE,2023-09-30,69.0
AUD-001810,FAC-0051,EPINEPHRINE,2023-10-31,78.0
AUD-001811,FAC-0051,EPINEPHRINE,2023-11-30,91.0
AUD-001812,FAC-0051,EPINEPHRINE,2023-12-31,104.0
AUD-001813,FAC-0051,PARACETAMOL,2023-01-31,4472.0
AUD-001814,FAC-0051,PARACETAMOL,2023-02-28,8835.0
AUD-001815,FAC-0051,PARACETAMOL,2023-03-31,13073.0
AUD-001816,FAC-0051,PARACETAMOL,2023-04-30,17339.0
AUD-001817,FAC-0051,PARACETAMOL,2023-05-31,21493.0
AUD-001818,FAC-0051,PARACETAMOL,2023-06-30,25143.0
AUD-001819,FAC-0051,PARACETAMOL,2023-07-31,27299.0
AUD-001820,FAC-0051,PARACETAMOL,2023-08-31,33621.0
AUD-001821,FAC-0051,PARACETAMOL,2023-09-30,30042.0
AUD-001822,FAC-0051,PARACETAMOL,2023-10-31,32533.0
AUD-001823,FAC-0051,PARACETAMOL,2023-11-30,41168.0
AUD-001824,FAC-0051,PARACETAMOL,2023-12-31,40225.0
AUD-001825,FAC-0051,RIF_INH,2023-01-31,766.0
AUD-001826,FAC-0051,RIF_INH,2023-02-28,1510.0
AUD-001827,FAC-0051,RIF_INH,2023-03-31,2255.0
AUD-001828,FAC-0051,RIF_INH,2023-04-30,2982.0
AUD-001829,FAC-0051,RIF_INH,2023-05-31,4505.0
AUD-001830,FAC-0051,RIF_INH,2023-06-30,4436.0
AUD-001831,FAC-0051,RIF_INH,2023-07-31,5170.0
AUD-001832,FAC-0051,RIF_INH,2023-08-31,6689.0
AUD-001833,FAC-0051,RIF_INH,2023-09-30,7401.0
AUD-001834,FAC-0051,RIF_INH,2023-10-31,7288.0
AUD-001835,FAC-0051,RIF_INH,2023-11-30,7980.0
AUD-001836,FAC-0051,RIF_INH,2023-12-31,8678.0
AUD-001837,FAC-0052,EPINEPHRINE,2023-01-31,8.0
AUD-001838,FAC-0052,EPINEPHRINE,2023-02-28,10.0
AUD-001839,FAC-0052,EPINEPHRINE,2023-03-31,25.0
AUD-001840,FAC-0052,EPINEPHRINE,2023-04-30,30.0
AUD-001841,FAC-0052,EPINEPHRINE,2023-05-31,39.0
AUD-001842,FAC-0052,EPINEPHRINE,2023-06-30,42.0
AUD-001843,FAC-0052,EPINEPHRINE,2023-07-31,50.0
AUD-001844,FAC-0052,EPINEPHRINE,2023-08-31,69.0
AUD-001845,FAC-0052,EPINEPHRINE,2023-09-30,74.0
AUD-001846,FAC-0052,EPINEPHRINE,2023-10-31,73.0
AUD-001847,FAC-0052,EPINEPHRINE,2023-11-30,87.0
AUD-001848,FAC-0052,EPINEPHRINE,2023-12-31,94.0
AUD-001849,FAC-0052,PARACETAMOL,2023-01-31,4221.0
AUD-001850,FAC-0052,PARACETAMOL,2023-02-28,8530.0
AUD-001851,FAC-0052,PARACETAMOL,2023-03-31,12698.0
AUD-001852,FAC-0052,PARACETAMOL,2023-04-30,16937.0
AUD-001853,FAC-0052,PARACETAMOL,2023-05-31,21112.0
AUD-001854,FAC-0052,PARACETAMOL,2023-06-30,24537.0
AUD-001855,FAC-0052,PARACETAMOL,2023-07-31,26477.0
AUD-001856,FAC-0052,PARACETAMOL,2023-08-31,27453.0
AUD-001857,FAC-0052,PARACETAMOL,2023-09-30,28405.0
AUD-001858,FAC-0052,PARACETAMOL,2023-10-31,30374.0
AUD-001859,FAC-0052,PARACETAMOL,2023-11-30,34171.0
AUD-001860,FAC-0052,PARACETAMOL,2023-12-31,38295.0
AUD-001861,FAC-0052,RIF_INH,2023-01-31,751.0
AUD-001862,FAC-0052,RIF_INH,2023-02-28,1502.0
AUD-001863,FAC-0052,RIF_INH,2023-03-31,2230.0
AUD-001864,FAC-0052,RIF_INH,2023-04-30,2169.0
AUD-001865,FAC-0052,RIF_INH,2023-05-31,3712.0
AUD-001866,FAC-0052,RIF_INH,2023-06-30,4451.0
AUD-001867,FAC-0052,RIF_INH,2023-07-31,5977.0
AUD-001868,FAC-0052,RIF_INH,2023-08-31,5909.0
AUD-001869,FAC-0052,RIF_INH,2023-09-30,6633.0
AUD-001870,FAC-0052,RIF_INH,2023-10-31,7382.0
AUD-001871,FAC-0052,RIF_INH,2023-11-30,8104.0
AUD-001872,FAC-0052,RIF_INH,2023-12-31,8825.0
AUD-001873,FAC-0053,EPINEPHRINE,2023-01-31,11.0
AUD-001874,FAC-0053,EPINEPHRINE,2023-02-28,0.0
AUD-001875,FAC-0053,EPINEPHRINE,2023-03-31,2.0
AUD-001876,FAC-0053,EPINEPHRINE,2023-04-30,6.0
AUD-001877,FAC-0053,EPINEPHRINE,2023-05-31,5.0
AUD-001878,FAC-0053,EPINEPHRINE,2023-06-30,3.0
AUD-001879,FAC-0053,EPINEPHRINE,2023-07-31,2.0
AUD-001880,FAC-0053,EPINEPHRINE,2023-08-31,4.0
AUD-001881,FAC-0053,EPINEPHRINE,2023-09-30,2.0
AUD-001882,FAC-0053,EPINEPHRINE,2023-10-31,6.0
AUD-001883,FAC-0053,EPINEPHRINE,2023-11-30,7.0
AUD-001884,FAC-0053,EPINEPHRINE,2023-12-31,3.0
AUD-001885,FAC-0053,PARACETAMOL,2023-01-31,6651.0
AUD-001886,FAC-0053,PARACETAMOL,2023-02-28,1975.0
AUD-001887,FAC-0053,PARACETAMOL,2023-03-31,1954.0
AUD-001888,FAC-0053,PARACETAMOL,2023-04-30,2145.0
AUD-001889,FAC-0053,PARACETAMOL,2023-05-31,3344.0
AUD-001890,FAC-0053,PARACETAMOL,2023-06-30,68.0
AUD-001891,FAC-0053,PARACETAMOL,2023-07-31,5.0
AUD-001892,FAC-0053,PARACETAMOL,2023-08-31,3923.0
AUD-001893,FAC-0053,PARACETAMOL,2023-09-30,6.0
AUD-001894,FAC-0053,PARACETAMOL,2023-10-31,2.0
AUD-001895,FAC-0053,PARACETAMOL,2023-11-30,2.0
AUD-001896,FAC-0053,PARACETAMOL,2023-12-31,4.0
AUD-001897,FAC-0053,RIF_INH,2023-01-31,445.0
AUD-001898,FAC-0053,RIF_INH,2023-02-28,921.0
AUD-001899,FAC-0053,RIF_INH,2023-03-31,1381.0
AUD-001900,FAC-0053,RIF_INH,2023-04-30,1844.0
AUD-001901,FAC-0053,RIF_INH,2023-05-31,2268.0
AUD-001902,FAC-0053,RIF_INH,2023-06-30,2714.0
AUD-001903,FAC-0053,RIF_INH,2023-07-31,3952.0
AUD-001904,FAC-0053,RIF_INH,2023-08-31,3570.0
AUD-001905,FAC-0053,RIF_INH,2023-09-30,4777.0
AUD-001906,FAC-0053,RIF_INH,2023-10-31,5182.0
AUD-001907,FAC-0053,RIF_INH,2023-11-30,4812.0
AUD-001908,FAC-0053,RIF_INH,2023-12-31,5184.0
AUD-001909,FAC-0054,EPINEPHRINE,2023-01-31,2.0
AUD-001910,FAC-0054,EPINEPHRINE,2023-02-28,1.0
AUD-001911,FAC-0054,EPINEPHRINE,2023-03-31,3.0
AUD-001912,FAC-0054,EPINEPHRINE,2023-04-30,0.0
AUD-001913,FAC-0054,EPINEPHRINE,2023-05-31,0.0
AUD-001914,FAC-0054,EPINEPHRINE,2023-06-30,0.0
AUD-001915,FAC-0054,EPINEPHRINE,2023-07-31,0.0
AUD-001916,FAC-0054,EPINEPHRINE,2023-08-31,8.0
AUD-001917,FAC-0054,EPINEPHRINE,2023-09-30,3.0
AUD-001918,FAC-0054,EPINEPHRINE,2023-10-31,5.0
AUD-001919,FAC-0054,EPINEPHRINE,2023-11-30,1.0
AUD-001920,FAC-0054,EPINEPHRINE,2023-12-31,13.0
AUD-001921,FAC-0054,PARACETAMOL,2023-01-31,1556.0
AUD-001922,FAC-0054,PARACETAMOL,2023-02-28,3086.0
AUD-001923,FAC-0054,PARACETAMOL,2023-03-31,4166.0
AUD-001924,FAC-0054,PARACETAMOL,2023-04-30,5270.0
AUD-001925,FAC-0054,PARACETAMOL,2023-05-31,11355.0
AUD-001926,FAC-0054,PARACETAMOL,2023-06-30,5317.0
AUD-001927,FAC-0054,PARACETAMOL,2023-07-31,4665.0
AUD-001928,FAC-0054,PARACETAMOL,2023-08-31,2.0
AUD-001929,FAC-0054,PARACETAMOL,2023-09-30,0.0
AUD-001930,FAC-0054,PARACETAMOL,2023-10-31,0.0
AUD-001931,FAC-0054,PARACETAMOL,2023-11-30,928.0
AUD-001932,FAC-0054,PARACETAMOL,2023-12-31,8275.0
AUD-001933,FAC-0054,RIF_INH,2023-01-31,578.0
AUD-001934,FAC-0054,RIF_INH,2023-02-28,1135.0
AUD-001935,FAC-0054,RIF_INH,2023-03-31,1665.0
AUD-001936,FAC-0054,RIF_INH,2023-04-30,2173.0
AUD-001937,FAC-0054,RIF_INH,2023-05-31,2680.0
AUD-001938,FAC-0054,RIF_INH,2023-06-30,3211.0
AUD-001939,FAC-0054,RIF_INH,2023-07-31,3699.0
AUD-001940,FAC-0054,RIF_INH,2023-08-31,4999.0
AUD-001941,FAC-0054,RIF_INH,2023-09-30,5468.0
AUD-001942,FAC-0054,RIF_INH,2023-10-31,5948.0
AUD-001943,FAC-0054,RIF_INH,2023-11-30,5631.0
AUD-001944,FAC-0054,RIF_INH,2023-12-31,6882.0
AUD-001945,FAC-0055,EPINEPHRINE,2023-01-31,14.0
AUD-001946,FAC-0055,EPINEPHRINE,2023-02-28,1.0
AUD-001947,FAC-0055,EPINEPHRINE,2023-03-31,2.0
AUD-001948,FAC-0055,EPINEPHRINE,2023-04-30,0.0
AUD-001949,FAC-0055,EPINEPHRINE,2023-05-31,6.0
AUD-001950,FAC-0055,EPINEPHRINE,2023-06-30,6.0
AUD-001951,FAC-0055,EPINEPHRINE,2023-07-31,3.0
AUD-001952,FAC-0055,EPINEPHRINE,2023-08-31,2.0
AUD-001953,FAC-0055,EPINEPHRINE,2023-09-30,1.0
AUD-001954,FAC-0055,EPINEPHRINE,2023-10-31,5.0
AUD-001955,FAC-0055,EPINEPHRINE,2023-11-30,8.0
AUD-001956,FAC-0055,EPINEPHRINE,2023-12-31,2.0
AUD-001957,FAC-0055,PARACETAMOL,2023-01-31,6471.0
AUD-001958,FAC-0055,PARACETAMOL,2023-02-28,3387.0
AUD-001959,FAC-0055,PARACETAMOL,2023-03-31,4806.0
AUD-001960,FAC-0055,PARACETAMOL,2023-04-30,6380.0
AUD-001961,FAC-0055,PARACETAMOL,2023-05-31,7767.0
AUD-001962,FAC-0055,PARACETAMOL,2023-06-30,6857.0
AUD-001963,FAC-0055,PARACETAMOL,2023-07-31,1542.0
AUD-001964,FAC-0055,PARACETAMOL,2023-08-31,1.0
AUD-001965,FAC-0055,PARACETAMOL,2023-09-30,4668.0
AUD-001966,FAC-0055,PARACETAMOL,2023-10-31,7.0
AUD-001967,FAC-0055,PARACETAMOL,2023-11-30,1392.0
AUD-001968,FAC-0055,PARACETAMOL,2023-12-31,7963.0
AUD-001969,FAC-0055,RIF_INH,2023-01-31,612.0
AUD-001970,FAC-0055,RIF_INH,2023-02-28,1170.0
AUD-001971,FAC-0055,RIF_INH,2023-03-31,1734.0
AUD-001972,FAC-0055,RIF_INH,2023-04-30,2281.0
AUD-001973,FAC-0055,RIF_INH,2023-05-31,2031.0
AUD-001974,FAC-0055,RIF_INH,2023-06-30,4170.0
AUD-001975,FAC-0055,RIF_INH,2023-07-31,3891.0
AUD-001976,FAC-0055,RIF_INH,2023-08-31,4376.0
AUD-001977,FAC-0055,RIF_INH,2023-09-30,5680.0
AUD-001978,FAC-0055,RIF_INH,2023-10-31,5330.0
AUD-001979,FAC-0055,RIF_INH,2023-11-30,6614.0
AUD-001980,FAC-0055,RIF_INH,2023-12-31,7048.0
AUD-001981,FAC-0056,EPINEPHRINE,2023-01-31,13.0
AUD-001982,FAC-0056,EPINEPHRINE,2023-02-28,6.0
AUD-001983,FAC-0056,EPINEPHRINE,2023-03-31,4.0
AUD-001984,FAC-0056,EPINEPHRINE,2023-04-30,5.0
AUD-001985,FAC-0056,EPINEPHRINE,2023-05-31,2.0
AUD-001986,FAC-0056,EPINEPHRINE,2023-06-30,7.0
AUD-001987,FAC-0056,EPINEPHRINE,2023-07-31,19.0
AUD-001988,FAC-0056,EPINEPHRINE,2023-08-31,5.0
AUD-001989,FAC-0056,EPINEPHRINE,2023-09-30,0.0
AUD-001990,FAC-0056,EPINEPHRINE,2023-10-31,1.0
AUD-001991,FAC-0056,EPINEPHRINE,2023-11-30,13.0
AUD-001992,FAC-0056,EPINEPHRINE,2023-12-31,11.0
AUD-001993,FAC-0056,PARACETAMOL,2023-01-31,1411.0
AUD-001994,FAC-0056,PARACETAMOL,2023-02-28,3003.0
AUD-001995,FAC-0056,PARACETAMOL,2023-03-31,4341.0
AUD-001996,FAC-0056,PARACETAMOL,2023-04-30,5687.0
AUD-001997,FAC-0056,PARACETAMOL,2023-05-31,6871.0
AUD-001998,FAC-0056,PARACETAMOL,2023-06-30,6196.0
AUD-001999,FAC-0056,PARACETAMOL,2023-07-31,6461.0
AUD-002000,FAC-0056,PARACETAMOL,2023-08-31,2.0
AUD-002001,FAC-0056,PARACETAMOL,2023-09-30,4.0
AUD-002002,FAC-0056,PARACETAMOL,2023-10-31,2.0
AUD-002003,FAC-0056,PARACETAMOL,2023-11-30,7404.0
AUD-002004,FAC-0056,PARACETAMOL,2023-12-31,8730.0
AUD-002005,FAC-0056,RIF_INH,2023-01-31,589.0
AUD-002006,FAC-0056,RIF_INH,2023-02-28,1141.0
AUD-002007,FAC-0056,RIF_INH,2023-03-31,1654.0
AUD-002008,FAC-0056,RIF_INH,2023-04-30,2189.0
AUD-002009,FAC-0056,RIF_INH,2023-05-31,2731.0
AUD-002010,FAC-0056,RIF_INH,2023-06-30,3248.0
AUD-002011,FAC-0056,RIF_INH,2023-07-31,4575.0
AUD-002012,FAC-0056,RIF_INH,2023-08-31,5060.0
AUD-002013,FAC-0056,RIF_INH,2023-09-30,4747.0
AUD-002014,FAC-0056,RIF_INH,2023-10-31,5229.0
AUD-002015,FAC-0056,RIF_INH,2023-11-30,5718.0
AUD-002016,FAC-0056,RIF_INH,2023-12-31,6201.0
AUD-002017,FAC-0057,EPINEPHRINE,2023-01-31,13.0
AUD-002018,FAC-0057,EPINEPHRINE,2023-02-28,21.0
AUD-002019,FAC-0057,EPINEPHRINE,2023-03-31,23.0
AUD-002020,FAC-0057,EPINEPHRINE,2023-04-30,34.0
AUD-002021,FAC-0057,EPINEPHRINE,2023-05-31,47.0
AUD-002022,FAC-0057,EPINEPHRINE,2023-06-30,42.0
AUD-002023,FAC-0057,EPINEPHRINE,2023-07-31,65.0
AUD-002024,FAC-0057,EPINEPHRINE,2023-08-31,72.0
AUD-002025,FAC-0057,EPINEPHRINE,2023-09-30,69.0
AUD-002026,FAC-0057,EPINEPHRINE,2023-10-31,58.0
AUD-002027,FAC-0057,EPINEPHRINE,2023-11-30,62.0
AUD-002028,FAC-0057,EPINEPHRINE,2023-12-31,83.0
AUD-002029,FAC-0057,PARACETAMOL,2023-01-31,4397.0
AUD-002030,FAC-0057,PARACETAMOL,2023-02-28,8467.0
AUD-002031,FAC-0057,PARACETAMOL,2023-03-31,12333.0
AUD-002032,FAC-0057,PARACETAMOL,2023-04-30,11228.0
AUD-002033,FAC-0057,PARACETAMOL,2023-05-31,15037.0
AUD-002034,FAC-0057,PARACETAMOL,2023-06-30,18083.0
AUD-002035,FAC-0057,PARACETAMOL,2023-07-31,24041.0
AUD-002036,FAC-0057,PARACETAMOL,2023-08-31,23213.0
AUD-002037,FAC-0057,PARACETAMOL,2023-09-30,23419.0
AUD-002038,FAC-0057,PARACETAMOL,2023-10-31,24416.0
AUD-002039,FAC-0057,PARACETAMOL,2023-11-30,27319.0
AUD-002040,FAC-0057,PARACETAMOL,2023-12-31,30702.0
AUD-002041,FAC-0057,RIF_INH,2023-01-31,726.0
AUD-002042,FAC-0057,RIF_INH,2023-02-28,658.0
AUD-002043,FAC-0057,RIF_INH,2023-03-31,2142.0
AUD-002044,FAC-0057,RIF_INH,2023-04-30,2831.0
AUD-002045,FAC-0057,RIF_INH,2023-05-31,3506.0
AUD-002046,FAC-0057,RIF_INH,2023-06-30,4153.0
AUD-002047,FAC-0057,RIF_INH,2023-07-31,3993.0
AUD-002048,FAC-0057,RIF_INH,2023-08-31,6223.0
AUD-002049,FAC-0057,RIF_INH,2023-09-30,6033.0
AUD-002050,FAC-0057,RIF_INH,2023-10-31,5829.0
AUD-002051,FAC-0057,RIF_INH,2023-11-30,7227.0
AUD-002052,FAC-0057,RIF_INH,2023-12-31,7760.0
AUD-002053,FAC-0058,EPINEPHRINE,2023-01-31,12.0
AUD-002054,FAC-0058,EPINEPHRINE,2023-02-28,16.0
AUD-002055,FAC-0058,EPINEPHRINE,2023-03-31,32.0
AUD-002056,FAC-0058,EPINEPHRINE,2023-04-30,37.0
AUD-002057,FAC-0058,EPINEPHRINE,2023-05-31,34.0
AUD-002058,FAC-0058,EPINEPHRINE,2023-06-30,50.0
AUD-002059,FAC-0058,EPINEPHRINE,2023-07-31,57.0
AUD-002060,FAC-0058,EPINEPHRINE,2023-08-31,76.0
AUD-002061,FAC-0058,EPINEPHRINE,2023-09-30,84.0
AUD-002062,FAC-0058,EPINEPHRINE,2023-10-31,77.0
AUD-002063,FAC-0058,EPINEPHRINE,2023-11-30,85.0
AUD-002064,FAC-0058,EPINEPHRINE,2023-12-31,88.0
AUD-002065,FAC-0058,PARACETAMOL,2023-01-31,4384.0
AUD-002066,FAC-0058,PARACETAMOL,2023-02-28,8685.0
AUD-002067,FAC-0058,PARACETAMOL,2023-03-31,12803.0
AUD-002068,FAC-0058,PARACETAMOL,2023-04-30,16927.0
AUD-002069,FAC-0058,PARACETAMOL,2023-05-31,20981.0
AUD-002070,FAC-0058,PARACETAMOL,2023-06-30,24306.0
AUD-002071,FAC-0058,PARACETAMOL,2023-07-31,21278.0
AUD-002072,FAC-0058,PARACETAMOL,2023-08-31,26921.0
AUD-002073,FAC-0058,PARACETAMOL,2023-09-30,27719.0
AUD-002074,FAC-0058,PARACETAMOL,2023-10-31,29662.0
AUD-002075,FAC-0058,PARACETAMOL,2023-11-30,33006.0
AUD-002076,FAC-0058,PARACETAMOL,2023-12-31,41813.0
AUD-002077,FAC-0058,RIF_INH,2023-01-31,3.0
AUD-002078,FAC-0058,RIF_INH,2023-02-28,1571.0
AUD-002079,FAC-0058,RIF_INH,2023-03-31,2309.0
AUD-002080,FAC-0058,RIF_INH,2023-04-30,3022.0
AUD-002081,FAC-0058,RIF_INH,2023-05-31,3736.0
AUD-002082,FAC-0058,RIF_INH,2023-06-30,5254.0
AUD-002083,FAC-0058,RIF_INH,2023-07-31,5128.0
AUD-002084,FAC-0058,RIF_INH,2023-08-31,5812.0
AUD-002085,FAC-0058,RIF_INH,2023-09-30,6505.0
AUD-002086,FAC-0058,RIF_INH,2023-10-31,7181.0
AUD-002087,FAC-0058,RIF_INH,2023-11-30,8621.0
AUD-002088,FAC-0058,RIF_INH,2023-12-31,8450.0
AUD-002089,FAC-0059,EPINEPHRINE,2023-01-31,8.0
AUD-002090,FAC-0059,EPINEPHRINE,2023-02-28,14.0
AUD-002091,FAC-0059,EPINEPHRINE,2023-03-31,22.0
AUD-002092,FAC-0059,EPINEPHRINE,2023-04-30,35.0
AUD-002093,FAC-0059,EPINEPHRINE,2023-05-31,39.0
AUD-002094,FAC-0059,EPINEPHRINE,2023-06-30,37.0
AUD-002095,FAC-0059,EPINEPHRINE,2023-07-31,52.0
AUD-002096,FAC-0059,EPINEPHRINE,2023-08-31,59.0
AUD-002097,FAC-0059,EPINEPHRINE,2023-09-30,45.0
AUD-002098,FAC-0059,EPINEPHRINE,2023-10-31,53.0
AUD-002099,FAC-0059,EPINEPHRINE,2023-11-30,73.0
AUD-002100,FAC-0059,EPINEPHRINE,2023-12-31,86.0
AUD-002101,FAC-0059,PARACETAMOL,2023-01-31,4119.0
AUD-002102,FAC-0059,PARACETAMOL,2023-02-28,3255.0
AUD-002103,FAC-0059,PARACETAMOL,2023-03-31,12158.0
AUD-002104,FAC-0059,PARACETAMOL,2023-04-30,15899.0
AUD-002105,FAC-0059,PARACETAMOL,2023-05-31,19649.0
AUD-002106,FAC-0059,PARACETAMOL,2023-06-30,22424.0
AUD-002107,FAC-0059,PARACETAMOL,2023-07-31,23319.0
AUD-002108,FAC-0059,PARACETAMOL,2023-08-31,22620.0
AUD-002109,FAC-0059,PARACETAMOL,2023-09-30,27156.0
AUD-002110,FAC-0059,PARACETAMOL,2023-10-31,23537.0
AUD-002111,FAC-0059,PARACETAMOL,2023-11-30,26389.0
AUD-002112,FAC-0059,PARACETAMOL,2023-12-31,29962.0
AUD-002113,FAC-0059,RIF_INH,2023-01-31,1585.0
AUD-002114,FAC-0059,RIF_INH,2023-02-28,1512.0
AUD-002115,FAC-0059,RIF_INH,2023-03-31,2214.0
AUD-002116,FAC-0059,RIF_INH,2023-04-30,2920.0
AUD-002117,FAC-0059,RIF_INH,2023-05-31,3575.0
AUD-002118,FAC-0059,RIF_INH,2023-06-30,3452.0
AUD-002119,FAC-0059,RIF_INH,2023-07-31,4902.0
AUD-002120,FAC-0059,RIF_INH,2023-08-31,5548.0
AUD-002121,FAC-0059,RIF_INH,2023-09-30,6155.0
AUD-002122,FAC-0059,RIF_INH,2023-10-31,7566.0
AUD-002123,FAC-0059,RIF_INH,2023-11-30,7400.0
AUD-002124,FAC-0059,RIF_INH,2023-12-31,7982.0
AUD-002125,FAC-0060,EPINEPHRINE,2023-01-31,8.0
AUD-002126,FAC-0060,EPINEPHRINE,2023-02-28,11.0
AUD-002127,FAC-0060,EPINEPHRINE,2023-03-31,22.0
AUD-002128,FAC-0060,EPINEPHRINE,2023-04-30,32.0
AUD-002129,FAC-0060,EPINEPHRINE,2023-05-31,32.0
AUD-002130,FAC-0060,EPINEPHRINE,2023-06-30,38.0
AUD-002131,FAC-0060,EPINEPHRINE,2023-07-31,61.0
AUD-002132,FAC-0060,EPINEPHRINE,2023-08-31,57.0
AUD-002133,FAC-0060,EPINEPHRINE,2023-09-30,76.0
AUD-002134,FAC-0060,EPINEPHRINE,2023-10-31,71.0
AUD-002135,FAC-0060,EPINEPHRINE,2023-11-30,76.0
AUD-002136,FAC-0060,EPINEPHRINE,2023-12-31,97.0
AUD-002137,FAC-0060,PARACETAMOL,2023-01-31,4032.0
AUD-002138,FAC-0060,PARACETAMOL,2023-02-28,3190.0
AUD-002139,FAC-0060,PARACETAMOL,2023-03-31,7171.0
AUD-002140,FAC-0060,PARACETAMOL,2023-04-30,16099.0
AUD-002141,FAC-0060,PARACETAMOL,2023-05-31,19976.0
AUD-002142,FAC-0060,PARACETAMOL,2023-06-30,23086.0
AUD-002143,FAC-0060,PARACETAMOL,2023-07-31,24151.0
AUD-002144,FAC-0060,PARACETAMOL,2023-08-31,23690.0
AUD-002145,FAC-0060,PARACETAMOL,2023-09-30,28724.0
AUD-002146,FAC-0060,PARACETAMOL,2023-10-31,24970.0
AUD-002147,FAC-0060,PARACETAMOL,2023-11-30,28088.0
AUD-002148,FAC-0060,PARACETAMOL,2023-12-31,36787.0
AUD-002149,FAC-0060,RIF_INH,2023-01-31,735.0
AUD-002150,FAC-0060,RIF_INH,2023-02-28,1477.0
AUD-002151,FAC-0060,RIF_INH,2023-03-31,2198.0
AUD-002152,FAC-0060,RIF_INH,2023-04-30,2923.0
AUD-002153,FAC-0060,RIF_INH,2023-05-31,3619.0
AUD-002154,FAC-0060,RIF_INH,2023-06-30,4319.0
AUD-002155,FAC-0060,RIF_INH,2023-07-31,5008.0
AUD-002156,FAC-0060,RIF_INH,2023-08-31,5659.0
AUD-002157,FAC-0060,RIF_INH,2023-09-30,5532.0
AUD-002158,FAC-0060,RIF_INH,2023-10-31,6229.0
AUD-002159,FAC-0060,RIF_INH,2023-11-30,7684.0
AUD-002160,FAC-0060,RIF_INH,2023-12-31,8334.0
AUD-002161,FAC-0061,EPINEPHRINE,2023-01-31,0.0
AUD-002162,FAC-0061,EPINEPHRINE,2023-02-28,4.0
AUD-002163,FAC-0061,EPINEPHRINE,2023-03-31,3.0
AUD-002164,FAC-0061,EPINEPHRINE,2023-04-30,0.0
AUD-002165,FAC-0061,EPINEPHRINE,2023-05-31,0.0
AUD-002166,FAC-0061,EPINEPHRINE,2023-06-30,0.0
AUD-002167,FAC-0061,EPINEPHRINE,2023-07-31,10.0
AUD-002168,FAC-0061,EPINEPHRINE,2023-08-31,0.0
AUD-002169,FAC-0061,EPINEPHRINE,2023-09-30,4.0
AUD-002170,FAC-0061,EPINEPHRINE,2023-10-31,8.0
AUD-002171,FAC-0061,EPINEPHRINE,2023-11-30,1.0
AUD-002172,FAC-0061,EPINEPHRINE,2023-12-31,10.0
AUD-002173,FAC-0061,PARACETAMOL,2023-01-31,373.0
AUD-002174,FAC-0061,PARACETAMOL,2023-02-28,4167.0
AUD-002175,FAC-0061,PARACETAMOL,2023-03-31,4211.0
AUD-002176,FAC-0061,PARACETAMOL,2023-04-30,4355.0
AUD-002177,FAC-0061,PARACETAMOL,2023-05-31,4521.0
AUD-002178,FAC-0061,PARACETAMOL,2023-06-30,2224.0
AUD-002179,FAC-0061,PARACETAMOL,2023-07-31,1.0
AUD-002180,FAC-0061,PARACETAMOL,2023-08-31,0.0
AUD-002181,FAC-0061,PARACETAMOL,2023-09-30,4.0
AUD-002182,FAC-0061,PARACETAMOL,2023-10-31,4730.0
AUD-002183,FAC-0061,PARACETAMOL,2023-11-30,0.0
AUD-002184,FAC-0061,PARACETAMOL,2023-12-31,6880.0
AUD-002185,FAC-0061,RIF_INH,2023-01-31,483.0
AUD-002186,FAC-0061,RIF_INH,2023-02-28,961.0
AUD-002187,FAC-0061,RIF_INH,2023-03-31,1405.0
AUD-002188,FAC-0061,RIF_INH,2023-04-30,1879.0
AUD-002189,FAC-0061,RIF_INH,2023-05-31,2296.0
AUD-002190,FAC-0061,RIF_INH,2023-06-30,2750.0
AUD-002191,FAC-0061,RIF_INH,2023-07-31,3997.0
AUD-002192,FAC-0061,RIF_INH,2023-08-31,4447.0
AUD-002193,FAC-0061,RIF_INH,2023-09-30,4082.0
AUD-002194,FAC-0061,RIF_INH,2023-10-31,4473.0
AUD-002195,FAC-0061,RIF_INH,2023-11-30,4928.0
AUD-002196,FAC-0061,RIF_INH,2023-12-31,6145.0
AUD-002197,FAC-0062,EPINEPHRINE,2023-01-31,25.0
AUD-002198,FAC-0062,EPINEPHRINE,2023-02-28,26.0
AUD-002199,FAC-0062,EPINEPHRINE,2023-03-31,20.0
AUD-002200,FAC-0062,EPINEPHRINE,2023-04-30,30.0
AUD-002201,FAC-0062,EPINEPHRINE,2023-05-31,30.0
AUD-002202,FAC-0062,EPINEPHRINE,2023-06-30,51.0
AUD-002203,FAC-0062,EPINEPHRINE,2023-07-31,60.0
AUD-002204,FAC-0062,EPINEPHRINE,2023-08-31,55.0
AUD-002205,FAC-0062,EPINEPHRINE,2023-09-30,71.0
AUD-002206,FAC-0062,EPINEPHRINE,2023-10-31,65.0
AUD-002207,FAC-0062,EPINEPHRINE,2023-11-30,63.0
AUD-002208,FAC-0062,EPINEPHRINE,2023-12-31,70.0
AUD-002209,FAC-0062,PARACETAMOL,2023-01-31,9.0
AUD-002210,FAC-0062,PARACETAMOL,2023-02-28,4931.0
AUD-002211,FAC-0062,PARACETAMOL,2023-03-31,13713.0
AUD-002212,FAC-0062,PARACETAMOL,2023-04-30,17464.0
AUD-002213,FAC-0062,PARACETAMOL,2023-05-31,20961.0
AUD-002214,FAC-0062,PARACETAMOL,2023-06-30,23594.0
AUD-002215,FAC-0062,PARACETAMOL,2023-07-31,24242.0
AUD-002216,FAC-0062,PARACETAMOL,2023-08-31,23822.0
AUD-002217,FAC-0062,PARACETAMOL,2023-09-30,22955.0
AUD-002218,FAC-0062,PARACETAMOL,2023-10-31,28860.0
AUD-002219,FAC-0062,PARACETAMOL,2023-11-30,26468.0
AUD-002220,FAC-0062,PARACETAMOL,2023-12-31,34655.0
AUD-002221,FAC-0062,RIF_INH,2023-01-31,743.0
AUD-002222,FAC-0062,RIF_INH,2023-02-28,662.0
AUD-002223,FAC-0062,RIF_INH,2023-03-31,2155.0
AUD-002224,FAC-0062,RIF_INH,2023-04-30,2843.0
AUD-002225,FAC-0062,RIF_INH,2023-05-31,3483.0
AUD-002226,FAC-0062,RIF_INH,2023-06-30,4122.0
AUD-002227,FAC-0062,RIF_INH,2023-07-31,4745.0
AUD-002228,FAC-0062,RIF_INH,2023-08-31,5327.0
AUD-002229,FAC-0062,RIF_INH,2023-09-30,5933.0
AUD-002230,FAC-0062,RIF_INH,2023-10-31,7336.0
AUD-002231,FAC-0062,RIF_INH,2023-11-30,7069.0
AUD-002232,FAC-0062,RIF_INH,2023-12-31,7598.0
AUD-002233,FAC-0063,EPINEPHRINE,2023-01-31,14.0
AUD-002234,FAC-0063,EPINEPHRINE,2023-02-28,12.0
AUD-002235,FAC-0063,EPINEPHRINE,2023-03-31,31.0
AUD-002236,FAC-0063,EPINEPHRINE,2023-04-30,32.0
AUD-002237,FAC-0063,EPINEPHRINE,2023-05-31,36.0
AUD-002238,FAC-0063,EPINEPHRINE,2023-06-30,33.0
AUD-002239,FAC-0063,EPINEPHRINE,2023-07-31,61.0
AUD-002240,FAC-0063,EPINEPHRINE,2023-08-31,58.0
AUD-002241,FAC-0063,EPINEPHRINE,2023-09-30,60.0
AUD-002242,FAC-0063,EPINEPHRINE,2023-10-31,70.0
AUD-002243,FAC-0063,EPINEPHRINE,2023-11-30,80.0
AUD-002244,FAC-0063,EPINEPHRINE,2023-12-31,82.0
AUD-002245,FAC-0063,PARACETAMOL,2023-01-31,4309.0
AUD-002246,FAC-0063,PARACETAMOL,2023-02-28,8380.0
AUD-002247,FAC-0063,PARACETAMOL,2023-03-31,12318.0
AUD-002248,FAC-0063,PARACETAMOL,2023-04-30,16340.0
AUD-002249,FAC-0063,PARACETAMOL,2023-05-31,20245.0
AUD-002250,FAC-0063,PARACETAMOL,2023-06-30,23311.0
AUD-002251,FAC-0063,PARACETAMOL,2023-07-31,24241.0
AUD-002252,FAC-0063,PARACETAMOL,2023-08-31,23833.0
AUD-002253,FAC-0063,PARACETAMOL,2023-09-30,24145.0
AUD-002254,FAC-0063,PARACETAMOL,2023-10-31,30354.0
AUD-002255,FAC-0063,PARACETAMOL,2023-11-30,28439.0
AUD-002256,FAC-0063,PARACETAMOL,2023-12-31,27128.0
AUD-002257,FAC-0063,RIF_INH,2023-01-31,732.0
AUD-002258,FAC-0063,RIF_INH,2023-02-28,1468.0
AUD-002259,FAC-0063,RIF_INH,2023-03-31,2169.0
AUD-002260,FAC-0063,RIF_INH,2023-04-30,2895.0
AUD-002261,FAC-0063,RIF_INH,2023-05-31,3571.0
AUD-002262,FAC-0063,RIF_INH,2023-06-30,4239.0
AUD-002263,FAC-0063,RIF_INH,2023-07-31,4907.0
AUD-002264,FAC-0063,RIF_INH,2023-08-31,5555.0
AUD-002265,FAC-0063,RIF_INH,2023-09-30,6214.0
AUD-002266,FAC-0063,RIF_INH,2023-10-31,6865.0
AUD-002267,FAC-0063,RIF_INH,2023-11-30,6682.0
AUD-002268,FAC-0063,RIF_INH,2023-12-31,8124.0
AUD-002269,FAC-0064,EPINEPHRINE,2023-01-31,11.0
AUD-002270,FAC-0064,EPINEPHRINE,2023-02-28,12.0
AUD-002271,FAC-0064,EPINEPHRINE,2023-03-31,12.0
AUD-002272,FAC-0064,EPINEPHRINE,2023-04-30,17.0
AUD-002273,FAC-0064,EPINEPHRINE,2023-05-31,13.0
AUD-002274,FAC-0064,EPINEPHRINE,2023-06-30,15.0
AUD-002275,FAC-0064,EPINEPHRINE,2023-07-31,7.0
AUD-002276,FAC-0064,EPINEPHRINE,2023-08-31,24.0
AUD-002277,FAC-0064,EPINEPHRINE,2023-09-30,6.0
AUD-002278,FAC-0064,EPINEPHRINE,2023-10-31,24.0
AUD-002279,FAC-0064,EPINEPHRINE,2023-11-30,7.0
AUD-002280,FAC-0064,EPINEPHRINE,2023-12-31,19.0
AUD-002281,FAC-0064,PARACETAMOL,2023-01-31,2307.0
AUD-002282,FAC-0064,PARACETAMOL,2023-02-28,4654.0
AUD-002283,FAC-0064,PARACETAMOL,2023-03-31,6725.0
AUD-002284,FAC-0064,PARACETAMOL,2023-04-30,8668.0
AUD-002285,FAC-0064,PARACETAMOL,2023-05-31,10437.0
AUD-002286,FAC-0064,PARACETAMOL,2023-06-30,10606.0
AUD-002287,FAC-0064,PARACETAMOL,2023-07-31,7267.0
AUD-002288,FAC-0064,PARACETAMOL,2023-08-31,1748.0
AUD-002289,FAC-0064,PARACETAMOL,2023-09-30,4396.0
AUD-002290,FAC-0064,PARACETAMOL,2023-10-31,4549.0
AUD-002291,FAC-0064,PARACETAMOL,2023-11-30,5271.0
AUD-002292,FAC-0064,PARACETAMOL,2023-12-31,7434.0
AUD-002293,FAC-0064,RIF_INH,2023-01-31,1474.0
AUD-002294,FAC-0064,RIF_INH,2023-02-28,1263.0
AUD-002295,FAC-0064,RIF_INH,2023-03-31,1868.0
AUD-002296,FAC-0064,RIF_INH,2023-04-30,2427.0
AUD-002297,FAC-0064,RIF_INH,2023-05-31,2974.0
AUD-002298,FAC-0064,RIF_INH,2023-06-30,3538.0
AUD-002299,FAC-0064,RIF_INH,2023-07-31,4090.0
AUD-002300,FAC-0064,RIF_INH,2023-08-31,5421.0
AUD-002301,FAC-0064,RIF_INH,2023-09-30,5918.0
AUD-002302,FAC-0064,RIF_INH,2023-10-31,5598.0
AUD-002303,FAC-0064,RIF_INH,2023-11-30,6132.0
AUD-002304,FAC-0064,RIF_INH,2023-12-31,6637.0
AUD-002305,FAC-0065,EPINEPHRINE,2023-01-31,11.0
AUD-002306,FAC-0065,EPINEPHRINE,2023-02-28,1.0
AUD-002307,FAC-0065,EPINEPHRINE,2023-03-31,14.0
AUD-002308,FAC-0065,EPINEPHRINE,2023-04-30,12.0
AUD-002309,FAC-0065,EPINEPHRINE,2023-05-31,4.0
AUD-002310,FAC-0065,EPINEPHRINE,2023-06-30,0.0
AUD-002311,FAC-0065,EPINEPHRINE,2023-07-31,10.0
AUD-002312,FAC-0065,EPINEPHRINE,2023-08-31,10.0
AUD-002313,FAC-0065,EPINEPHRINE,2023-09-30,9.0
AUD-002314,FAC-0065,EPINEPHRINE,2023-10-31,2.0
AUD-002315,FAC-0065,EPINEPHRINE,2023-11-30,13.0
AUD-002316,FAC-0065,EPINEPHRINE,2023-12-31,17.0
AUD-002317,FAC-0065,PARACETAMOL,2023-01-31,1619.0
AUD-002318,FAC-0065,PARACETAMOL,2023-02-28,2930.0
AUD-002319,FAC-0065,PARACETAMOL,2023-03-31,3883.0
AUD-002320,FAC-0065,PARACETAMOL,2023-04-30,4712.0
AUD-002321,FAC-0065,PARACETAMOL,2023-05-31,5489.0
AUD-002322,FAC-0065,PARACETAMOL,2023-06-30,4365.0
AUD-002323,FAC-0065,PARACETAMOL,2023-07-31,5.0
AUD-002324,FAC-0065,PARACETAMOL,2023-08-31,3614.0
AUD-002325,FAC-0065,PARACETAMOL,2023-09-30,4085.0
AUD-002326,FAC-0065,PARACETAMOL,2023-10-31,4.0
AUD-002327,FAC-0065,PARACETAMOL,2023-11-30,4885.0
AUD-002328,FAC-0065,PARACETAMOL,2023-12-31,10686.0
AUD-002329,FAC-0065,RIF_INH,2023-01-31,628.0
AUD-002330,FAC-0065,RIF_INH,2023-02-28,1133.0
AUD-002331,FAC-0065,RIF_INH,2023-03-31,1688.0
AUD-002332,FAC-0065,RIF_INH,2023-04-30,2203.0
AUD-002333,FAC-0065,RIF_INH,2023-05-31,2729.0
AUD-002334,FAC-0065,RIF_INH,2023-06-30,4033.0
AUD-002335,FAC-0065,RIF_INH,2023-07-31,3733.0
AUD-002336,FAC-0065,RIF_INH,2023-08-31,4200.0
AUD-002337,FAC-0065,RIF_INH,2023-09-30,4670.0
AUD-002338,FAC-0065,RIF_INH,2023-10-31,5074.0
AUD-002339,FAC-0065,RIF_INH,2023-11-30,5550.0
AUD-002340,FAC-0065,RIF_INH,2023-12-31,5990.0
AUD-002341,FAC-0066,EPINEPHRINE,2023-01-31,11.0
AUD-002342,FAC-0066,EPINEPHRINE,2023-02-28,15.0
AUD-002343,FAC-0066,EPINEPHRINE,2023-03-31,22.0
AUD-002344,FAC-0066,EPINEPHRINE,2023-04-30,26.0
AUD-002345,FAC-0066,EPINEPHRINE,2023-05-31,44.0
AUD-002346,FAC-0066,EPINEPHRINE,2023-06-30,42.0
AUD-002347,FAC-0066,EPINEPHRINE,2023-07-31,48.0
AUD-002348,FAC-0066,EPINEPHRINE,2023-08-31,56.0
AUD-002349,FAC-0066,EPINEPHRINE,2023-09-30,65.0
AUD-002350,FAC-0066,EPINEPHRINE,2023-10-31,65.0
AUD-002351,FAC-0066,EPINEPHRINE,2023-11-30,70.0
AUD-002352,FAC-0066,EPINEPHRINE,2023-12-31,83.0
AUD-002353,FAC-0066,PARACETAMOL,2023-01-31,9395.0
AUD-002354,FAC-0066,PARACETAMOL,2023-02-28,8554.0
AUD-002355,FAC-0066,PARACETAMOL,2023-03-31,12710.0
AUD-002356,FAC-0066,PARACETAMOL,2023-04-30,16680.0
AUD-002357,FAC-0066,PARACETAMOL,2023-05-31,25567.0
AUD-002358,FAC-0066,PARACETAMOL,2023-06-30,23669.0
AUD-002359,FAC-0066,PARACETAMOL,2023-07-31,24776.0
AUD-002360,FAC-0066,PARACETAMOL,2023-08-31,24752.0
AUD-002361,FAC-0066,PARACETAMOL,2023-09-30,25309.0
AUD-002362,FAC-0066,PARACETAMOL,2023-10-31,26928.0
AUD-002363,FAC-0066,PARACETAMOL,2023-11-30,30109.0
AUD-002364,FAC-0066,PARACETAMOL,2023-12-31,38857.0
AUD-002365,FAC-0066,RIF_INH,2023-01-31,782.0
AUD-002366,FAC-0066,RIF_INH,2023-02-28,1517.0
AUD-002367,FAC-0066,RIF_INH,2023-03-31,1436.0
AUD-002368,FAC-0066,RIF_INH,2023-04-30,2966.0
AUD-002369,FAC-0066,RIF_INH,2023-05-31,3669.0
AUD-002370,FAC-0066,RIF_INH,2023-06-30,4363.0
AUD-002371,FAC-0066,RIF_INH,2023-07-31,4253.0
AUD-002372,FAC-0066,RIF_INH,2023-08-31,5714.0
AUD-002373,FAC-0066,RIF_INH,2023-09-30,6377.0
AUD-002374,FAC-0066,RIF_INH,2023-10-31,6243.0
AUD-002375,FAC-0066,RIF_INH,2023-11-30,7687.0
AUD-002376,FAC-0066,RIF_INH,2023-12-31,8326.0
AUD-002377,FAC-0067,EPINEPHRINE,2023-01-31,10.0
AUD-002378,FAC-0067,EPINEPHRINE,2023-02-28,23.0
AUD-002379,FAC-0067,EPINEPHRINE,2023-03-31,24.0
AUD-002380,FAC-0067,EPINEPHRINE,2023-04-30,33.0
AUD-002381,FAC-0067,EPINEPHRINE,2023-05-31,34.0
AUD-002382,FAC-0067,EPINEPHRINE,2023-06-30,40.0
AUD-002383,FAC-0067,EPINEPHRINE,2023-07-31,32.0
AUD-002384,FAC-0067,EPINEPHRINE,2023-08-31,47.0
AUD-002385,FAC-0067,EPINEPHRINE,2023-09-30,59.0
AUD-002386,FAC-0067,EPINEPHRINE,2023-10-31,68.0
AUD-002387,FAC-0067,EPINEPHRINE,2023-11-30,73.0
AUD-002388,FAC-0067,EPINEPHRINE,2023-12-31,84.0
AUD-002389,FAC-0067,PARACETAMOL,2023-01-31,4261.0
AUD-002390,FAC-0067,PARACETAMOL,2023-02-28,8466.0
AUD-002391,FAC-0067,PARACETAMOL,2023-03-31,12537.0
AUD-002392,FAC-0067,PARACETAMOL,2023-04-30,16568.0
AUD-002393,FAC-0067,PARACETAMOL,2023-05-31,20613.0
AUD-002394,FAC-0067,PARACETAMOL,2023-06-30,23851.0
AUD-002395,FAC-0067,PARACETAMOL,2023-07-31,25301.0
AUD-002396,FAC-0067,PARACETAMOL,2023-08-31,25773.0
AUD-002397,FAC-0067,PARACETAMOL,2023-09-30,26319.0
AUD-002398,FAC-0067,PARACETAMOL,2023-10-31,28128.0
AUD-002399,FAC-0067,PARACETAMOL,2023-11-30,31373.0
AUD-002400,FAC-0067,PARACETAMOL,2023-12-31,35067.0
AUD-002401,FAC-0067,RIF_INH,2023-01-31,784.0
AUD-002402,FAC-0067,RIF_INH,2023-02-28,1525.0
AUD-002403,FAC-0067,RIF_INH,2023-03-31,2256.0
AUD-002404,FAC-0067,RIF_INH,2023-04-30,2972.0
AUD-002405,FAC-0067,RIF_INH,2023-05-31,3685.0
AUD-002406,FAC-0067,RIF_INH,2023-06-30,4404.0
AUD-002407,FAC-0067,RIF_INH,2023-07-31,5072.0
AUD-002408,FAC-0067,RIF_INH,2023-08-31,5731.0
AUD-002409,FAC-0067,RIF_INH,2023-09-30,7201.0
AUD-002410,FAC-0067,RIF_INH,2023-10-31,7031.0
AUD-002411,FAC-0067,RIF_INH,2023-11-30,7697.0
AUD-002412,FAC-0067,RIF_INH,2023-12-31,8326.0
AUD-002413,FAC-0068,EPINEPHRINE,2023-01-31,7.0
AUD-002414,FAC-0068,EPINEPHRINE,2023-02-28,15.0
AUD-002415,FAC-0068,EPINEPHRINE,2023-03-31,21.0
AUD-002416,FAC-0068,EPINEPHRINE,2023-04-30,23.0
AUD-002417,FAC-0068,EPINEPHRINE,2023-05-31,31.0
AUD-002418,FAC-0068,EPINEPHRINE,2023-06-30,37.0
AUD-002419,FAC-0068,EPINEPHRINE,2023-07-31,56.0
AUD-002420,FAC-0068,EPINEPHRINE,2023-08-31,49.0
AUD-002421,FAC-0068,EPINEPHRINE,2023-09-30,73.0
AUD-002422,FAC-0068,EPINEPHRINE,2023-10-31,68.0
AUD-002423,FAC-0068,EPINEPHRINE,2023-11-30,70.0
AUD-002424,FAC-0068,EPINEPHRINE,2023-12-31,82.0
AUD-002425,FAC-0068,PARACETAMOL,2023-01-31,4820.0
AUD-002426,FAC-0068,PARACETAMOL,2023-02-28,9185.0
AUD-002427,FAC-0068,PARACETAMOL,2023-03-31,13467.0
AUD-002428,FAC-0068,PARACETAMOL,2023-04-30,17693.0
AUD-002429,FAC-0068,PARACETAMOL,2023-05-31,21864.0
AUD-002430,FAC-0068,PARACETAMOL,2023-06-30,25317.0
AUD-002431,FAC-0068,PARACETAMOL,2023-07-31,32371.0
AUD-002432,FAC-0068,PARACETAMOL,2023-08-31,28157.0
AUD-002433,FAC-0068,PARACETAMOL,2023-09-30,34129.0
AUD-002434,FAC-0068,PARACETAMOL,2023-10-31,31482.0
AUD-002435,FAC-0068,PARACETAMOL,2023-11-30,35094.0
AUD-002436,FAC-0068,PARACETAMOL,2023-12-31,34202.0
AUD-002437,FAC-0068,RIF_INH,2023-01-31,772.0
AUD-002438,FAC-0068,RIF_INH,2023-02-28,1511.0
AUD-002439,FAC-0068,RIF_INH,2023-03-31,2248.0
AUD-002440,FAC-0068,RIF_INH,2023-04-30,2981.0
AUD-002441,FAC-0068,RIF_INH,2023-05-31,3706.0
AUD-002442,FAC-0068,RIF_INH,2023-06-30,4430.0
AUD-002443,FAC-0068,RIF_INH,2023-07-31,5142.0
AUD-002444,FAC-0068,RIF_INH,2023-08-31,5859.0
AUD-002445,FAC-0068,RIF_INH,2023-09-30,5779.0
AUD-002446,FAC-0068,RIF_INH,2023-10-31,8092.0
AUD-002447,FAC-0068,RIF_INH,2023-11-30,7983.0
AUD-002448,FAC-0068,RIF_INH,2023-12-31,9467.0
AUD-002449,FAC-0069,EPINEPHRINE,2023-01-31,11.0
AUD-002450,FAC-0069,EPINEPHRINE,2023-02-28,18.0
AUD-002451,FAC-0069,EPINEPHRINE,2023-03-31,24.0
AUD-002452,FAC-0069,EPINEPHRINE,2023-04-30,27.0
AUD-002453,FAC-0069,EPINEPHRINE,2023-05-31,34.0
AUD-002454,FAC-0069,EPINEPHRINE,2023-06-30,52.0
AUD-002455,FAC-0069,EPINEPHRINE,2023-07-31,50.0
AUD-002456,FAC-0069,EPINEPHRINE,2023-08-31,63.0
AUD-002457,FAC-0069,EPINEPHRINE,2023-09-30,71.0
AUD-002458,FAC-0069,EPINEPHRINE,2023-10-31,74.0
AUD-002459,FAC-0069,EPINEPHRINE,2023-11-30,78.0
AUD-002460,FAC-0069,EPINEPHRINE,2023-12-31,87.0
AUD-002461,FAC-0069,PARACETAMOL,2023-01-31,4459.0
AUD-002462,FAC-0069,PARACETAMOL,2023-02-28,8798.0
AUD-002463,FAC-0069,PARACETAMOL,2023-03-31,13077.0
AUD-002464,FAC-0069,PARACETAMOL,2023-04-30,17304.0
AUD-002465,FAC-0069,PARACETAMOL,2023-05-31,21429.0
AUD-002466,FAC-0069,PARACETAMOL,2023-06-30,25028.0
AUD-002467,FAC-0069,PARACETAMOL,2023-07-31,32266.0
AUD-002468,FAC-0069,PARACETAMOL,2023-08-31,28585.0
AUD-002469,FAC-0069,PARACETAMOL,2023-09-30,29598.0
AUD-002470,FAC-0069,PARACETAMOL,2023-10-31,26862.0
AUD-002471,FAC-0069,PARACETAMOL,2023-11-30,35634.0
AUD-002472,FAC-0069,PARACETAMOL,2023-12-31,39632.0
AUD-002473,FAC-0069,RIF_INH,2023-01-31,776.0
AUD-002474,FAC-0069,RIF_INH,2023-02-28,1517.0
AUD-002475,FAC-0069,RIF_INH,2023-03-31,2256.0
AUD-002476,FAC-0069,RIF_INH,2023-04-30,3001.0
AUD-002477,FAC-0069,RIF_INH,2023-05-31,4542.0
AUD-002478,FAC-0069,RIF_INH,2023-06-30,4472.0
AUD-002479,FAC-0069,RIF_INH,2023-07-31,5198.0
AUD-002480,FAC-0069,RIF_INH,2023-08-31,5109.0
AUD-002481,FAC-0069,RIF_INH,2023-09-30,6634.0
AUD-002482,FAC-0069,RIF_INH,2023-10-31,7346.0
AUD-002483,FAC-0069,RIF_INH,2023-11-30,8068.0
AUD-002484,FAC-0069,RIF_INH,2023-12-31,9572.0
AUD-002485,FAC-0070,EPINEPHRINE,2023-01-31,0.0
AUD-002486,FAC-0070,EPINEPHRINE,2023-02-28,24.0
AUD-002487,FAC-0070,EPINEPHRINE,2023-03-31,23.0
AUD-002488,FAC-0070,EPINEPHRINE,2023-04-30,41.0
AUD-002489,FAC-0070,EPINEPHRINE,2023-05-31,37.0
AUD-002490,FAC-0070,EPINEPHRINE,2023-06-30,51.0
AUD-002491,FAC-0070,EPINEPHRINE,2023-07-31,60.0
AUD-002492,FAC-0070,EPINEPHRINE,2023-08-31,67.0
AUD-002493,FAC-0070,EPINEPHRINE,2023-09-30,63.0
AUD-002494,FAC-0070,EPINEPHRINE,2023-10-31,75.0
AUD-002495,FAC-0070,EPINEPHRINE,2023-11-30,91.0
AUD-002496,FAC-0070,EPINEPHRINE,2023-12-31,79.0
AUD-002497,FAC-0070,PARACETAMOL,2023-01-31,4491.0
AUD-002498,FAC-0070,PARACETAMOL,2023-02-28,8637.0
AUD-002499,FAC-0070,PARACETAMOL,2023-03-31,12583.0
AUD-002500,FAC-0070,PARACETAMOL,2023-04-30,16488.0
AUD-002501,FAC-0070,PARACETAMOL,2023-05-31,20336.0
AUD-002502,FAC-0070,PARACETAMOL,2023-06-30,18312.0
AUD-002503,FAC-0070,PARACETAMOL,2023-07-31,24930.0
AUD-002504,FAC-0070,PARACETAMOL,2023-08-31,25362.0
AUD-002505,FAC-0070,PARACETAMOL,2023-09-30,25803.0
AUD-002506,FAC-0070,PARACETAMOL,2023-10-31,27401.0
AUD-002507,FAC-0070,PARACETAMOL,2023-11-30,35298.0
AUD-002508,FAC-0070,PARACETAMOL,2023-12-31,33754.0
AUD-002509,FAC-0070,RIF_INH,2023-01-31,746.0
AUD-002510,FAC-0070,RIF_INH,2023-02-28,1473.0
AUD-002511,FAC-0070,RIF_INH,2023-03-31,2186.0
AUD-002512,FAC-0070,RIF_INH,2023-04-30,2890.0
AUD-002513,FAC-0070,RIF_INH,2023-05-31,3558.0
AUD-002514,FAC-0070,RIF_INH,2023-06-30,4227.0
AUD-002515,FAC-0070,RIF_INH,2023-07-31,5659.0
AUD-002516,FAC-0070,RIF_INH,2023-08-31,6284.0
AUD-002517,FAC-0070,RIF_INH,2023-09-30,6085.0
AUD-002518,FAC-0070,RIF_INH,2023-10-31,6695.0
AUD-002519,FAC-0070,RIF_INH,2023-11-30,7302.0
AUD-002520,FAC-0070,RIF_INH,2023-12-31,7864.0
AUD-002521,FAC-0071,EPINEPHRINE,2023-01-31,5.0
AUD-002522,FAC-0071,EPINEPHRINE,2023-02-28,20.0
AUD-002523,FAC-0071,EPINEPHRINE,2023-03-31,29.0
AUD-002524,FAC-0071,EPINEPHRINE,2023-04-30,36.0
AUD-002525,FAC-0071,EPINEPHRINE,2023-05-31,53.0
AUD-002526,FAC-0071,EPINEPHRINE,2023-06-30,45.0
AUD-002527,FAC-0071,EPINEPHRINE,2023-07-31,66.0
AUD-002528,FAC-0071,EPINEPHRINE,2023-08-31,55.0
AUD-002529,FAC-0071,EPINEPHRINE,2023-09-30,57.0
AUD-002530,FAC-0071,EPINEPHRINE,2023-10-31,58.0
AUD-002531,FAC-0071,EPINEPHRINE,2023-11-30,79.0
AUD-002532,FAC-0071,EPINEPHRINE,2023-12-31,56.0
AUD-002533,FAC-0071,PARACETAMOL,2023-01-31,4290.0
AUD-002534,FAC-0071,PARACETAMOL,2023-02-28,8373.0
AUD-002535,FAC-0071,PARACETAMOL,2023-03-31,12275.0
AUD-002536,FAC-0071,PARACETAMOL,2023-04-30,16019.0
AUD-002537,FAC-0071,PARACETAMOL,2023-05-31,19709.0
AUD-002538,FAC-0071,PARACETAMOL,2023-06-30,17517.0
AUD-002539,FAC-0071,PARACETAMOL,2023-07-31,28083.0
AUD-002540,FAC-0071,PARACETAMOL,2023-08-31,22452.0
AUD-002541,FAC-0071,PARACETAMOL,2023-09-30,17512.0
AUD-002542,FAC-0071,PARACETAMOL,2023-10-31,23617.0
AUD-002543,FAC-0071,PARACETAMOL,2023-11-30,26547.0
AUD-002544,FAC-0071,PARACETAMOL,2023-12-31,34791.0
AUD-002545,FAC-0071,RIF_INH,2023-01-31,742.0
AUD-002546,FAC-0071,RIF_INH,2023-02-28,1472.0
AUD-002547,FAC-0071,RIF_INH,2023-03-31,2158.0
AUD-002548,FAC-0071,RIF_INH,2023-04-30,2056.0
AUD-002549,FAC-0071,RIF_INH,2023-05-31,3536.0
AUD-002550,FAC-0071,RIF_INH,2023-06-30,4162.0
AUD-002551,FAC-0071,RIF_INH,2023-07-31,3980.0
AUD-002552,FAC-0071,RIF_INH,2023-08-31,5397.0
AUD-002553,FAC-0071,RIF_INH,2023-09-30,5958.0
AUD-002554,FAC-0071,RIF_INH,2023-10-31,5724.0
AUD-002555,FAC-0071,RIF_INH,2023-11-30,6322.0
AUD-002556,FAC-0071,RIF_INH,2023-12-31,6880.0
AUD-002557,FAC-0072,EPINEPHRINE,2023-01-31,13.0
AUD-002558,FAC-0072,EPINEPHRINE,2023-02-28,22.0
AUD-002559,FAC-0072,EPINEPHRINE,2023-03-31,20.0
AUD-002560,FAC-0072,EPINEPHRINE,2023-04-30,39.0
AUD-002561,FAC-0072,EPINEPHRINE,2023-05-31,39.0
AUD-002562,FAC-0072,EPINEPHRINE,2023-06-30,39.0
AUD-002563,FAC-0072,EPINEPHRINE,2023-07-31,46.0
AUD-002564,FAC-0072,EPINEPHRINE,2023-08-31,42.0
AUD-002565,FAC-0072,EPINEPHRINE,2023-09-30,58.0
AUD-002566,FAC-0072,EPINEPHRINE,2023-10-31,61.0
AUD-002567,FAC-0072,EPINEPHRINE,2023-11-30,77.0
AUD-002568,FAC-0072,EPINEPHRINE,2023-12-31,69.0
AUD-002569,FAC-0072,PARACETAMOL,2023-01-31,4985.0
AUD-002570,FAC-0072,PARACETAMOL,2023-02-28,9074.0
AUD-002571,FAC-0072,PARACETAMOL,2023-03-31,12847.0
AUD-002572,FAC-0072,PARACETAMOL,2023-04-30,16465.0
AUD-002573,FAC-0072,PARACETAMOL,2023-05-31,20037.0
AUD-002574,FAC-0072,PARACETAMOL,2023-06-30,22900.0
AUD-002575,FAC-0072,PARACETAMOL,2023-07-31,23434.0
AUD-002576,FAC-0072,PARACETAMOL,2023-08-31,27789.0
AUD-002577,FAC-0072,PARACETAMOL,2023-09-30,22421.0
AUD-002578,FAC-0072,PARACETAMOL,2023-10-31,28277.0
AUD-002579,FAC-0072,PARACETAMOL,2023-11-30,26053.0
AUD-002580,FAC-0072,PARACETAMOL,2023-12-31,34392.0
AUD-002581,FAC-0072,RIF_INH,2023-01-31,785.0
AUD-002582,FAC-0072,RIF_INH,2023-02-28,1496.0
AUD-002583,FAC-0072,RIF_INH,2023-03-31,2217.0
AUD-002584,FAC-0072,RIF_INH,2023-04-30,2912.0
AUD-002585,FAC-0072,RIF_INH,2023-05-31,4355.0
AUD-002586,FAC-0072,RIF_INH,2023-06-30,4210.0
AUD-002587,FAC-0072,RIF_INH,2023-07-31,4827.0
AUD-002588,FAC-0072,RIF_INH,2023-08-31,5445.0
AUD-002589,FAC-0072,RIF_INH,2023-09-30,6040.0
AUD-002590,FAC-0072,RIF_INH,2023-10-31,6651.0
AUD-002591,FAC-0072,RIF_INH,2023-11-30,7198.0
AUD-002592,FAC-0072,RIF_INH,2023-12-31,7738.0
AUD-002593,FAC-0073,EPINEPHRINE,2023-01-31,1.0
AUD-002594,FAC-0073,EPINEPHRINE,2023-02-28,4.0
AUD-002595,FAC-0073,EPINEPHRINE,2023-03-31,3.0
AUD-002596,FAC-0073,EPINEPHRINE,2023-04-30,3.0
AUD-002597,FAC-0073,EPINEPHRINE,2023-05-31,0.0
AUD-002598,FAC-0073,EPINEPHRINE,2023-06-30,4.0
AUD-002599,FAC-0073,EPINEPHRINE,2023-07-31,2.0
AUD-002600,FAC-0073,EPINEPHRINE,2023-08-31,6.0
AUD-002601,FAC-0073,EPINEPHRINE,2023-09-30,15.0
AUD-002602,FAC-0073,EPINEPHRINE,2023-10-31,14.0
AUD-002603,FAC-0073,EPINEPHRINE,2023-11-30,15.0
AUD-002604,FAC-0073,EPINEPHRINE,2023-12-31,4.0
AUD-002605,FAC-0073,PARACETAMOL,2023-01-31,7316.0
AUD-002606,FAC-0073,PARACETAMOL,2023-02-28,4560.0
AUD-002607,FAC-0073,PARACETAMOL,2023-03-31,6430.0
AUD-002608,FAC-0073,PARACETAMOL,2023-04-30,8465.0
AUD-002609,FAC-0073,PARACETAMOL,2023-05-31,10305.0
AUD-002610,FAC-0073,PARACETAMOL,2023-06-30,10563.0
AUD-002611,FAC-0073,PARACETAMOL,2023-07-31,11841.0
AUD-002612,FAC-0073,PARACETAMOL,2023-08-31,1148.0
AUD-002613,FAC-0073,PARACETAMOL,2023-09-30,4111.0
AUD-002614,FAC-0073,PARACETAMOL,2023-10-31,1.0
AUD-002615,FAC-0073,PARACETAMOL,2023-11-30,7256.0
AUD-002616,FAC-0073,PARACETAMOL,2023-12-31,4269.0
AUD-002617,FAC-0073,RIF_INH,2023-01-31,620.0
AUD-002618,FAC-0073,RIF_INH,2023-02-28,1213.0
AUD-002619,FAC-0073,RIF_INH,2023-03-31,1759.0
AUD-002620,FAC-0073,RIF_INH,2023-04-30,2345.0
AUD-002621,FAC-0073,RIF_INH,2023-05-31,2926.0
AUD-002622,FAC-0073,RIF_INH,2023-06-30,3485.0
AUD-002623,FAC-0073,RIF_INH,2023-07-31,4813.0
AUD-002624,FAC-0073,RIF_INH,2023-08-31,5376.0
AUD-002625,FAC-0073,RIF_INH,2023-09-30,5944.0
AUD-002626,FAC-0073,RIF_INH,2023-10-31,6520.0
AUD-002627,FAC-0073,RIF_INH,2023-11-30,7107.0
AUD-002628,FAC-0073,RIF_INH,2023-12-31,7685.0
AUD-002629,FAC-0074,EPINEPHRINE,2023-01-31,11.0
AUD-002630,FAC-0074,EPINEPHRINE,2023-02-28,21.0
AUD-002631,FAC-0074,EPINEPHRINE,2023-03-31,29.0
AUD-002632,FAC-0074,EPINEPHRINE,2023-04-30,32.0
AUD-002633,FAC-0074,EPINEPHRINE,2023-05-31,32.0
AUD-002634,FAC-0074,EPINEPHRINE,2023-06-30,41.0
AUD-002635,FAC-0074,EPINEPHRINE,2023-07-31,55.0
AUD-002636,FAC-0074,EPINEPHRINE,2023-08-31,65.0
AUD-002637,FAC-0074,EPINEPHRINE,2023-09-30,56.0
AUD-002638,FAC-0074,EPINEPHRINE,2023-10-31,64.0
AUD-002639,FAC-0074,EPINEPHRINE,2023-11-30,66.0
AUD-002640,FAC-0074,EPINEPHRINE,2023-12-31,67.0
AUD-002641,FAC-0074,PARACETAMOL,2023-01-31,4739.0
AUD-002642,FAC-0074,PARACETAMOL,2023-02-28,8933.0
AUD-002643,FAC-0074,PARACETAMOL,2023-03-31,12845.0
AUD-002644,FAC-0074,PARACETAMOL,2023-04-30,16754.0
AUD-002645,FAC-0074,PARACETAMOL,2023-05-31,20481.0
AUD-002646,FAC-0074,PARACETAMOL,2023-06-30,23467.0
AUD-002647,FAC-0074,PARACETAMOL,2023-07-31,24612.0
AUD-002648,FAC-0074,PARACETAMOL,2023-08-31,29405.0
AUD-002649,FAC-0074,PARACETAMOL,2023-09-30,24557.0
AUD-002650,FAC-0074,PARACETAMOL,2023-10-31,26069.0
AUD-002651,FAC-0074,PARACETAMOL,2023-11-30,29022.0
AUD-002652,FAC-0074,PARACETAMOL,2023-12-31,32360.0
AUD-002653,FAC-0074,RIF_INH,2023-01-31,784.0
AUD-002654,FAC-0074,RIF_INH,2023-02-28,1524.0
AUD-002655,FAC-0074,RIF_INH,2023-03-31,2232.0
AUD-002656,FAC-0074,RIF_INH,2023-04-30,2912.0
AUD-002657,FAC-0074,RIF_INH,2023-05-31,3586.0
AUD-002658,FAC-0074,RIF_INH,2023-06-30,4224.0
AUD-002659,FAC-0074,RIF_INH,2023-07-31,4080.0
AUD-002660,FAC-0074,RIF_INH,2023-08-31,5480.0
AUD-002661,FAC-0074,RIF_INH,2023-09-30,6102.0
AUD-002662,FAC-0074,RIF_INH,2023-10-31,6645.0
AUD-002663,FAC-0074,RIF_INH,2023-11-30,7237.0
AUD-002664,FAC-0074,RIF_INH,2023-12-31,7792.0
AUD-002665,FAC-0075,EPINEPHRINE,2023-01-31,11.0
AUD-002666,FAC-0075,EPINEPHRINE,2023-02-28,8.0
AUD-002667,FAC-0075,EPINEPHRINE,2023-03-31,21.0
AUD-002668,FAC-0075,EPINEPHRINE,2023-04-30,25.0
AUD-002669,FAC-0075,EPINEPHRINE,2023-05-31,44.0
AUD-002670,FAC-0075,EPINEPHRINE,2023-06-30,48.0
AUD-002671,FAC-0075,EPINEPHRINE,2023-07-31,54.0
AUD-002672,FAC-0075,EPINEPHRINE,2023-08-31,69.0
AUD-002673,FAC-0075,EPINEPHRINE,2023-09-30,60.0
AUD-002674,FAC-0075,EPINEPHRINE,2023-10-31,73.0
AUD-002675,FAC-0075,EPINEPHRINE,2023-11-30,83.0
AUD-002676,FAC-0075,EPINEPHRINE,2023-12-31,94.0
AUD-002677,FAC-0075,PARACETAMOL,2023-01-31,4118.0
AUD-002678,FAC-0075,PARACETAMOL,2023-02-28,8116.0
AUD-002679,FAC-0075,PARACETAMOL,2023-03-31,11973.0
AUD-002680,FAC-0075,PARACETAMOL,2023-04-30,15677.0
AUD-002681,FAC-0075,PARACETAMOL,2023-05-31,19229.0
AUD-002682,FAC-0075,PARACETAMOL,2023-06-30,22036.0
AUD-002683,FAC-0075,PARACETAMOL,2023-07-31,22659.0
AUD-002684,FAC-0075,PARACETAMOL,2023-08-31,16921.0
AUD-002685,FAC-0075,PARACETAMOL,2023-09-30,21570.0
AUD-002686,FAC-0075,PARACETAMOL,2023-10-31,22248.0
AUD-002687,FAC-0075,PARACETAMOL,2023-11-30,30235.0
AUD-002688,FAC-0075,PARACETAMOL,2023-12-31,28727.0
AUD-002689,FAC-0075,RIF_INH,2023-01-31,0.0
AUD-002690,FAC-0075,RIF_INH,2023-02-28,1539.0
AUD-002691,FAC-0075,RIF_INH,2023-03-31,2218.0
AUD-002692,FAC-0075,RIF_INH,2023-04-30,2916.0
AUD-002693,FAC-0075,RIF_INH,2023-05-31,3598.0
AUD-002694,FAC-0075,RIF_INH,2023-06-30,3482.0
AUD-002695,FAC-0075,RIF_INH,2023-07-31,4921.0
AUD-002696,FAC-0075,RIF_INH,2023-08-31,6359.0
AUD-002697,FAC-0075,RIF_INH,2023-09-30,6170.0
AUD-002698,FAC-0075,RIF_INH,2023-10-31,6797.0
AUD-002699,FAC-0075,RIF_INH,2023-11-30,7411.0
AUD-002700,FAC-0075,RIF_INH,2023-12-31,8789.0
AUD-002701,FAC-0076,EPINEPHRINE,2023-01-31,9.0
AUD-002702,FAC-0076,EPINEPHRINE,2023-02-28,10.0
AUD-002703,FAC-0076,EPINEPHRINE,2023-03-31,12.0
AUD-002704,FAC-0076,EPINEPHRINE,2023-04-30,5.0
AUD-002705,FAC-0076,EPINEPHRINE,2023-05-31,24.0
AUD-002706,FAC-0076,EPINEPHRINE,2023-06-30,22.0
AUD-002707,FAC-0076,EPINEPHRINE,2023-07-31,28.0
AUD-002708,FAC-0076,EPINEPHRINE,2023-08-31,42.0
AUD-002709,FAC-0076,EPINEPHRINE,2023-09-30,53.0
AUD-002710,FAC-0076,EPINEPHRINE,2023-10-31,64.0
AUD-002711,FAC-0076,EPINEPHRINE,2023-11-30,65.0
AUD-002712,FAC-0076,EPINEPHRINE,2023-12-31,69.0
AUD-002713,FAC-0076,PARACETAMOL,2023-01-31,4293.0
AUD-002714,FAC-0076,PARACETAMOL,2023-02-28,8400.0
AUD-002715,FAC-0076,PARACETAMOL,2023-03-31,12294.0
AUD-002716,FAC-0076,PARACETAMOL,2023-04-30,16080.0
AUD-002717,FAC-0076,PARACETAMOL,2023-05-31,19733.0
AUD-002718,FAC-0076,PARACETAMOL,2023-06-30,17639.0
AUD-002719,FAC-0076,PARACETAMOL,2023-07-31,23467.0
AUD-002720,FAC-0076,PARACETAMOL,2023-08-31,22738.0
AUD-002721,FAC-0076,PARACETAMOL,2023-09-30,22635.0
AUD-002722,FAC-0076,PARACETAMOL,2023-10-31,23446.0
AUD-002723,FAC-0076,PARACETAMOL,2023-11-30,21451.0
AUD-002724,FAC-0076,PARACETAMOL,2023-12-31,30177.0
AUD-002725,FAC-0076,RIF_INH,2023-01-31,748.0
AUD-002726,FAC-0076,RIF_INH,2023-02-28,1474.0
AUD-002727,FAC-0076,RIF_INH,2023-03-31,2191.0
AUD-002728,FAC-0076,RIF_INH,2023-04-30,2885.0
AUD-002729,FAC-0076,RIF_INH,2023-05-31,3568.0
AUD-002730,FAC-0076,RIF_INH,2023-06-30,4251.0
AUD-002731,FAC-0076,RIF_INH,2023-07-31,4899.0
AUD-002732,FAC-0076,RIF_INH,2023-08-31,5540.0
AUD-002733,FAC-0076,RIF_INH,2023-09-30,6159.0
AUD-002734,FAC-0076,RIF_INH,2023-10-31,7579.0
AUD-002735,FAC-0076,RIF_INH,2023-11-30,7391.0
AUD-002736,FAC-0076,RIF_INH,2023-12-31,7985.0
AUD-002737,FAC-0077,EPINEPHRINE,2023-01-31,13.0
AUD-002738,FAC-0077,EPINEPHRINE,2023-02-28,20.0
AUD-002739,FAC-0077,EPINEPHRINE,2023-03-31,36.0
AUD-002740,FAC-0077,EPINEPHRINE,2023-04-30,37.0
AUD-002741,FAC-0077,EPINEPHRINE,2023-05-31,47.0
AUD-002742,FAC-0077,EPINEPHRINE,2023-06-30,55.0
AUD-002743,FAC-0077,EPINEPHRINE,2023-07-31,50.0
AUD-002744,FAC-0077,EPINEPHRINE,2023-08-31,65.0
AUD-002745,FAC-0077,EPINEPHRINE,2023-09-30,72.0
AUD-002746,FAC-0077,EPINEPHRINE,2023-10-31,72.0
AUD-002747,FAC-0077,EPINEPHRINE,2023-11-30,66.0
AUD-002748,FAC-0077,EPINEPHRINE,2023-12-31,87.0
AUD-002749,FAC-0077,PARACETAMOL,2023-01-31,4262.0
AUD-002750,FAC-0077,PARACETAMOL,2023-02-28,3422.0
AUD-002751,FAC-0077,PARACETAMOL,2023-03-31,7479.0
AUD-002752,FAC-0077,PARACETAMOL,2023-04-30,16346.0
AUD-002753,FAC-0077,PARACETAMOL,2023-05-31,20166.0
AUD-002754,FAC-0077,PARACETAMOL,2023-06-30,22971.0
AUD-002755,FAC-0077,PARACETAMOL,2023-07-31,23916.0
AUD-002756,FAC-0077,PARACETAMOL,2023-08-31,23480.0
AUD-002757,FAC-0077,PARACETAMOL,2023-09-30,23609.0
AUD-002758,FAC-0077,PARACETAMOL,2023-10-31,25039.0
AUD-002759,FAC-0077,PARACETAMOL,2023-11-30,27903.0
AUD-002760,FAC-0077,PARACETAMOL,2023-12-31,31377.0
AUD-002761,FAC-0077,RIF_INH,2023-01-31,743.0
AUD-002762,FAC-0077,RIF_INH,2023-02-28,1480.0
AUD-002763,FAC-0077,RIF_INH,2023-03-31,2183.0
AUD-002764,FAC-0077,RIF_INH,2023-04-30,2867.0
AUD-002765,FAC-0077,RIF_INH,2023-05-31,3563.0
AUD-002766,FAC-0077,RIF_INH,2023-06-30,3431.0
AUD-002767,FAC-0077,RIF_INH,2023-07-31,3310.0
AUD-002768,FAC-0077,RIF_INH,2023-08-31,4758.0
AUD-002769,FAC-0077,RIF_INH,2023-09-30,6194.0
AUD-002770,FAC-0077,RIF_INH,2023-10-31,7624.0
AUD-002771,FAC-0077,RIF_INH,2023-11-30,7413.0
AUD-002772,FAC-0077,RIF_INH,2023-12-31,7972.0
AUD-002773,FAC-0078,EPINEPHRINE,2023-01-31,10.0
AUD-002774,FAC-0078,EPINEPHRINE,2023-02-28,2.0
AUD-002775,FAC-0078,EPINEPHRINE,2023-03-31,4.0
AUD-002776,FAC-0078,EPINEPHRINE,2023-04-30,7.0
AUD-002777,FAC-0078,EPINEPHRINE,2023-05-31,4.0
AUD-002778,FAC-0078,EPINEPHRINE,2023-06-30,6.0
AUD-002779,FAC-0078,EPINEPHRINE,2023-07-31,10.0
AUD-002780,FAC-0078,EPINEPHRINE,2023-08-31,1.0
AUD-002781,FAC-0078,EPINEPHRINE,2023-09-30,11.0
AUD-002782,FAC-0078,EPINEPHRINE,2023-10-31,0.0
AUD-002783,FAC-0078,EPINEPHRINE,2023-11-30,12.0
AUD-002784,FAC-0078,EPINEPHRINE,2023-12-31,12.0
AUD-002785,FAC-0078,PARACETAMOL,2023-01-31,2174.0
AUD-002786,FAC-0078,PARACETAMOL,2023-02-28,3595.0
AUD-002787,FAC-0078,PARACETAMOL,2023-03-31,4561.0
AUD-002788,FAC-0078,PARACETAMOL,2023-04-30,5581.0
AUD-002789,FAC-0078,PARACETAMOL,2023-05-31,6569.0
AUD-002790,FAC-0078,PARACETAMOL,2023-06-30,5480.0
AUD-002791,FAC-0078,PARACETAMOL,2023-07-31,4525.0
AUD-002792,FAC-0078,PARACETAMOL,2023-08-31,3667.0
AUD-002793,FAC-0078,PARACETAMOL,2023-09-30,4670.0
AUD-002794,FAC-0078,PARACETAMOL,2023-10-31,4130.0
AUD-002795,FAC-0078,PARACETAMOL,2023-11-30,1.0
AUD-002796,FAC-0078,PARACETAMOL,2023-12-31,1008.0
AUD-002797,FAC-0078,RIF_INH,2023-01-31,561.0
AUD-002798,FAC-0078,RIF_INH,2023-02-28,1104.0
AUD-002799,FAC-0078,RIF_INH,2023-03-31,1620.0
AUD-002800,FAC-0078,RIF_INH,2023-04-30,2132.0
AUD-002801,FAC-0078,RIF_INH,2023-05-31,2633.0
AUD-002802,FAC-0078,RIF_INH,2023-06-30,3138.0
AUD-002803,FAC-0078,RIF_INH,2023-07-31,4428.0
AUD-002804,FAC-0078,RIF_INH,2023-08-31,4119.0
AUD-002805,FAC-0078,RIF_INH,2023-09-30,4588.0
AUD-002806,FAC-0078,RIF_INH,2023-10-31,5042.0
AUD-002807,FAC-0078,RIF_INH,2023-11-30,6320.0
AUD-002808,FAC-0078,RIF_INH,2023-12-31,5989.0
AUD-002809,FAC-0079,EPINEPHRINE,2023-01-31,0.0
AUD-002810,FAC-0079,EPINEPHRINE,2023-02-28,20.0
AUD-002811,FAC-0079,EPINEPHRINE,2023-03-31,25.0
AUD-002812,FAC-0079,EPINEPHRINE,2023-04-30,33.0
AUD-002813,FAC-0079,EPINEPHRINE,2023-05-31,34.0
AUD-002814,FAC-0079,EPINEPHRINE,2023-06-30,42.0
AUD-002815,FAC-0079,EPINEPHRINE,2023-07-31,61.0
AUD-002816,FAC-0079,EPINEPHRINE,2023-08-31,51.0
AUD-002817,FAC-0079,EPINEPHRINE,2023-09-30,58.0
AUD-002818,FAC-0079,EPINEPHRINE,2023-10-31,75.0
AUD-002819,FAC-0079,EPINEPHRINE,2023-11-30,73.0
AUD-002820,FAC-0079,EPINEPHRINE,2023-12-31,79.0
AUD-002821,FAC-0079,PARACETAMOL,2023-01-31,4151.0
AUD-002822,FAC-0079,PARACETAMOL,2023-02-28,8261.0
AUD-002823,FAC-0079,PARACETAMOL,2023-03-31,12329.0
AUD-002824,FAC-0079,PARACETAMOL,2023-04-30,16413.0
AUD-002825,FAC-0079,PARACETAMOL,2023-05-31,20377.0
AUD-002826,FAC-0079,PARACETAMOL,2023-06-30,23511.0
AUD-002827,FAC-0079,PARACETAMOL,2023-07-31,24755.0
AUD-002828,FAC-0079,PARACETAMOL,2023-08-31,24439.0
AUD-002829,FAC-0079,PARACETAMOL,2023-09-30,24438.0
AUD-002830,FAC-0079,PARACETAMOL,2023-10-31,26035.0
AUD-002831,FAC-0079,PARACETAMOL,2023-11-30,29342.0
AUD-002832,FAC-0079,PARACETAMOL,2023-12-31,38389.0
AUD-002833,FAC-0079,RIF_INH,2023-01-31,739.0
AUD-002834,FAC-0079,RIF_INH,2023-02-28,1468.0
AUD-002835,FAC-0079,RIF_INH,2023-03-31,2194.0
AUD-002836,FAC-0079,RIF_INH,2023-04-30,2925.0
AUD-002837,FAC-0079,RIF_INH,2023-05-31,2863.0
AUD-002838,FAC-0079,RIF_INH,2023-06-30,4388.0
AUD-002839,FAC-0079,RIF_INH,2023-07-31,5091.0
AUD-002840,FAC-0079,RIF_INH,2023-08-31,5781.0
AUD-002841,FAC-0079,RIF_INH,2023-09-30,6496.0
AUD-002842,FAC-0079,RIF_INH,2023-10-31,7205.0
AUD-002843,FAC-0079,RIF_INH,2023-11-30,8710.0
AUD-002844,FAC-0079,RIF_INH,2023-12-31,8586.0
AUD-002845,FAC-0080,EPINEPHRINE,2023-01-31,15.0
AUD-002846,FAC-0080,EPINEPHRINE,2023-02-28,18.0
AUD-002847,FAC-0080,EPINEPHRINE,2023-03-31,19.0
AUD-002848,FAC-0080,EPINEPHRINE,2023-04-30,23.0
AUD-002849,FAC-0080,EPINEPHRINE,2023-05-31,33.0
AUD-002850,FAC-0080,EPINEPHRINE,2023-06-30,34.0
AUD-002851,FAC-0080,EPINEPHRINE,2023-07-31,32.0
AUD-002852,FAC-0080,EPINEPHRINE,2023-08-31,49.0
AUD-002853,FAC-0080,EPINEPHRINE,2023-09-30,32.0
AUD-002854,FAC-0080,EPINEPHRINE,2023-10-31,33.0
AUD-002855,FAC-0080,EPINEPHRINE,2023-11-30,57.0
AUD-002856,FAC-0080,EPINEPHRINE,2023-12-31,29.0
AUD-002857,FAC-0080,PARACETAMOL,2023-01-31,4607.0
AUD-002858,FAC-0080,PARACETAMOL,2023-02-28,7651.0
AUD-002859,FAC-0080,PARACETAMOL,2023-03-31,10303.0
AUD-002860,FAC-0080,PARACETAMOL,2023-04-30,12765.0
AUD-002861,FAC-0080,PARACETAMOL,2023-05-31,15025.0
AUD-002862,FAC-0080,PARACETAMOL,2023-06-30,16608.0
AUD-002863,FAC-0080,PARACETAMOL,2023-07-31,15484.0
AUD-002864,FAC-0080,PARACETAMOL,2023-08-31,8022.0
AUD-002865,FAC-0080,PARACETAMOL,2023-09-30,10587.0
AUD-002866,FAC-0080,PARACETAMOL,2023-10-31,9717.0
AUD-002867,FAC-0080,PARACETAMOL,2023-11-30,11454.0
AUD-002868,FAC-0080,PARACETAMOL,2023-12-31,18987.0
AUD-002869,FAC-0080,RIF_INH,2023-01-31,689.0
AUD-002870,FAC-0080,RIF_INH,2023-02-28,1345.0
AUD-002871,FAC-0080,RIF_INH,2023-03-31,1974.0
AUD-002872,FAC-0080,RIF_INH,2023-04-30,2577.0
AUD-002873,FAC-0080,RIF_INH,2023-05-31,3162.0
AUD-002874,FAC-0080,RIF_INH,2023-06-30,3688.0
AUD-002875,FAC-0080,RIF_INH,2023-07-31,4243.0
AUD-002876,FAC-0080,RIF_INH,2023-08-31,4745.0
AUD-002877,FAC-0080,RIF_INH,2023-09-30,6034.0
AUD-002878,FAC-0080,RIF_INH,2023-10-31,6470.0
AUD-002879,FAC-0080,RIF_INH,2023-11-30,6164.0
AUD-002880,FAC-0080,RIF_INH,2023-12-31,7409.0
AUD-002881,FAC-0081,EPINEPHRINE,2023-01-31,3.0
AUD-002882,FAC-0081,EPINEPHRINE,2023-02-28,11.0
AUD-002883,FAC-0081,EPINEPHRINE,2023-03-31,9.0
AUD-002884,FAC-0081,EPINEPHRINE,2023-04-30,6.0
AUD-002885,FAC-0081,EPINEPHRINE,2023-05-31,8.0
AUD-002886,FAC-0081,EPINEPHRINE,2023-06-30,14.0
AUD-002887,FAC-0081,EPINEPHRINE,2023-07-31,0.0
AUD-002888,FAC-0081,EPINEPHRINE,2023-08-31,17.0
AUD-002889,FAC-0081,EPINEPHRINE,2023-09-30,1.0
AUD-002890,FAC-0081,EPINEPHRINE,2023-10-31,8.0
AUD-002891,FAC-0081,EPINEPHRINE,2023-11-30,8.0
AUD-002892,FAC-0081,EPINEPHRINE,2023-12-31,8.0
AUD-002893,FAC-0081,PARACETAMOL,2023-01-31,1326.0
AUD-002894,FAC-0081,PARACETAMOL,2023-02-28,3192.0
AUD-002895,FAC-0081,PARACETAMOL,2023-03-31,4012.0
AUD-002896,FAC-0081,PARACETAMOL,2023-04-30,4706.0
AUD-002897,FAC-0081,PARACETAMOL,2023-05-31,5210.0
AUD-002898,FAC-0081,PARACETAMOL,2023-06-30,3608.0
AUD-002899,FAC-0081,PARACETAMOL,2023-07-31,6.0
AUD-002900,FAC-0081,PARACETAMOL,2023-08-31,7.0
AUD-002901,FAC-0081,PARACETAMOL,2023-09-30,4625.0
AUD-002902,FAC-0081,PARACETAMOL,2023-10-31,4.0
AUD-002903,FAC-0081,PARACETAMOL,2023-11-30,7.0
AUD-002904,FAC-0081,PARACETAMOL,2023-12-31,6282.0
AUD-002905,FAC-0081,RIF_INH,2023-01-31,1340.0
AUD-002906,FAC-0081,RIF_INH,2023-02-28,1112.0
AUD-002907,FAC-0081,RIF_INH,2023-03-31,1618.0
AUD-002908,FAC-0081,RIF_INH,2023-04-30,2106.0
AUD-002909,FAC-0081,RIF_INH,2023-05-31,2623.0
AUD-002910,FAC-0081,RIF_INH,2023-06-30,3099.0
AUD-002911,FAC-0081,RIF_INH,2023-07-31,3559.0
AUD-002912,FAC-0081,RIF_INH,2023-08-31,4815.0
AUD-002913,FAC-0081,RIF_INH,2023-09-30,4447.0
AUD-002914,FAC-0081,RIF_INH,2023-10-31,4830.0
AUD-002915,FAC-0081,RIF_INH,2023-11-30,6051.0
AUD-002916,FAC-0081,RIF_INH,2023-12-31,6473.0
AUD-002917,FAC-0082,EPINEPHRINE,2023-01-31,28.0
AUD-002918,FAC-0082,EPINEPHRINE,2023-02-28,17.0
AUD-002919,FAC-0082,EPINEPHRINE,2023-03-31,27.0
AUD-002920,FAC-0082,EPINEPHRINE,2023-04-30,32.0
AUD-002921,FAC-0082,EPINEPHRINE,2023-05-31,41.0
AUD-002922,FAC-0082,EPINEPHRINE,2023-06-30,41.0
AUD-002923,FAC-0082,EPINEPHRINE,2023-07-31,54.0
AUD-002924,FAC-0082,EPINEPHRINE,2023-08-31,55.0
AUD-002925,FAC-0082,EPINEPHRINE,2023-09-30,69.0
AUD-002926,FAC-0082,EPINEPHRINE,2023-10-31,80.0
AUD-002927,FAC-0082,EPINEPHRINE,2023-11-30,76.0
AUD-002928,FAC-0082,EPINEPHRINE,2023-12-31,87.0
AUD-002929,FAC-0082,PARACETAMOL,2023-01-31,4518.0
AUD-002930,FAC-0082,PARACETAMOL,2023-02-28,8631.0
AUD-002931,FAC-0082,PARACETAMOL,2023-03-31,12579.0
AUD-002932,FAC-0082,PARACETAMOL,2023-04-30,16480.0
AUD-002933,FAC-0082,PARACETAMOL,2023-05-31,25170.0
AUD-002934,FAC-0082,PARACETAMOL,2023-06-30,23036.0
AUD-002935,FAC-0082,PARACETAMOL,2023-07-31,29143.0
AUD-002936,FAC-0082,PARACETAMOL,2023-08-31,29276.0
AUD-002937,FAC-0082,PARACETAMOL,2023-09-30,24404.0
AUD-002938,FAC-0082,PARACETAMOL,2023-10-31,25717.0
AUD-002939,FAC-0082,PARACETAMOL,2023-11-30,28836.0
AUD-002940,FAC-0082,PARACETAMOL,2023-12-31,32352.0
AUD-002941,FAC-0082,RIF_INH,2023-01-31,742.0
AUD-002942,FAC-0082,RIF_INH,2023-02-28,1465.0
AUD-002943,FAC-0082,RIF_INH,2023-03-31,2168.0
AUD-002944,FAC-0082,RIF_INH,2023-04-30,2884.0
AUD-002945,FAC-0082,RIF_INH,2023-05-31,3562.0
AUD-002946,FAC-0082,RIF_INH,2023-06-30,4241.0
AUD-002947,FAC-0082,RIF_INH,2023-07-31,4901.0
AUD-002948,FAC-0082,RIF_INH,2023-08-31,5535.0
AUD-002949,FAC-0082,RIF_INH,2023-09-30,6958.0
AUD-002950,FAC-0082,RIF_INH,2023-10-31,6763.0
AUD-002951,FAC-0082,RIF_INH,2023-11-30,6603.0
AUD-002952,FAC-0082,RIF_INH,2023-12-31,8003.0
AUD-002953,FAC-0083,EPINEPHRINE,2023-01-31,6.0
AUD-002954,FAC-0083,EPINEPHRINE,2023-02-28,7.0
AUD-002955,FAC-0083,EPINEPHRINE,2023-03-31,10.0
AUD-002956,FAC-0083,EPINEPHRINE,2023-04-30,3.0
AUD-002957,FAC-0083,EPINEPHRINE,2023-05-31,12.0
AUD-002958,FAC-0083,EPINEPHRINE,2023-06-30,20.0
AUD-002959,FAC-0083,EPINEPHRINE,2023-07-31,17.0
AUD-002960,FAC-0083,EPINEPHRINE,2023-08-31,15.0
AUD-002961,FAC-0083,EPINEPHRINE,2023-09-30,5.0
AUD-002962,FAC-0083,EPINEPHRINE,2023-10-31,3.0
AUD-002963,FAC-0083,EPINEPHRINE,2023-11-30,11.0
AUD-002964,FAC-0083,EPINEPHRINE,2023-12-31,8.0
AUD-002965,FAC-0083,PARACETAMOL,2023-01-31,1812.0
AUD-002966,FAC-0083,PARACETAMOL,2023-02-28,3818.0
AUD-002967,FAC-0083,PARACETAMOL,2023-03-31,5749.0
AUD-002968,FAC-0083,PARACETAMOL,2023-04-30,7509.0
AUD-002969,FAC-0083,PARACETAMOL,2023-05-31,9100.0
AUD-002970,FAC-0083,PARACETAMOL,2023-06-30,8913.0
AUD-002971,FAC-0083,PARACETAMOL,2023-07-31,10035.0
AUD-002972,FAC-0083,PARACETAMOL,2023-08-31,4597.0
AUD-002973,FAC-0083,PARACETAMOL,2023-09-30,4329.0
AUD-002974,FAC-0083,PARACETAMOL,2023-10-31,4305.0
AUD-002975,FAC-0083,PARACETAMOL,2023-11-30,8.0
AUD-002976,FAC-0083,PARACETAMOL,2023-12-31,1942.0
AUD-002977,FAC-0083,RIF_INH,2023-01-31,1387.0
AUD-002978,FAC-0083,RIF_INH,2023-02-28,1160.0
AUD-002979,FAC-0083,RIF_INH,2023-03-31,1733.0
AUD-002980,FAC-0083,RIF_INH,2023-04-30,2309.0
AUD-002981,FAC-0083,RIF_INH,2023-05-31,2864.0
AUD-002982,FAC-0083,RIF_INH,2023-06-30,3407.0
AUD-002983,FAC-0083,RIF_INH,2023-07-31,4737.0
AUD-002984,FAC-0083,RIF_INH,2023-08-31,4472.0
AUD-002985,FAC-0083,RIF_INH,2023-09-30,5023.0
AUD-002986,FAC-0083,RIF_INH,2023-10-31,5563.0
AUD-002987,FAC-0083,RIF_INH,2023-11-30,6877.0
AUD-002988,FAC-0083,RIF_INH,2023-12-31,7412.0
AUD-002989,FAC-0084,EPINEPHRINE,2023-01-31,19.0
AUD-002990,FAC-0084,EPINEPHRINE,2023-02-28,23.0
AUD-002991,FAC-0084,EPINEPHRINE,2023-03-31,20.0
AUD-002992,FAC-0084,EPINEPHRINE,2023-04-30,34.0
AUD-002993,FAC-0084,EPINEPHRINE,2023-05-31,46.0
AUD-002994,FAC-0084,EPINEPHRINE,2023-06-30,54.0
AUD-002995,FAC-0084,EPINEPHRINE,2023-07-31,54.0
AUD-002996,FAC-0084,EPINEPHRINE,2023-08-31,57.0
AUD-002997,FAC-0084,EPINEPHRINE,2023-09-30,74.0
AUD-002998,FAC-0084,EPINEPHRINE,2023-10-31,71.0
AUD-002999,FAC-0084,EPINEPHRINE,2023-11-30,74.0
AUD-003000,FAC-0084,EPINEPHRINE,2023-12-31,95.0
AUD-003001,FAC-0084,PARACETAMOL,2023-01-31,4893.0
AUD-003002,FAC-0084,PARACETAMOL,2023-02-28,9055.0
AUD-003003,FAC-0084,PARACETAMOL,2023-03-31,12966.0
AUD-003004,FAC-0084,PARACETAMOL,2023-04-30,16729.0
AUD-003005,FAC-0084,PARACETAMOL,2023-05-31,20440.0
AUD-003006,FAC-0084,PARACETAMOL,2023-06-30,23360.0
AUD-003007,FAC-0084,PARACETAMOL,2023-07-31,24646.0
AUD-003008,FAC-0084,PARACETAMOL,2023-08-31,24917.0
AUD-003009,FAC-0084,PARACETAMOL,2023-09-30,25237.0
AUD-003010,FAC-0084,PARACETAMOL,2023-10-31,21724.0
AUD-003011,FAC-0084,PARACETAMOL,2023-11-30,24675.0
AUD-003012,FAC-0084,PARACETAMOL,2023-12-31,32966.0
AUD-003013,FAC-0084,RIF_INH,2023-01-31,1.0
AUD-003014,FAC-0084,RIF_INH,2023-02-28,742.0
AUD-003015,FAC-0084,RIF_INH,2023-03-31,1472.0
AUD-003016,FAC-0084,RIF_INH,2023-04-30,1398.0
AUD-003017,FAC-0084,RIF_INH,2023-05-31,3658.0
AUD-003018,FAC-0084,RIF_INH,2023-06-30,3522.0
AUD-003019,FAC-0084,RIF_INH,2023-07-31,4932.0
AUD-003020,FAC-0084,RIF_INH,2023-08-31,6333.0
AUD-003021,FAC-0084,RIF_INH,2023-09-30,6133.0
AUD-003022,FAC-0084,RIF_INH,2023-10-31,5900.0
AUD-003023,FAC-0084,RIF_INH,2023-11-30,7269.0
AUD-003024,FAC-0084,RIF_INH,2023-12-31,7813.0
AUD-003025,FAC-0085,EPINEPHRINE,2023-01-31,14.0
AUD-003026,FAC-0085,EPINEPHRINE,2023-02-28,18.0
AUD-003027,FAC-0085,EPINEPHRINE,2023-03-31,22.0
AUD-003028,FAC-0085,EPINEPHRINE,2023-04-30,30.0
AUD-003029,FAC-0085,EPINEPHRINE,2023-05-31,35.0
AUD-003030,FAC-0085,EPINEPHRINE,2023-06-30,31.0
AUD-003031,FAC-0085,EPINEPHRINE,2023-07-31,40.0
AUD-003032,FAC-0085,EPINEPHRINE,2023-08-31,59.0
AUD-003033,FAC-0085,EPINEPHRINE,2023-09-30,53.0
AUD-003034,FAC-0085,EPINEPHRINE,2023-10-31,64.0
AUD-003035,FAC-0085,EPINEPHRINE,2023-11-30,74.0
AUD-003036,FAC-0085,EPINEPHRINE,2023-12-31,75.0
AUD-003037,FAC-0085,PARACETAMOL,2023-01-31,4231.0
AUD-003038,FAC-0085,PARACETAMOL,2023-02-28,8349.0
AUD-003039,FAC-0085,PARACETAMOL,2023-03-31,12268.0
AUD-003040,FAC-0085,PARACETAMOL,2023-04-30,16238.0
AUD-003041,FAC-0085,PARACETAMOL,2023-05-31,20160.0
AUD-003042,FAC-0085,PARACETAMOL,2023-06-30,23207.0
AUD-003043,FAC-0085,PARACETAMOL,2023-07-31,24094.0
AUD-003044,FAC-0085,PARACETAMOL,2023-08-31,23954.0
AUD-003045,FAC-0085,PARACETAMOL,2023-09-30,23969.0
AUD-003046,FAC-0085,PARACETAMOL,2023-10-31,25133.0
AUD-003047,FAC-0085,PARACETAMOL,2023-11-30,28394.0
AUD-003048,FAC-0085,PARACETAMOL,2023-12-31,32166.0
AUD-003049,FAC-0085,RIF_INH,2023-01-31,744.0
AUD-003050,FAC-0085,RIF_INH,2023-02-28,1478.0
AUD-003051,FAC-0085,RIF_INH,2023-03-31,2193.0
AUD-003052,FAC-0085,RIF_INH,2023-04-30,2882.0
AUD-003053,FAC-0085,RIF_INH,2023-05-31,3581.0
AUD-003054,FAC-0085,RIF_INH,2023-06-30,4273.0
AUD-003055,FAC-0085,RIF_INH,2023-07-31,4965.0
AUD-003056,FAC-0085,RIF_INH,2023-08-31,5653.0
AUD-003057,FAC-0085,RIF_INH,2023-09-30,6314.0
AUD-003058,FAC-0085,RIF_INH,2023-10-31,6987.0
AUD-003059,FAC-0085,RIF_INH,2023-11-30,7632.0
AUD-003060,FAC-0085,RIF_INH,2023-12-31,9063.0
AUD-003061,FAC-0086,EPINEPHRINE,2023-01-31,21.0
AUD-003062,FAC-0086,EPINEPHRINE,2023-02-28,17.0
AUD-003063,FAC-0086,EPINEPHRINE,2023-03-31,29.0
AUD-003064,FAC-0086,EPINEPHRINE,2023-04-30,33.0
AUD-003065,FAC-0086,EPINEPHRINE,2023-05-31,47.0
AUD-003066,FAC-0086,EPINEPHRINE,2023-06-30,56.0
AUD-003067,FAC-0086,EPINEPHRINE,2023-07-31,63.0
AUD-003068,FAC-0086,EPINEPHRINE,2023-08-31,72.0
AUD-003069,FAC-0086,EPINEPHRINE,2023-09-30,71.0
AUD-003070,FAC-0086,EPINEPHRINE,2023-10-31,76.0
AUD-003071,FAC-0086,EPINEPHRINE,2023-11-30,79.0
AUD-003072,FAC-0086,EPINEPHRINE,2023-12-31,75.0
AUD-003073,FAC-0086,PARACETAMOL,2023-01-31,4893.0
AUD-003074,FAC-0086,PARACETAMOL,2023-02-28,9105.0
AUD-003075,FAC-0086,PARACETAMOL,2023-03-31,13048.0
AUD-003076,FAC-0086,PARACETAMOL,2023-04-30,16975.0
AUD-003077,FAC-0086,PARACETAMOL,2023-05-31,20708.0
AUD-003078,FAC-0086,PARACETAMOL,2023-06-30,18804.0
AUD-003079,FAC-0086,PARACETAMOL,2023-07-31,25545.0
AUD-003080,FAC-0086,PARACETAMOL,2023-08-31,26417.0
AUD-003081,FAC-0086,PARACETAMOL,2023-09-30,27220.0
AUD-003082,FAC-0086,PARACETAMOL,2023-10-31,28886.0
AUD-003083,FAC-0086,PARACETAMOL,2023-11-30,27088.0
AUD-003084,FAC-0086,PARACETAMOL,2023-12-31,30681.0
AUD-003085,FAC-0086,RIF_INH,2023-01-31,1544.0
AUD-003086,FAC-0086,RIF_INH,2023-02-28,1486.0
AUD-003087,FAC-0086,RIF_INH,2023-03-31,2201.0
AUD-003088,FAC-0086,RIF_INH,2023-04-30,2094.0
AUD-003089,FAC-0086,RIF_INH,2023-05-31,4407.0
AUD-003090,FAC-0086,RIF_INH,2023-06-30,4258.0
AUD-003091,FAC-0086,RIF_INH,2023-07-31,4924.0
AUD-003092,FAC-0086,RIF_INH,2023-08-31,5541.0
AUD-003093,FAC-0086,RIF_INH,2023-09-30,6175.0
AUD-003094,FAC-0086,RIF_INH,2023-10-31,6788.0
AUD-003095,FAC-0086,RIF_INH,2023-11-30,7357.0
AUD-003096,FAC-0086,RIF_INH,2023-12-31,7910.0
AUD-003097,FAC-0087,EPINEPHRINE,2023-01-31,0.0
AUD-003098,FAC-0087,EPINEPHRINE,2023-02-28,2.0
AUD-003099,FAC-0087,EPINEPHRINE,2023-03-31,4.0
AUD-003100,FAC-0087,EPINEPHRINE,2023-04-30,0.0
AUD-003101,FAC-0087,EPINEPHRINE,2023-05-31,4.0
AUD-003102,FAC-0087,EPINEPHRINE,2023-06-30,4.0
AUD-003103,FAC-0087,EPINEPHRINE,2023-07-31,1.0
AUD-003104,FAC-0087,EPINEPHRINE,2023-08-31,2.0
AUD-003105,FAC-0087,EPINEPHRINE,2023-09-30,7.0
AUD-003106,FAC-0087,EPINEPHRINE,2023-10-31,3.0
AUD-003107,FAC-0087,EPINEPHRINE,2023-11-30,8.0
AUD-003108,FAC-0087,EPINEPHRINE,2023-12-31,10.0
AUD-003109,FAC-0087,PARACETAMOL,2023-01-31,920.0
AUD-003110,FAC-0087,PARACETAMOL,2023-02-28,1211.0
AUD-003111,FAC-0087,PARACETAMOL,2023-03-31,2122.0
AUD-003112,FAC-0087,PARACETAMOL,2023-04-30,4495.0
AUD-003113,FAC-0087,PARACETAMOL,2023-05-31,3975.0
AUD-003114,FAC-0087,PARACETAMOL,2023-06-30,438.0
AUD-003115,FAC-0087,PARACETAMOL,2023-07-31,6.0
AUD-003116,FAC-0087,PARACETAMOL,2023-08-31,9.0
AUD-003117,FAC-0087,PARACETAMOL,2023-09-30,4399.0
AUD-003118,FAC-0087,PARACETAMOL,2023-10-31,4692.0
AUD-003119,FAC-0087,PARACETAMOL,2023-11-30,2.0
AUD-003120,FAC-0087,PARACETAMOL,2023-12-31,7382.0
AUD-003121,FAC-0087,RIF_INH,2023-01-31,590.0
AUD-003122,FAC-0087,RIF_INH,2023-02-28,1084.0
AUD-003123,FAC-0087,RIF_INH,2023-03-31,1504.0
AUD-003124,FAC-0087,RIF_INH,2023-04-30,1916.0
AUD-003125,FAC-0087,RIF_INH,2023-05-31,2341.0
AUD-003126,FAC-0087,RIF_INH,2023-06-30,2756.0
AUD-003127,FAC-0087,RIF_INH,2023-07-31,3124.0
AUD-003128,FAC-0087,RIF_INH,2023-08-31,3574.0
AUD-003129,FAC-0087,RIF_INH,2023-09-30,3975.0
AUD-003130,FAC-0087,RIF_INH,2023-10-31,5132.0
AUD-003131,FAC-0087,RIF_INH,2023-11-30,5520.0
AUD-003132,FAC-0087,RIF_INH,2023-12-31,5927.0
AUD-003133,FAC-0088,EPINEPHRINE,2023-01-31,8.0
AUD-003134,FAC-0088,EPINEPHRINE,2023-02-28,18.0
AUD-003135,FAC-0088,EPINEPHRINE,2023-03-31,17.0
AUD-003136,FAC-0088,EPINEPHRINE,2023-04-30,25.0
AUD-003137,FAC-0088,EPINEPHRINE,2023-05-31,51.0
AUD-003138,FAC-0088,EPINEPHRINE,2023-06-30,47.0
AUD-003139,FAC-0088,EPINEPHRINE,2023-07-31,51.0
AUD-003140,FAC-0088,EPINEPHRINE,2023-08-31,65.0
AUD-003141,FAC-0088,EPINEPHRINE,2023-09-30,65.0
AUD-003142,FAC-0088,EPINEPHRINE,2023-10-31,57.0
AUD-003143,FAC-0088,EPINEPHRINE,2023-11-30,85.0
AUD-003144,FAC-0088,EPINEPHRINE,2023-12-31,82.0
AUD-003145,FAC-0088,PARACETAMOL,2023-01-31,4660.0
AUD-003146,FAC-0088,PARACETAMOL,2023-02-28,8561.0
AUD-003147,FAC-0088,PARACETAMOL,2023-03-31,12344.0
AUD-003148,FAC-0088,PARACETAMOL,2023-04-30,16128.0
AUD-003149,FAC-0088,PARACETAMOL,2023-05-31,19781.0
AUD-003150,FAC-0088,PARACETAMOL,2023-06-30,22481.0
AUD-003151,FAC-0088,PARACETAMOL,2023-07-31,22957.0
AUD-003152,FAC-0088,PARACETAMOL,2023-08-31,21778.0
AUD-003153,FAC-0088,PARACETAMOL,2023-09-30,20989.0
AUD-003154,FAC-0088,PARACETAMOL,2023-10-31,26594.0
AUD-003155,FAC-0088,PARACETAMOL,2023-11-30,29300.0
AUD-003156,FAC-0088,PARACETAMOL,2023-12-31,32567.0
AUD-003157,FAC-0088,RIF_INH,2023-01-31,757.0
AUD-003158,FAC-0088,RIF_INH,2023-02-28,1473.0
AUD-003159,FAC-0088,RIF_INH,2023-03-31,2184.0
AUD-003160,FAC-0088,RIF_INH,2023-04-30,2873.0
AUD-003161,FAC-0088,RIF_INH,2023-05-31,3530.0
AUD-003162,FAC-0088,RIF_INH,2023-06-30,4185.0
AUD-003163,FAC-0088,RIF_INH,2023-07-31,4839.0
AUD-003164,FAC-0088,RIF_INH,2023-08-31,5441.0
AUD-003165,FAC-0088,RIF_INH,2023-09-30,5281.0
AUD-003166,FAC-0088,RIF_INH,2023-10-31,5908.0
AUD-003167,FAC-0088,RIF_INH,2023-11-30,6530.0
AUD-003168,FAC-0088,RIF_INH,2023-12-31,8700.0
AUD-003169,FAC-0089,EPINEPHRINE,2023-01-31,13.0
AUD-003170,FAC-0089,EPINEPHRINE,2023-02-28,17.0
AUD-003171,FAC-0089,EPINEPHRINE,2023-03-31,27.0
AUD-003172,FAC-0089,EPINEPHRINE,2023-04-30,39.0
AUD-003173,FAC-0089,EPINEPHRINE,2023-05-31,49.0
AUD-003174,FAC-0089,EPINEPHRINE,2023-06-30,48.0
AUD-003175,FAC-0089,EPINEPHRINE,2023-07-31,60.0
AUD-003176,FAC-0089,EPINEPHRINE,2023-08-31,57.0
AUD-003177,FAC-0089,EPINEPHRINE,2023-09-30,61.0
AUD-003178,FAC-0089,EPINEPHRINE,2023-10-31,69.0
AUD-003179,FAC-0089,EPINEPHRINE,2023-11-30,69.0
AUD-003180,FAC-0089,EPINEPHRINE,2023-12-31,96.0
AUD-003181,FAC-0089,PARACETAMOL,2023-01-31,0.0
AUD-003182,FAC-0089,PARACETAMOL,2023-02-28,9534.0
AUD-003183,FAC-0089,PARACETAMOL,2023-03-31,13315.0
AUD-003184,FAC-0089,PARACETAMOL,2023-04-30,17107.0
AUD-003185,FAC-0089,PARACETAMOL,2023-05-31,20729.0
AUD-003186,FAC-0089,PARACETAMOL,2023-06-30,23472.0
AUD-003187,FAC-0089,PARACETAMOL,2023-07-31,24516.0
AUD-003188,FAC-0089,PARACETAMOL,2023-08-31,24350.0
AUD-003189,FAC-0089,PARACETAMOL,2023-09-30,29316.0
AUD-003190,FAC-0089,PARACETAMOL,2023-10-31,30261.0
AUD-003191,FAC-0089,PARACETAMOL,2023-11-30,27919.0
AUD-003192,FAC-0089,PARACETAMOL,2023-12-31,31221.0
AUD-003193,FAC-0089,RIF_INH,2023-01-31,788.0
AUD-003194,FAC-0089,RIF_INH,2023-02-28,1506.0
AUD-003195,FAC-0089,RIF_INH,2023-03-31,1411.0
AUD-003196,FAC-0089,RIF_INH,2023-04-30,2911.0
AUD-003197,FAC-0089,RIF_INH,2023-05-31,4367.0
AUD-003198,FAC-0089,RIF_INH,2023-06-30,4216.0
AUD-003199,FAC-0089,RIF_INH,2023-07-31,4822.0
AUD-003200,FAC-0089,RIF_INH,2023-08-31,5431.0
AUD-003201,FAC-0089,RIF_INH,2023-09-30,6023.0
AUD-003202,FAC-0089,RIF_INH,2023-10-31,5796.0
AUD-003203,FAC-0089,RIF_INH,2023-11-30,7162.0
AUD-003204,FAC-0089,RIF_INH,2023-12-31,7725.0
AUD-003205,FAC-0090,EPINEPHRINE,2023-01-31,11.0
AUD-003206,FAC-0090,EPINEPHRINE,2023-02-28,15.0
AUD-003207,FAC-0090,EPINEPHRINE,2023-03-31,24.0
AUD-003208,FAC-0090,EPINEPHRINE,2023-04-30,32.0
AUD-003209,FAC-0090,EPINEPHRINE,2023-05-31,42.0
AUD-003210,FAC-0090,EPINEPHRINE,2023-06-30,45.0
AUD-003211,FAC-0090,EPINEPHRINE,2023-07-31,55.0
AUD-003212,FAC-0090,EPINEPHRINE,2023-08-31,61.0
AUD-003213,FAC-0090,EPINEPHRINE,2023-09-30,69.0
AUD-003214,FAC-0090,EPINEPHRINE,2023-10-31,70.0
AUD-003215,FAC-0090,EPINEPHRINE,2023-11-30,76.0
AUD-003216,FAC-0090,EPINEPHRINE,2023-12-31,93.0
AUD-003217,FAC-0090,PARACETAMOL,2023-01-31,4424.0
AUD-003218,FAC-0090,PARACETAMOL,2023-02-28,8549.0
AUD-003219,FAC-0090,PARACETAMOL,2023-03-31,12525.0
AUD-003220,FAC-0090,PARACETAMOL,2023-04-30,16476.0
AUD-003221,FAC-0090,PARACETAMOL,2023-05-31,20386.0
AUD-003222,FAC-0090,PARACETAMOL,2023-06-30,23353.0
AUD-003223,FAC-0090,PARACETAMOL,2023-07-31,24259.0
AUD-003224,FAC-0090,PARACETAMOL,2023-08-31,24140.0
AUD-003225,FAC-0090,PARACETAMOL,2023-09-30,23895.0
AUD-003226,FAC-0090,PARACETAMOL,2023-10-31,25001.0
AUD-003227,FAC-0090,PARACETAMOL,2023-11-30,28018.0
AUD-003228,FAC-0090,PARACETAMOL,2023-12-31,31825.0
AUD-003229,FAC-0090,RIF_INH,2023-01-31,4.0
AUD-003230,FAC-0090,RIF_INH,2023-02-28,1550.0
AUD-003231,FAC-0090,RIF_INH,2023-03-31,2263.0
AUD-003232,FAC-0090,RIF_INH,2023-04-30,2968.0
AUD-003233,FAC-0090,RIF_INH,2023-05-31,3668.0
AUD-003234,FAC-0090,RIF_INH,2023-06-30,4360.0
AUD-003235,FAC-0090,RIF_INH,2023-07-31,5029.0
AUD-003236,FAC-0090,RIF_INH,2023-08-31,5716.0
AUD-003237,FAC-0090,RIF_INH,2023-09-30,6400.0
AUD-003238,FAC-0090,RIF_INH,2023-10-31,7069.0
AUD-003239,FAC-0090,RIF_INH,2023-11-30,7747.0
AUD-003240,FAC-0090,RIF_INH,2023-12-31,9201.0
AUD-003241,FAC-0091,EPINEPHRINE,2023-01-31,12.0
AUD-003242,FAC-0091,EPINEPHRINE,2023-02-28,20.0
AUD-003243,FAC-0091,EPINEPHRINE,2023-03-31,25.0
AUD-003244,FAC-0091,EPINEPHRINE,2023-04-30,24.0
AUD-003245,FAC-0091,EPINEPHRINE,2023-05-31,44.0
AUD-003246,FAC-0091,EPINEPHRINE,2023-06-30,43.0
AUD-003247,FAC-0091,EPINEPHRINE,2023-07-31,53.0
AUD-003248,FAC-0091,EPINEPHRINE,2023-08-31,66.0
AUD-003249,FAC-0091,EPINEPHRINE,2023-09-30,74.0
AUD-003250,FAC-0091,EPINEPHRINE,2023-10-31,86.0
AUD-003251,FAC-0091,EPINEPHRINE,2023-11-30,85.0
AUD-003252,FAC-0091,EPINEPHRINE,2023-12-31,106.0
AUD-003253,FAC-0091,PARACETAMOL,2023-01-31,4779.0
AUD-003254,FAC-0091,PARACETAMOL,2023-02-28,9244.0
AUD-003255,FAC-0091,PARACETAMOL,2023-03-31,13654.0
AUD-003256,FAC-0091,PARACETAMOL,2023-04-30,17959.0
AUD-003257,FAC-0091,PARACETAMOL,2023-05-31,22213.0
AUD-003258,FAC-0091,PARACETAMOL,2023-06-30,26041.0
AUD-003259,FAC-0091,PARACETAMOL,2023-07-31,28636.0
AUD-003260,FAC-0091,PARACETAMOL,2023-08-31,30654.0
AUD-003261,FAC-0091,PARACETAMOL,2023-09-30,37654.0
AUD-003262,FAC-0091,PARACETAMOL,2023-10-31,35459.0
AUD-003263,FAC-0091,PARACETAMOL,2023-11-30,39209.0
AUD-003264,FAC-0091,PARACETAMOL,2023-12-31,48272.0
AUD-003265,FAC-0091,RIF_INH,2023-01-31,770.0
AUD-003266,FAC-0091,RIF_INH,2023-02-28,1529.0
AUD-003267,FAC-0091,RIF_INH,2023-03-31,2280.0
AUD-003268,FAC-0091,RIF_INH,2023-04-30,3034.0
AUD-003269,FAC-0091,RIF_INH,2023-05-31,3751.0
AUD-003270,FAC-0091,RIF_INH,2023-06-30,4475.0
AUD-003271,FAC-0091,RIF_INH,2023-07-31,5204.0
AUD-003272,FAC-0091,RIF_INH,2023-08-31,5908.0
AUD-003273,FAC-0091,RIF_INH,2023-09-30,6600.0
AUD-003274,FAC-0091,RIF_INH,2023-10-31,7288.0
AUD-003275,FAC-0091,RIF_INH,2023-11-30,7984.0
AUD-003276,FAC-0091,RIF_INH,2023-12-31,9465.0
AUD-003277,FAC-0092,EPINEPHRINE,2023-01-31,2.0
AUD-003278,FAC-0092,EPINEPHRINE,2023-02-28,0.0
AUD-003279,FAC-0092,EPINEPHRINE,2023-03-31,9.0
AUD-003280,FAC-0092,EPINEPHRINE,2023-04-30,3.0
AUD-003281,FAC-0092,EPINEPHRINE,2023-05-31,5.0
AUD-003282,FAC-0092,EPINEPHRINE,2023-06-30,15.0
AUD-003283,FAC-0092,EPINEPHRINE,2023-07-31,5.0
AUD-003284,FAC-0092,EPINEPHRINE,2023-08-31,2.0
AUD-003285,FAC-0092,EPINEPHRINE,2023-09-30,21.0
AUD-003286,FAC-0092,EPINEPHRINE,2023-10-31,7.0
AUD-003287,FAC-0092,EPINEPHRINE,2023-11-30,0.0
AUD-003288,FAC-0092,EPINEPHRINE,2023-12-31,2.0
AUD-003289,FAC-0092,PARACETAMOL,2023-01-31,1726.0
AUD-003290,FAC-0092,PARACETAMOL,2023-02-28,2869.0
AUD-003291,FAC-0092,PARACETAMOL,2023-03-31,3845.0
AUD-003292,FAC-0092,PARACETAMOL,2023-04-30,4707.0
AUD-003293,FAC-0092,PARACETAMOL,2023-05-31,5489.0
AUD-003294,FAC-0092,PARACETAMOL,2023-06-30,3794.0
AUD-003295,FAC-0092,PARACETAMOL,2023-07-31,4130.0
AUD-003296,FAC-0092,PARACETAMOL,2023-08-31,3523.0
AUD-003297,FAC-0092,PARACETAMOL,2023-09-30,2.0
AUD-003298,FAC-0092,PARACETAMOL,2023-10-31,3959.0
AUD-003299,FAC-0092,PARACETAMOL,2023-11-30,5.0
AUD-003300,FAC-0092,PARACETAMOL,2023-12-31,1753.0
AUD-003301,FAC-0092,RIF_INH,2023-01-31,586.0
AUD-003302,FAC-0092,RIF_INH,2023-02-28,1140.0
AUD-003303,FAC-0092,RIF_INH,2023-03-31,1645.0
AUD-003304,FAC-0092,RIF_INH,2023-04-30,2130.0
AUD-003305,FAC-0092,RIF_INH,2023-05-31,2601.0
AUD-003306,FAC-0092,RIF_INH,2023-06-30,3073.0
AUD-003307,FAC-0092,RIF_INH,2023-07-31,3562.0
AUD-003308,FAC-0092,RIF_INH,2023-08-31,4028.0
AUD-003309,FAC-0092,RIF_INH,2023-09-30,5310.0
AUD-003310,FAC-0092,RIF_INH,2023-10-31,5785.0
AUD-003311,FAC-0092,RIF_INH,2023-11-30,5447.0
AUD-003312,FAC-0092,RIF_INH,2023-12-31,6708.0
AUD-003313,FAC-0093,EPINEPHRINE,2023-01-31,8.0
AUD-003314,FAC-0093,EPINEPHRINE,2023-02-28,16.0
AUD-003315,FAC-0093,EPINEPHRINE,2023-03-31,22.0
AUD-003316,FAC-0093,EPINEPHRINE,2023-04-30,29.0
AUD-003317,FAC-0093,EPINEPHRINE,2023-05-31,39.0
AUD-003318,FAC-0093,EPINEPHRINE,2023-06-30,41.0
AUD-003319,FAC-0093,EPINEPHRINE,2023-07-31,57.0
AUD-003320,FAC-0093,EPINEPHRINE,2023-08-31,55.0
AUD-003321,FAC-0093,EPINEPHRINE,2023-09-30,63.0
AUD-003322,FAC-0093,EPINEPHRINE,2023-10-31,73.0
AUD-003323,FAC-0093,EPINEPHRINE,2023-11-30,75.0
AUD-003324,FAC-0093,EPINEPHRINE,2023-12-31,91.0
AUD-003325,FAC-0093,PARACETAMOL,2023-01-31,4635.0
AUD-003326,FAC-0093,PARACETAMOL,2023-02-28,8958.0
AUD-003327,FAC-0093,PARACETAMOL,2023-03-31,13149.0
AUD-003328,FAC-0093,PARACETAMOL,2023-04-30,17417.0
AUD-003329,FAC-0093,PARACETAMOL,2023-05-31,21579.0
AUD-003330,FAC-0093,PARACETAMOL,2023-06-30,24959.0
AUD-003331,FAC-0093,PARACETAMOL,2023-07-31,26586.0
AUD-003332,FAC-0093,PARACETAMOL,2023-08-31,26889.0
AUD-003333,FAC-0093,PARACETAMOL,2023-09-30,27608.0
AUD-003334,FAC-0093,PARACETAMOL,2023-10-31,29541.0
AUD-003335,FAC-0093,PARACETAMOL,2023-11-30,37965.0
AUD-003336,FAC-0093,PARACETAMOL,2023-12-31,37048.0
AUD-003337,FAC-0093,RIF_INH,2023-01-31,745.0
AUD-003338,FAC-0093,RIF_INH,2023-02-28,1490.0
AUD-003339,FAC-0093,RIF_INH,2023-03-31,2221.0
AUD-003340,FAC-0093,RIF_INH,2023-04-30,2971.0
AUD-003341,FAC-0093,RIF_INH,2023-05-31,3711.0
AUD-003342,FAC-0093,RIF_INH,2023-06-30,4444.0
AUD-003343,FAC-0093,RIF_INH,2023-07-31,5169.0
AUD-003344,FAC-0093,RIF_INH,2023-08-31,5888.0
AUD-003345,FAC-0093,RIF_INH,2023-09-30,6606.0
AUD-003346,FAC-0093,RIF_INH,2023-10-31,7310.0
AUD-003347,FAC-0093,RIF_INH,2023-11-30,8809.0
AUD-003348,FAC-0093,RIF_INH,2023-12-31,8723.0
AUD-003349,FAC-0094,EPINEPHRINE,2023-01-31,11.0
AUD-003350,FAC-0094,EPINEPHRINE,2023-02-28,23.0
AUD-003351,FAC-0094,EPINEPHRINE,2023-03-31,27.0
AUD-003352,FAC-0094,EPINEPHRINE,2023-04-30,39.0
AUD-003353,FAC-0094,EPINEPHRINE,2023-05-31,47.0
AUD-003354,FAC-0094,EPINEPHRINE,2023-06-30,55.0
AUD-003355,FAC-0094,EPINEPHRINE,2023-07-31,58.0
AUD-003356,FAC-0094,EPINEPHRINE,2023-08-31,59.0
AUD-003357,FAC-0094,EPINEPHRINE,2023-09-30,68.0
AUD-003358,FAC-0094,EPINEPHRINE,2023-10-31,84.0
AUD-003359,FAC-0094,EPINEPHRINE,2023-11-30,88.0
AUD-003360,FAC-0094,EPINEPHRINE,2023-12-31,86.0
AUD-003361,FAC-0094,PARACETAMOL,2023-01-31,4268.0
AUD-003362,FAC-0094,PARACETAMOL,2023-02-28,8458.0
AUD-003363,FAC-0094,PARACETAMOL,2023-03-31,12580.0
AUD-003364,FAC-0094,PARACETAMOL,2023-04-30,16621.0
AUD-003365,FAC-0094,PARACETAMOL,2023-05-31,20466.0
AUD-003366,FAC-0094,PARACETAMOL,2023-06-30,23653.0
AUD-003367,FAC-0094,PARACETAMOL,2023-07-31,25221.0
AUD-003368,FAC-0094,PARACETAMOL,2023-08-31,25611.0
AUD-003369,FAC-0094,PARACETAMOL,2023-09-30,26380.0
AUD-003370,FAC-0094,PARACETAMOL,2023-10-31,23157.0
AUD-003371,FAC-0094,PARACETAMOL,2023-11-30,21563.0
AUD-003372,FAC-0094,PARACETAMOL,2023-12-31,35202.0
AUD-003373,FAC-0094,RIF_INH,2023-01-31,740.0
AUD-003374,FAC-0094,RIF_INH,2023-02-28,1489.0
AUD-003375,FAC-0094,RIF_INH,2023-03-31,1397.0
AUD-003376,FAC-0094,RIF_INH,2023-04-30,2902.0
AUD-003377,FAC-0094,RIF_INH,2023-05-31,3588.0
AUD-003378,FAC-0094,RIF_INH,2023-06-30,4278.0
AUD-003379,FAC-0094,RIF_INH,2023-07-31,4925.0
AUD-003380,FAC-0094,RIF_INH,2023-08-31,5562.0
AUD-003381,FAC-0094,RIF_INH,2023-09-30,6212.0
AUD-003382,FAC-0094,RIF_INH,2023-10-31,7639.0
AUD-003383,FAC-0094,RIF_INH,2023-11-30,7445.0
AUD-003384,FAC-0094,RIF_INH,2023-12-31,8015.0
AUD-003385,FAC-0095,EPINEPHRINE,2023-01-31,9.0
AUD-003386,FAC-0095,EPINEPHRINE,2023-02-28,18.0
AUD-003387,FAC-0095,EPINEPHRINE,2023-03-31,27.0
AUD-003388,FAC-0095,EPINEPHRINE,2023-04-30,31.0
AUD-003389,FAC-0095,EPINEPHRINE,2023-05-31,41.0
AUD-003390,FAC-0095,EPINEPHRINE,2023-06-30,44.0
AUD-003391,FAC-0095,EPINEPHRINE,2023-07-31,51.0
AUD-003392,FAC-0095,EPINEPHRINE,2023-08-31,68.0
AUD-003393,FAC-0095,EPINEPHRINE,2023-09-30,69.0
AUD-003394,FAC-0095,EPINEPHRINE,2023-10-31,65.0
AUD-003395,FAC-0095,EPINEPHRINE,2023-11-30,74.0
AUD-003396,FAC-0095,EPINEPHRINE,2023-12-31,80.0
AUD-003397,FAC-0095,PARACETAMOL,2023-01-31,9029.0
AUD-003398,FAC-0095,PARACETAMOL,2023-02-28,8020.0
AUD-003399,FAC-0095,PARACETAMOL,2023-03-31,11905.0
AUD-003400,FAC-0095,PARACETAMOL,2023-04-30,15874.0
AUD-003401,FAC-0095,PARACETAMOL,2023-05-31,19607.0
AUD-003402,FAC-0095,PARACETAMOL,2023-06-30,22526.0
AUD-003403,FAC-0095,PARACETAMOL,2023-07-31,23494.0
AUD-003404,FAC-0095,PARACETAMOL,2023-08-31,22825.0
AUD-003405,FAC-0095,PARACETAMOL,2023-09-30,22460.0
AUD-003406,FAC-0095,PARACETAMOL,2023-10-31,23519.0
AUD-003407,FAC-0095,PARACETAMOL,2023-11-30,26509.0
AUD-003408,FAC-0095,PARACETAMOL,2023-12-31,30167.0
AUD-003409,FAC-0095,RIF_INH,2023-01-31,730.0
AUD-003410,FAC-0095,RIF_INH,2023-02-28,1456.0
AUD-003411,FAC-0095,RIF_INH,2023-03-31,2161.0
AUD-003412,FAC-0095,RIF_INH,2023-04-30,2081.0
AUD-003413,FAC-0095,RIF_INH,2023-05-31,2772.0
AUD-003414,FAC-0095,RIF_INH,2023-06-30,3463.0
AUD-003415,FAC-0095,RIF_INH,2023-07-31,5753.0
AUD-003416,FAC-0095,RIF_INH,2023-08-31,5611.0
AUD-003417,FAC-0095,RIF_INH,2023-09-30,6267.0
AUD-003418,FAC-0095,RIF_INH,2023-10-31,6951.0
AUD-003419,FAC-0095,RIF_INH,2023-11-30,7588.0
AUD-003420,FAC-0095,RIF_INH,2023-12-31,8208.0
AUD-003421,FAC-0096,EPINEPHRINE,2023-01-31,3.0
AUD-003422,FAC-0096,EPINEPHRINE,2023-02-28,0.0
AUD-003423,FAC-0096,EPINEPHRINE,2023-03-31,1.0
AUD-003424,FAC-0096,EPINEPHRINE,2023-04-30,11.0
AUD-003425,FAC-0096,EPINEPHRINE,2023-05-31,25.0
AUD-003426,FAC-0096,EPINEPHRINE,2023-06-30,21.0
AUD-003427,FAC-0096,EPINEPHRINE,2023-07-31,9.0
AUD-003428,FAC-0096,EPINEPHRINE,2023-08-31,16.0
AUD-003429,FAC-0096,EPINEPHRINE,2023-09-30,13.0
AUD-003430,FAC-0096,EPINEPHRINE,2023-10-31,4.0
AUD-003431,FAC-0096,EPINEPHRINE,2023-11-30,18.0
AUD-003432,FAC-0096,EPINEPHRINE,2023-12-31,17.0
AUD-003433,FAC-0096,PARACETAMOL,2023-01-31,2026.0
AUD-003434,FAC-0096,PARACETAMOL,2023-02-28,3779.0
AUD-003435,FAC-0096,PARACETAMOL,2023-03-31,5522.0
AUD-003436,FAC-0096,PARACETAMOL,2023-04-30,7288.0
AUD-003437,FAC-0096,PARACETAMOL,2023-05-31,8656.0
AUD-003438,FAC-0096,PARACETAMOL,2023-06-30,8073.0
AUD-003439,FAC-0096,PARACETAMOL,2023-07-31,3697.0
AUD-003440,FAC-0096,PARACETAMOL,2023-08-31,4232.0
AUD-003441,FAC-0096,PARACETAMOL,2023-09-30,6.0
AUD-003442,FAC-0096,PARACETAMOL,2023-10-31,0.0
AUD-003443,FAC-0096,PARACETAMOL,2023-11-30,513.0
AUD-003444,FAC-0096,PARACETAMOL,2023-12-31,6970.0
AUD-003445,FAC-0096,RIF_INH,2023-01-31,623.0
AUD-003446,FAC-0096,RIF_INH,2023-02-28,1230.0
AUD-003447,FAC-0096,RIF_INH,2023-03-31,1784.0
AUD-003448,FAC-0096,RIF_INH,2023-04-30,2346.0
AUD-003449,FAC-0096,RIF_INH,2023-05-31,2857.0
AUD-003450,FAC-0096,RIF_INH,2023-06-30,4176.0
AUD-003451,FAC-0096,RIF_INH,2023-07-31,3880.0
AUD-003452,FAC-0096,RIF_INH,2023-08-31,5155.0
AUD-003453,FAC-0096,RIF_INH,2023-09-30,4856.0
AUD-003454,FAC-0096,RIF_INH,2023-10-31,5303.0
AUD-003455,FAC-0096,RIF_INH,2023-11-30,5792.0
AUD-003456,FAC-0096,RIF_INH,2023-12-31,7048.0
AUD-003457,FAC-0097,EPINEPHRINE,2023-01-31,16.0
AUD-003458,FAC-0097,EPINEPHRINE,2023-02-28,23.0
AUD-003459,FAC-0097,EPINEPHRINE,2023-03-31,32.0
AUD-003460,FAC-0097,EPINEPHRINE,2023-04-30,33.0
AUD-003461,FAC-0097,EPINEPHRINE,2023-05-31,45.0
AUD-003462,FAC-0097,EPINEPHRINE,2023-06-30,53.0
AUD-003463,FAC-0097,EPINEPHRINE,2023-07-31,63.0
AUD-003464,FAC-0097,EPINEPHRINE,2023-08-31,68.0
AUD-003465,FAC-0097,EPINEPHRINE,2023-09-30,74.0
AUD-003466,FAC-0097,EPINEPHRINE,2023-10-31,86.0
AUD-003467,FAC-0097,EPINEPHRINE,2023-11-30,105.0
AUD-003468,FAC-0097,EPINEPHRINE,2023-12-31,100.0
AUD-003469,FAC-0097,PARACETAMOL,2023-01-31,3.0
AUD-003470,FAC-0097,PARACETAMOL,2023-02-28,9364.0
AUD-003471,FAC-0097,PARACETAMOL,2023-03-31,13528.0
AUD-003472,FAC-0097,PARACETAMOL,2023-04-30,17799.0
AUD-003473,FAC-0097,PARACETAMOL,2023-05-31,21903.0
AUD-003474,FAC-0097,PARACETAMOL,2023-06-30,25370.0
AUD-003475,FAC-0097,PARACETAMOL,2023-07-31,27332.0
AUD-003476,FAC-0097,PARACETAMOL,2023-08-31,28008.0
AUD-003477,FAC-0097,PARACETAMOL,2023-09-30,29019.0
AUD-003478,FAC-0097,PARACETAMOL,2023-10-31,30981.0
AUD-003479,FAC-0097,PARACETAMOL,2023-11-30,34499.0
AUD-003480,FAC-0097,PARACETAMOL,2023-12-31,38318.0
AUD-003481,FAC-0097,RIF_INH,2023-01-31,764.0
AUD-003482,FAC-0097,RIF_INH,2023-02-28,1499.0
AUD-003483,FAC-0097,RIF_INH,2023-03-31,2229.0
AUD-003484,FAC-0097,RIF_INH,2023-04-30,2974.0
AUD-003485,FAC-0097,RIF_INH,2023-05-31,3677.0
AUD-003486,FAC-0097,RIF_INH,2023-06-30,4383.0
AUD-003487,FAC-0097,RIF_INH,2023-07-31,5074.0
AUD-003488,FAC-0097,RIF_INH,2023-08-31,5755.0
AUD-003489,FAC-0097,RIF_INH,2023-09-30,6438.0
AUD-003490,FAC-0097,RIF_INH,2023-10-31,6304.0
AUD-003491,FAC-0097,RIF_INH,2023-11-30,7778.0
AUD-003492,FAC-0097,RIF_INH,2023-12-31,8417.0
AUD-003493,FAC-0098,EPINEPHRINE,2023-01-31,10.0
AUD-003494,FAC-0098,EPINEPHRINE,2023-02-28,24.0
AUD-003495,FAC-0098,EPINEPHRINE,2023-03-31,31.0
AUD-003496,FAC-0098,EPINEPHRINE,2023-04-30,38.0
AUD-003497,FAC-0098,EPINEPHRINE,2023-05-31,34.0
AUD-003498,FAC-0098,EPINEPHRINE,2023-06-30,57.0
AUD-003499,FAC-0098,EPINEPHRINE,2023-07-31,57.0
AUD-003500,FAC-0098,EPINEPHRINE,2023-08-31,68.0
AUD-003501,FAC-0098,EPINEPHRINE,2023-09-30,73.0
AUD-003502,FAC-0098,EPINEPHRINE,2023-10-31,78.0
AUD-003503,FAC-0098,EPINEPHRINE,2023-11-30,83.0
AUD-003504,FAC-0098,EPINEPHRINE,2023-12-31,99.0
AUD-003505,FAC-0098,PARACETAMOL,2023-01-31,4629.0
AUD-003506,FAC-0098,PARACETAMOL,2023-02-28,8837.0
AUD-003507,FAC-0098,PARACETAMOL,2023-03-31,12972.0
AUD-003508,FAC-0098,PARACETAMOL,2023-04-30,17018.0
AUD-003509,FAC-0098,PARACETAMOL,2023-05-31,21005.0
AUD-003510,FAC-0098,PARACETAMOL,2023-06-30,24403.0
AUD-003511,FAC-0098,PARACETAMOL,2023-07-31,26256.0
AUD-003512,FAC-0098,PARACETAMOL,2023-08-31,26431.0
AUD-003513,FAC-0098,PARACETAMOL,2023-09-30,27271.0
AUD-003514,FAC-0098,PARACETAMOL,2023-10-31,29116.0
AUD-003515,FAC-0098,PARACETAMOL,2023-11-30,37420.0
AUD-003516,FAC-0098,PARACETAMOL,2023-12-31,36095.0
AUD-003517,FAC-0098,RIF_INH,2023-01-31,747.0
AUD-003518,FAC-0098,RIF_INH,2023-02-28,1491.0
AUD-003519,FAC-0098,RIF_INH,2023-03-31,2184.0
AUD-003520,FAC-0098,RIF_INH,2023-04-30,2900.0
AUD-003521,FAC-0098,RIF_INH,2023-05-31,3595.0
AUD-003522,FAC-0098,RIF_INH,2023-06-30,4269.0
AUD-003523,FAC-0098,RIF_INH,2023-07-31,4953.0
AUD-003524,FAC-0098,RIF_INH,2023-08-31,5633.0
AUD-003525,FAC-0098,RIF_INH,2023-09-30,5507.0
AUD-003526,FAC-0098,RIF_INH,2023-10-31,6969.0
AUD-003527,FAC-0098,RIF_INH,2023-11-30,8402.0
AUD-003528,FAC-0098,RIF_INH,2023-12-31,8202.0
AUD-003529,FAC-0099,EPINEPHRINE,2023-01-31,7.0
AUD-003530,FAC-0099,EPINEPHRINE,2023-02-28,17.0
AUD-003531,FAC-0099,EPINEPHRINE,2023-03-31,22.0
AUD-003532,FAC-0099,EPINEPHRINE,2023-04-30,31.0
AUD-003533,FAC-0099,EPINEPHRINE,2023-05-31,37.0
AUD-003534,FAC-0099,EPINEPHRINE,2023-06-30,54.0
AUD-003535,FAC-0099,EPINEPHRINE,2023-07-31,54.0
AUD-003536,FAC-0099,EPINEPHRINE,2023-08-31,57.0
AUD-003537,FAC-0099,EPINEPHRINE,2023-09-30,58.0
AUD-003538,FAC-0099,EPINEPHRINE,2023-10-31,69.0
AUD-003539,FAC-0099,EPINEPHRINE,2023-11-30,68.0
AUD-003540,FAC-0099,EPINEPHRINE,2023-12-31,82.0
AUD-003541,FAC-0099,PARACETAMOL,2023-01-31,4238.0
AUD-003542,FAC-0099,PARACETAMOL,2023-02-28,8394.0
AUD-003543,FAC-0099,PARACETAMOL,2023-03-31,12438.0
AUD-003544,FAC-0099,PARACETAMOL,2023-04-30,16502.0
AUD-003545,FAC-0099,PARACETAMOL,2023-05-31,20345.0
AUD-003546,FAC-0099,PARACETAMOL,2023-06-30,18607.0
AUD-003547,FAC-0099,PARACETAMOL,2023-07-31,24824.0
AUD-003548,FAC-0099,PARACETAMOL,2023-08-31,29469.0
AUD-003549,FAC-0099,PARACETAMOL,2023-09-30,24653.0
AUD-003550,FAC-0099,PARACETAMOL,2023-10-31,25892.0
AUD-003551,FAC-0099,PARACETAMOL,2023-11-30,29141.0
AUD-003552,FAC-0099,PARACETAMOL,2023-12-31,27987.0
AUD-003553,FAC-0099,RIF_INH,2023-01-31,758.0
AUD-003554,FAC-0099,RIF_INH,2023-02-28,1499.0
AUD-003555,FAC-0099,RIF_INH,2023-03-31,2199.0
AUD-003556,FAC-0099,RIF_INH,2023-04-30,2917.0
AUD-003557,FAC-0099,RIF_INH,2023-05-31,3611.0
AUD-003558,FAC-0099,RIF_INH,2023-06-30,3518.0
AUD-003559,FAC-0099,RIF_INH,2023-07-31,5014.0
AUD-003560,FAC-0099,RIF_INH,2023-08-31,5707.0
AUD-003561,FAC-0099,RIF_INH,2023-09-30,6374.0
AUD-003562,FAC-0099,RIF_INH,2023-10-31,7054.0
AUD-003563,FAC-0099,RIF_INH,2023-11-30,8524.0
AUD-003564,FAC-0099,RIF_INH,2023-12-31,9186.0
AUD-003565,FAC-0100,EPINEPHRINE,2023-01-31,20.0
AUD-003566,FAC-0100,EPINEPHRINE,2023-02-28,7.0
AUD-003567,FAC-0100,EPINEPHRINE,2023-03-31,5.0
AUD-003568,FAC-0100,EPINEPHRINE,2023-04-30,15.0
AUD-003569,FAC-0100,EPINEPHRINE,2023-05-31,20.0
AUD-003570,FAC-0100,EPINEPHRINE,2023-06-30,3.0
AUD-003571,FAC-0100,EPINEPHRINE,2023-07-31,0.0
AUD-003572,FAC-0100,EPINEPHRINE,2023-08-31,7.0
AUD-003573,FAC-0100,EPINEPHRINE,2023-09-30,9.0
AUD-003574,FAC-0100,EPINEPHRINE,2023-10-31,14.0
AUD-003575,FAC-0100,EPINEPHRINE,2023-11-30,9.0
AUD-003576,FAC-0100,EPINEPHRINE,2023-12-31,16.0
AUD-003577,FAC-0100,PARACETAMOL,2023-01-31,3293.0
AUD-003578,FAC-0100,PARACETAMOL,2023-02-28,4944.0
AUD-003579,FAC-0100,PARACETAMOL,2023-03-31,6326.0
AUD-003580,FAC-0100,PARACETAMOL,2023-04-30,7774.0
AUD-003581,FAC-0100,PARACETAMOL,2023-05-31,14001.0
AUD-003582,FAC-0100,PARACETAMOL,2023-06-30,8054.0
AUD-003583,FAC-0100,PARACETAMOL,2023-07-31,3313.0
AUD-003584,FAC-0100,PARACETAMOL,2023-08-31,4636.0
AUD-003585,FAC-0100,PARACETAMOL,2023-09-30,4630.0
AUD-003586,FAC-0100,PARACETAMOL,2023-10-31,4.0
AUD-003587,FAC-0100,PARACETAMOL,2023-11-30,8684.0
AUD-003588,FAC-0100,PARACETAMOL,2023-12-31,5115.0
AUD-003589,FAC-0100,RIF_INH,2023-01-31,699.0
AUD-003590,FAC-0100,RIF_INH,2023-02-28,1311.0
AUD-003591,FAC-0100,RIF_INH,2023-03-31,1878.0
AUD-003592,FAC-0100,RIF_INH,2023-04-30,2390.0
AUD-003593,FAC-0100,RIF_INH,2023-05-31,2878.0
AUD-003594,FAC-0100,RIF_INH,2023-06-30,3393.0
AUD-003595,FAC-0100,RIF_INH,2023-07-31,3895.0
AUD-003596,FAC-0100,RIF_INH,2023-08-31,4375.0
AUD-003597,FAC-0100,RIF_INH,2023-09-30,5639.0
AUD-003598,FAC-0100,RIF_INH,2023-10-31,5299.0
AUD-003599,FAC-0100,RIF_INH,2023-11-30,5781.0
AUD-003600,FAC-0100,RIF_INH,2023-12-31,7024.0
