event_id,facility_id,medicine_code,stockout_date,estimated_unmet_demand
STK-000001,FAC-0001,EPINEPHRINE,2023-01-02,2.0
STK-000002,FAC-0001,PARACETAMOL,2023-01-01,108.0
STK-000003,FAC-0001,PARACETAMOL,2023-01-02,123.0
STK-000004,FAC-0001,PARACETAMOL,2023-01-03,113.0
STK-000005,FAC-0001,PARACETAMOL,2023-01-04,88.0
STK-000006,FAC-0001,PARACETAMOL,2023-01-05,113.0
STK-000007,FAC-0001,PARACETAMOL,2023-01-06,85.0
STK-000008,FAC-0001,PARACETAMOL,2023-01-07,106.0
STK-000009,FAC-0001,PARACETAMOL,2023-01-08,77.0
STK-000010,FAC-0001,PARACETAMOL,2023-01-09,107.0
STK-000011,FAC-0001,PARACETAMOL,2023-01-10,119.0
STK-000012,FAC-0001,PARACETAMOL,2023-01-11,60.0
STK-000013,FAC-0001,PARACETAMOL,2023-01-12,79.0
STK-000014,FAC-0001,PARACETAMOL,2023-01-13,79.0
STK-000015,FAC-0001,PARACETAMOL,2023-09-27,232.0
STK-000016,FAC-0001,PARACETAMOL,2023-09-28,306.0
STK-000017,FAC-0001,PARACETAMOL,2023-09-29,440.0
STK-000018,FAC-0001,PARACETAMOL,2023-09-30,332.0
STK-000019,FAC-0001,PARACETAMOL,2023-10-01,198.0
STK-000020,FAC-0001,PARACETAMOL,2023-10-02,217.0
STK-000021,FAC-0001,PARACETAMOL,2023-10-21,5.0
STK-000022,FAC-0001,PARACETAMOL,2023-10-22,279.0
STK-000023,FAC-0001,PARACETAMOL,2023-10-23,250.0
STK-000024,FAC-0001,PARACETAMOL,2023-10-24,177.0
STK-000025,FAC-0001,PARACETAMOL,2023-10-25,215.0
STK-000026,FAC-0001,PARACETAMOL,2023-10-26,160.0
STK-000027,FAC-0001,PARACETAMOL,2023-10-27,192.0
STK-000028,FAC-0001,PARACETAMOL,2023-11-29,23.0
STK-000029,FAC-0001,PARACETAMOL,2023-11-30,64.0
STK-000030,FAC-0001,PARACETAMOL,2023-12-01,77.0
STK-000031,FAC-0001,PARACETAMOL,2023-12-02,81.0
STK-000032,FAC-0001,RIF_INH,2023-01-01,3.0
STK-000033,FAC-0001,RIF_INH,2023-01-02,7.0
STK-000034,FAC-0002,EPINEPHRINE,2023-01-14,1.0
STK-000035,FAC-0002,EPINEPHRINE,2023-01-19,1.0
STK-000036,FAC-0002,PARACETAMOL,2023-01-01,13.0
STK-000037,FAC-0002,PARACETAMOL,2023-01-02,31.0
STK-000038,FAC-0002,PARACETAMOL,2023-01-03,28.0
STK-000039,FAC-0002,RIF_INH,2023-01-01,2.0
STK-000040,FAC-0002,RIF_INH,2023-01-02,2.0
STK-000041,FAC-0003,EPINEPHRINE,2023-01-01,1.0
STK-000042,FAC-0003,EPINEPHRINE,2023-01-02,1.0
STK-000043,FAC-0003,EPINEPHRINE,2023-01-04,1.0
STK-000044,FAC-0003,EPINEPHRINE,2023-01-05,1.0
STK-000045,FAC-0003,EPINEPHRINE,2023-01-08,2.0
STK-000046,FAC-0003,EPINEPHRINE,2023-01-09,1.0
STK-000047,FAC-0003,EPINEPHRINE,2023-01-12,2.0
STK-000048,FAC-0003,EPINEPHRINE,2023-01-16,1.0
STK-000049,FAC-0003,EPINEPHRINE,2023-02-02,2.0
STK-000050,FAC-0003,EPINEPHRINE,2023-02-03,2.0
STK-000051,FAC-0003,EPINEPHRINE,2023-02-05,1.0
STK-000052,FAC-0003,EPINEPHRINE,2023-02-06,2.0
STK-000053,FAC-0003,EPINEPHRINE,2023-02-24,2.0
STK-000054,FAC-0003,EPINEPHRINE,2023-02-26,1.0
STK-000055,FAC-0003,EPINEPHRINE,2023-02-27,1.0
STK-000056,FAC-0003,EPINEPHRINE,2023-03-02,1.0
STK-000057,FAC-0003,EPINEPHRINE,2023-03-03,2.0
STK-000058,FAC-0003,EPINEPHRINE,2023-04-03,2.0
STK-000059,FAC-0003,EPINEPHRINE,2023-04-24,2.0
STK-000060,FAC-0003,EPINEPHRINE,2023-04-27,1.0
STK-000061,FAC-0003,EPINEPHRINE,2023-04-28,2.0
STK-000062,FAC-0003,EPINEPHRINE,2023-05-02,2.0
STK-000063,FAC-0003,EPINEPHRINE,2023-05-22,1.0
STK-000064,FAC-0003,EPINEPHRINE,2023-05-25,1.0
STK-000065,FAC-0003,EPINEPHRINE,2023-05-26,1.0
STK-000066,FAC-0003,EPINEPHRINE,2023-05-30,1.0
STK-000067,FAC-0003,EPINEPHRINE,2023-05-31,1.0
STK-000068,FAC-0003,EPINEPHRINE,2023-06-01,2.0
STK-000069,FAC-0003,EPINEPHRINE,2023-06-02,1.0
STK-000070,FAC-0003,EPINEPHRINE,2023-06-04,1.0
STK-000071,FAC-0003,EPINEPHRINE,2023-06-05,1.0
STK-000072,FAC-0003,EPINEPHRINE,2023-06-06,1.0
STK-000073,FAC-0003,EPINEPHRINE,2023-06-08,1.0
STK-000074,FAC-0003,EPINEPHRINE,2023-06-11,1.0
STK-000075,FAC-0003,EPINEPHRINE,2023-06-13,1.0
STK-000076,FAC-0003,EPINEPHRINE,2023-06-14,1.0
STK-000077,FAC-0003,EPINEPHRINE,2023-06-15,1.0
STK-000078,FAC-0003,EPINEPHRINE,2023-07-23,1.0
STK-000079,FAC-0003,EPINEPHRINE,2023-07-26,1.0
STK-000080,FAC-0003,EPINEPHRINE,2023-07-27,1.0
STK-000081,FAC-0003,EPINEPHRINE,2023-07-29,1.0
STK-000082,FAC-0003,EPINEPHRINE,2023-08-13,1.0
STK-000083,FAC-0003,EPINEPHRINE,2023-08-14,1.0
STK-000084,FAC-0003,EPINEPHRINE,2023-08-15,1.0
STK-000085,FAC-0003,EPINEPHRINE,2023-08-19,1.0
STK-000086,FAC-0003,EPINEPHRINE,2023-08-24,1.0
STK-000087,FAC-0003,EPINEPHRINE,2023-08-27,1.0
STK-000088,FAC-0003,EPINEPHRINE,2023-08-29,2.0
STK-000089,FAC-0003,EPINEPHRINE,2023-08-30,1.0
STK-000090,FAC-0003,EPINEPHRINE,2023-08-31,1.0
STK-000091,FAC-0003,EPINEPHRINE,2023-10-05,1.0
STK-000092,FAC-0003,EPINEPHRINE,2023-10-06,1.0
STK-000093,FAC-0003,EPINEPHRINE,2023-10-24,1.0
STK-000094,FAC-0003,EPINEPHRINE,2023-10-25,1.0
STK-000095,FAC-0003,EPINEPHRINE,2023-10-28,1.0
STK-000096,FAC-0003,EPINEPHRINE,2023-10-29,1.0
STK-000097,FAC-0003,EPINEPHRINE,2023-10-30,1.0
STK-000098,FAC-0003,EPINEPHRINE,2023-11-10,1.0
STK-000099,FAC-0003,EPINEPHRINE,2023-11-11,1.0
STK-000100,FAC-0003,EPINEPHRINE,2023-11-12,1.0
STK-000101,FAC-0003,EPINEPHRINE,2023-11-18,1.0
STK-000102,FAC-0003,EPINEPHRINE,2023-11-23,1.0
STK-000103,FAC-0003,EPINEPHRINE,2023-11-29,1.0
STK-000104,FAC-0003,EPINEPHRINE,2023-12-01,2.0
STK-000105,FAC-0003,EPINEPHRINE,2023-12-02,1.0
STK-000106,FAC-0003,EPINEPHRINE,2023-12-14,1.0
STK-000107,FAC-0003,EPINEPHRINE,2023-12-15,1.0
STK-000108,FAC-0003,EPINEPHRINE,2023-12-16,1.0
STK-000109,FAC-0003,EPINEPHRINE,2023-12-19,1.0
STK-000110,FAC-0003,EPINEPHRINE,2023-12-20,2.0
STK-000111,FAC-0003,EPINEPHRINE,2023-12-22,2.0
STK-000112,FAC-0003,EPINEPHRINE,2023-12-23,1.0
STK-000113,FAC-0003,EPINEPHRINE,2023-12-24,2.0
STK-000114,FAC-0003,EPINEPHRINE,2023-12-30,1.0
STK-000115,FAC-0003,PARACETAMOL,2023-01-01,197.0
STK-000116,FAC-0003,PARACETAMOL,2023-01-02,143.0
STK-000117,FAC-0003,PARACETAMOL,2023-01-03,142.0
STK-000118,FAC-0003,PARACETAMOL,2023-01-04,137.0
STK-000119,FAC-0003,PARACETAMOL,2023-01-05,148.0
STK-000120,FAC-0003,PARACETAMOL,2023-01-06,142.0
STK-000121,FAC-0003,PARACETAMOL,2023-01-07,200.0
STK-000122,FAC-0003,PARACETAMOL,2023-01-08,152.0
STK-000123,FAC-0003,PARACETAMOL,2023-01-09,163.0
STK-000124,FAC-0003,PARACETAMOL,2023-01-10,160.0
STK-000125,FAC-0003,PARACETAMOL,2023-01-11,182.0
STK-000126,FAC-0003,PARACETAMOL,2023-01-12,163.0
STK-000127,FAC-0003,PARACETAMOL,2023-01-13,135.0
STK-000128,FAC-0003,PARACETAMOL,2023-01-14,153.0
STK-000129,FAC-0003,PARACETAMOL,2023-01-15,134.0
STK-000130,FAC-0003,PARACETAMOL,2023-01-16,149.0
STK-000131,FAC-0003,PARACETAMOL,2023-01-17,167.0
STK-000132,FAC-0003,PARACETAMOL,2023-01-18,161.0
STK-000133,FAC-0003,PARACETAMOL,2023-01-19,141.0
STK-000134,FAC-0003,PARACETAMOL,2023-01-20,185.0
STK-000135,FAC-0003,PARACETAMOL,2023-01-21,119.0
STK-000136,FAC-0003,PARACETAMOL,2023-07-16,317.0
STK-000137,FAC-0003,PARACETAMOL,2023-07-17,377.0
STK-000138,FAC-0003,PARACETAMOL,2023-07-18,528.0
STK-000139,FAC-0003,PARACETAMOL,2023-07-19,509.0
STK-000140,FAC-0003,PARACETAMOL,2023-07-20,592.0
STK-000141,FAC-0003,PARACETAMOL,2023-07-21,528.0
STK-000142,FAC-0003,PARACETAMOL,2023-07-22,470.0
STK-000143,FAC-0003,PARACETAMOL,2023-07-23,474.0
STK-000144,FAC-0003,PARACETAMOL,2023-07-24,381.0
STK-000145,FAC-0003,PARACETAMOL,2023-07-25,497.0
STK-000146,FAC-0003,PARACETAMOL,2023-07-26,520.0
STK-000147,FAC-0003,PARACETAMOL,2023-07-27,572.0
STK-000148,FAC-0003,PARACETAMOL,2023-07-28,541.0
STK-000149,FAC-0003,PARACETAMOL,2023-07-29,596.0
STK-000150,FAC-0003,PARACETAMOL,2023-08-08,220.0
STK-000151,FAC-0003,PARACETAMOL,2023-08-09,559.0
STK-000152,FAC-0003,PARACETAMOL,2023-08-10,389.0
STK-000153,FAC-0003,PARACETAMOL,2023-08-11,606.0
STK-000154,FAC-0003,PARACETAMOL,2023-08-12,640.0
STK-000155,FAC-0003,PARACETAMOL,2023-08-13,556.0
STK-000156,FAC-0003,PARACETAMOL,2023-08-14,702.0
STK-000157,FAC-0003,PARACETAMOL,2023-08-15,646.0
STK-000158,FAC-0003,PARACETAMOL,2023-08-16,599.0
STK-000159,FAC-0003,PARACETAMOL,2023-08-17,616.0
STK-000160,FAC-0003,PARACETAMOL,2023-08-18,584.0
STK-000161,FAC-0003,PARACETAMOL,2023-08-19,591.0
STK-000162,FAC-0003,PARACETAMOL,2023-08-20,503.0
STK-000163,FAC-0003,PARACETAMOL,2023-08-21,592.0
STK-000164,FAC-0003,PARACETAMOL,2023-08-22,518.0
STK-000165,FAC-0003,PARACETAMOL,2023-08-23,567.0
STK-000166,FAC-0003,PARACETAMOL,2023-08-24,509.0
STK-000167,FAC-0003,PARACETAMOL,2023-08-25,654.0
STK-000168,FAC-0003,PARACETAMOL,2023-08-26,603.0
STK-000169,FAC-0003,PARACETAMOL,2023-08-27,572.0
STK-000170,FAC-0003,PARACETAMOL,2023-08-28,516.0
STK-000171,FAC-0003,PARACETAMOL,2023-08-29,619.0
STK-000172,FAC-0003,PARACETAMOL,2023-08-30,647.0
STK-000173,FAC-0003,PARACETAMOL,2023-08-31,539.0
STK-000174,FAC-0003,PARACETAMOL,2023-09-01,510.0
STK-000175,FAC-0003,PARACETAMOL,2023-09-02,768.0
STK-000176,FAC-0003,PARACETAMOL,2023-09-03,593.0
STK-000177,FAC-0003,PARACETAMOL,2023-09-04,517.0
STK-000178,FAC-0003,PARACETAMOL,2023-09-05,728.0
STK-000179,FAC-0003,PARACETAMOL,2023-09-06,636.0
STK-000180,FAC-0003,PARACETAMOL,2023-09-07,510.0
STK-000181,FAC-0003,PARACETAMOL,2023-09-08,630.0
STK-000182,FAC-0003,PARACETAMOL,2023-09-09,708.0
STK-000183,FAC-0003,PARACETAMOL,2023-09-10,636.0
STK-000184,FAC-0003,PARACETAMOL,2023-09-11,610.0
STK-000185,FAC-0003,PARACETAMOL,2023-09-12,501.0
STK-000186,FAC-0003,PARACETAMOL,2023-09-13,569.0
STK-000187,FAC-0003,PARACETAMOL,2023-09-14,522.0
STK-000188,FAC-0003,PARACETAMOL,2023-09-23,83.0
STK-000189,FAC-0003,PARACETAMOL,2023-09-24,546.0
STK-000190,FAC-0003,PARACETAMOL,2023-09-25,605.0
STK-000191,FAC-0003,PARACETAMOL,2023-09-26,641.0
STK-000192,FAC-0003,PARACETAMOL,2023-09-27,579.0
STK-000193,FAC-0003,PARACETAMOL,2023-09-28,451.0
STK-000194,FAC-0003,PARACETAMOL,2023-09-29,594.0
STK-000195,FAC-0003,PARACETAMOL,2023-09-30,522.0
STK-000196,FAC-0003,PARACETAMOL,2023-10-01,563.0
STK-000197,FAC-0003,PARACETAMOL,2023-10-13,456.0
STK-000198,FAC-0003,PARACETAMOL,2023-10-14,346.0
STK-000199,FAC-0003,PARACETAMOL,2023-10-15,507.0
STK-000200,FAC-0003,PARACETAMOL,2023-10-16,495.0
STK-000201,FAC-0003,PARACETAMOL,2023-10-17,489.0
STK-000202,FAC-0003,PARACETAMOL,2023-10-18,410.0
STK-000203,FAC-0003,PARACETAMOL,2023-10-19,387.0
STK-000204,FAC-0003,PARACETAMOL,2023-10-20,260.0
STK-000205,FAC-0003,PARACETAMOL,2023-10-21,358.0
STK-000206,FAC-0003,PARACETAMOL,2023-10-22,357.0
STK-000207,FAC-0003,PARACETAMOL,2023-10-23,384.0
STK-000208,FAC-0003,PARACETAMOL,2023-10-24,412.0
STK-000209,FAC-0003,PARACETAMOL,2023-10-25,399.0
STK-000210,FAC-0003,PARACETAMOL,2023-10-26,329.0
STK-000211,FAC-0003,PARACETAMOL,2023-10-27,370.0
STK-000212,FAC-0003,PARACETAMOL,2023-10-28,315.0
STK-000213,FAC-0003,PARACETAMOL,2023-10-29,338.0
STK-000214,FAC-0003,PARACETAMOL,2023-10-30,386.0
STK-000215,FAC-0003,PARACETAMOL,2023-11-18,146.0
STK-000216,FAC-0003,PARACETAMOL,2023-11-19,186.0
STK-000217,FAC-0003,PARACETAMOL,2023-11-20,207.0
STK-000218,FAC-0003,PARACETAMOL,2023-11-21,207.0
STK-000219,FAC-0003,PARACETAMOL,2023-11-22,204.0
STK-000220,FAC-0003,PARACETAMOL,2023-11-23,162.0
STK-000221,FAC-0003,PARACETAMOL,2023-11-24,191.0
STK-000222,FAC-0003,PARACETAMOL,2023-11-25,160.0
STK-000223,FAC-0003,PARACETAMOL,2023-11-26,205.0
STK-000224,FAC-0003,PARACETAMOL,2023-11-27,215.0
STK-000225,FAC-0003,PARACETAMOL,2023-11-28,209.0
STK-000226,FAC-0003,PARACETAMOL,2023-11-29,183.0
STK-000227,FAC-0003,PARACETAMOL,2023-11-30,142.0
STK-000228,FAC-0003,PARACETAMOL,2023-12-01,138.0
STK-000229,FAC-0003,PARACETAMOL,2023-12-02,170.0
STK-000230,FAC-0003,PARACETAMOL,2023-12-03,161.0
STK-000231,FAC-0003,PARACETAMOL,2023-12-04,186.0
STK-000232,FAC-0003,PARACETAMOL,2023-12-05,169.0
STK-000233,FAC-0003,RIF_INH,2023-01-01,8.0
STK-000234,FAC-0003,RIF_INH,2023-01-02,8.0
STK-000235,FAC-0003,RIF_INH,2023-01-03,11.0
STK-000236,FAC-0003,RIF_INH,2023-01-04,8.0
STK-000237,FAC-0003,RIF_INH,2023-01-05,8.0
STK-000238,FAC-0003,RIF_INH,2023-01-06,11.0
STK-000239,FAC-0003,RIF_INH,2023-01-07,14.0
STK-000240,FAC-0003,RIF_INH,2023-01-08,9.0
STK-000241,FAC-0003,RIF_INH,2023-01-09,13.0
STK-000242,FAC-0003,RIF_INH,2023-01-10,10.0
STK-000243,FAC-0003,RIF_INH,2023-01-11,9.0
STK-000244,FAC-0003,RIF_INH,2023-01-12,5.0
STK-000245,FAC-0003,RIF_INH,2023-01-13,7.0
STK-000246,FAC-0003,RIF_INH,2023-01-14,11.0
STK-000247,FAC-0003,RIF_INH,2023-01-15,7.0
STK-000248,FAC-0003,RIF_INH,2023-01-16,13.0
STK-000249,FAC-0003,RIF_INH,2023-01-17,6.0
STK-000250,FAC-0003,RIF_INH,2023-01-18,11.0
STK-000251,FAC-0003,RIF_INH,2023-01-19,12.0
STK-000252,FAC-0004,EPINEPHRINE,2023-02-01,2.0
STK-000253,FAC-0004,EPINEPHRINE,2023-02-02,1.0
STK-000254,FAC-0004,EPINEPHRINE,2023-11-13,1.0
STK-000255,FAC-0004,PARACETAMOL,2023-01-01,90.0
STK-000256,FAC-0004,PARACETAMOL,2023-01-02,80.0
STK-000257,FAC-0004,PARACETAMOL,2023-01-03,55.0
STK-000258,FAC-0004,PARACETAMOL,2023-01-04,77.0
STK-000259,FAC-0004,PARACETAMOL,2023-01-05,70.0
STK-000260,FAC-0004,PARACETAMOL,2023-01-06,102.0
STK-000261,FAC-0004,PARACETAMOL,2023-01-07,78.0
STK-000262,FAC-0004,RIF_INH,2023-01-01,6.0
STK-000263,FAC-0004,RIF_INH,2023-01-02,2.0
STK-000264,FAC-0004,RIF_INH,2023-01-03,11.0
STK-000265,FAC-0004,RIF_INH,2023-01-04,8.0
STK-000266,FAC-0005,EPINEPHRINE,2023-01-10,1.0
STK-000267,FAC-0005,EPINEPHRINE,2023-01-12,1.0
STK-000268,FAC-0005,EPINEPHRINE,2023-01-23,1.0
STK-000269,FAC-0005,PARACETAMOL,2023-01-01,22.0
STK-000270,FAC-0005,PARACETAMOL,2023-01-02,26.0
STK-000271,FAC-0005,PARACETAMOL,2023-01-03,39.0
STK-000272,FAC-0005,PARACETAMOL,2023-01-04,27.0
STK-000273,FAC-0005,PARACETAMOL,2023-01-05,26.0
STK-000274,FAC-0005,RIF_INH,2023-01-02,1.0
STK-000275,FAC-0005,RIF_INH,2023-01-04,1.0
STK-000276,FAC-0005,RIF_INH,2023-01-05,1.0
STK-000277,FAC-0006,EPINEPHRINE,2023-02-02,1.0
STK-000278,FAC-0006,EPINEPHRINE,2023-03-01,2.0
STK-000279,FAC-0006,EPINEPHRINE,2023-03-02,1.0
STK-000280,FAC-0006,EPINEPHRINE,2023-05-30,1.0
STK-000281,FAC-0006,EPINEPHRINE,2023-05-31,2.0
STK-000282,FAC-0006,EPINEPHRINE,2023-06-01,1.0
STK-000283,FAC-0006,EPINEPHRINE,2023-07-25,1.0
STK-000284,FAC-0006,EPINEPHRINE,2023-07-28,1.0
STK-000285,FAC-0006,EPINEPHRINE,2023-07-29,1.0
STK-000286,FAC-0006,EPINEPHRINE,2023-08-28,1.0
STK-000287,FAC-0006,EPINEPHRINE,2023-08-29,2.0
STK-000288,FAC-0006,EPINEPHRINE,2023-10-24,1.0
STK-000289,FAC-0006,EPINEPHRINE,2023-10-25,1.0
STK-000290,FAC-0006,EPINEPHRINE,2023-10-27,1.0
STK-000291,FAC-0006,EPINEPHRINE,2023-11-19,1.0
STK-000292,FAC-0006,EPINEPHRINE,2023-11-23,1.0
STK-000293,FAC-0006,EPINEPHRINE,2023-11-24,2.0
STK-000294,FAC-0006,EPINEPHRINE,2023-11-25,3.0
STK-000295,FAC-0006,EPINEPHRINE,2023-11-28,1.0
STK-000296,FAC-0006,EPINEPHRINE,2023-11-29,1.0
STK-000297,FAC-0006,EPINEPHRINE,2023-12-26,1.0
STK-000298,FAC-0006,EPINEPHRINE,2023-12-27,2.0
STK-000299,FAC-0006,PARACETAMOL,2023-01-01,106.0
STK-000300,FAC-0006,PARACETAMOL,2023-01-02,120.0
STK-000301,FAC-0006,PARACETAMOL,2023-01-03,139.0
STK-000302,FAC-0006,PARACETAMOL,2023-01-04,120.0
STK-000303,FAC-0006,PARACETAMOL,2023-01-05,107.0
STK-000304,FAC-0006,PARACETAMOL,2023-01-06,109.0
STK-000305,FAC-0006,PARACETAMOL,2023-01-07,120.0
STK-000306,FAC-0006,PARACETAMOL,2023-01-08,109.0
STK-000307,FAC-0006,PARACETAMOL,2023-01-09,119.0
STK-000308,FAC-0006,PARACETAMOL,2023-01-10,145.0
STK-000309,FAC-0006,PARACETAMOL,2023-01-11,108.0
STK-000310,FAC-0006,PARACETAMOL,2023-01-12,133.0
STK-000311,FAC-0006,PARACETAMOL,2023-01-13,120.0
STK-000312,FAC-0006,PARACETAMOL,2023-08-26,138.0
STK-000313,FAC-0006,PARACETAMOL,2023-08-27,334.0
STK-000314,FAC-0006,PARACETAMOL,2023-08-28,510.0
STK-000315,FAC-0006,PARACETAMOL,2023-08-29,401.0
STK-000316,FAC-0006,PARACETAMOL,2023-09-12,51.0
STK-000317,FAC-0006,PARACETAMOL,2023-09-13,339.0
STK-000318,FAC-0006,PARACETAMOL,2023-09-14,377.0
STK-000319,FAC-0006,PARACETAMOL,2023-09-15,387.0
STK-000320,FAC-0006,PARACETAMOL,2023-09-16,363.0
STK-000321,FAC-0006,PARACETAMOL,2023-09-17,413.0
STK-000322,FAC-0006,PARACETAMOL,2023-09-18,398.0
STK-000323,FAC-0006,PARACETAMOL,2023-09-19,399.0
STK-000324,FAC-0006,PARACETAMOL,2023-09-20,402.0
STK-000325,FAC-0006,PARACETAMOL,2023-09-21,386.0
STK-000326,FAC-0006,PARACETAMOL,2023-09-22,415.0
STK-000327,FAC-0006,PARACETAMOL,2023-09-23,280.0
STK-000328,FAC-0006,PARACETAMOL,2023-09-24,292.0
STK-000329,FAC-0006,PARACETAMOL,2023-09-25,339.0
STK-000330,FAC-0006,PARACETAMOL,2023-09-26,314.0
STK-000331,FAC-0006,PARACETAMOL,2023-09-27,388.0
STK-000332,FAC-0006,PARACETAMOL,2023-10-12,185.0
STK-000333,FAC-0006,PARACETAMOL,2023-10-13,356.0
STK-000334,FAC-0006,PARACETAMOL,2023-10-14,277.0
STK-000335,FAC-0006,PARACETAMOL,2023-10-15,287.0
STK-000336,FAC-0006,PARACETAMOL,2023-10-16,329.0
STK-000337,FAC-0006,PARACETAMOL,2023-10-17,321.0
STK-000338,FAC-0006,PARACETAMOL,2023-10-18,267.0
STK-000339,FAC-0006,PARACETAMOL,2023-10-19,317.0
STK-000340,FAC-0006,PARACETAMOL,2023-10-20,301.0
STK-000341,FAC-0006,PARACETAMOL,2023-10-21,256.0
STK-000342,FAC-0006,PARACETAMOL,2023-10-22,205.0
STK-000343,FAC-0006,PARACETAMOL,2023-10-23,223.0
STK-000344,FAC-0006,PARACETAMOL,2023-10-24,213.0
STK-000345,FAC-0006,PARACETAMOL,2023-10-25,178.0
STK-000346,FAC-0006,PARACETAMOL,2023-10-26,244.0
STK-000347,FAC-0006,PARACETAMOL,2023-10-27,331.0
STK-000348,FAC-0006,PARACETAMOL,2023-10-28,234.0
STK-000349,FAC-0006,PARACETAMOL,2023-10-29,249.0
STK-000350,FAC-0006,PARACETAMOL,2023-10-30,295.0
STK-000351,FAC-0006,PARACETAMOL,2023-10-31,212.0
STK-000352,FAC-0006,PARACETAMOL,2023-11-01,306.0
STK-000353,FAC-0006,PARACETAMOL,2023-11-02,173.0
STK-000354,FAC-0006,PARACETAMOL,2023-11-03,226.0
STK-000355,FAC-0006,PARACETAMOL,2023-11-04,216.0
STK-000356,FAC-0006,RIF_INH,2023-01-01,4.0
STK-000357,FAC-0006,RIF_INH,2023-01-02,8.0
STK-000358,FAC-0006,RIF_INH,2023-01-03,7.0
STK-000359,FAC-0006,RIF_INH,2023-01-04,10.0
STK-000360,FAC-0007,EPINEPHRINE,2023-01-02,1.0
STK-000361,FAC-0007,EPINEPHRINE,2023-01-24,1.0
STK-000362,FAC-0007,EPINEPHRINE,2023-01-25,1.0
STK-000363,FAC-0007,EPINEPHRINE,2023-01-27,1.0
STK-000364,FAC-0007,EPINEPHRINE,2023-01-28,1.0
STK-000365,FAC-0007,EPINEPHRINE,2023-01-30,1.0
STK-000366,FAC-0007,EPINEPHRINE,2023-03-04,2.0
STK-000367,FAC-0007,EPINEPHRINE,2023-03-05,1.0
STK-000368,FAC-0007,EPINEPHRINE,2023-03-08,1.0
STK-000369,FAC-0007,EPINEPHRINE,2023-03-12,1.0
STK-000370,FAC-0007,EPINEPHRINE,2023-03-13,1.0
STK-000371,FAC-0007,EPINEPHRINE,2023-03-16,1.0
STK-000372,FAC-0007,EPINEPHRINE,2023-03-26,3.0
STK-000373,FAC-0007,EPINEPHRINE,2023-06-28,1.0
STK-000374,FAC-0007,EPINEPHRINE,2023-06-30,1.0
STK-000375,FAC-0007,EPINEPHRINE,2023-07-01,1.0
STK-000376,FAC-0007,EPINEPHRINE,2023-07-03,1.0
STK-000377,FAC-0007,EPINEPHRINE,2023-07-27,1.0
STK-000378,FAC-0007,EPINEPHRINE,2023-07-28,2.0
STK-000379,FAC-0007,EPINEPHRINE,2023-07-29,1.0
STK-000380,FAC-0007,EPINEPHRINE,2023-09-24,1.0
STK-000381,FAC-0007,EPINEPHRINE,2023-10-20,1.0
STK-000382,FAC-0007,EPINEPHRINE,2023-10-24,1.0
STK-000383,FAC-0007,EPINEPHRINE,2023-10-25,1.0
STK-000384,FAC-0007,EPINEPHRINE,2023-10-28,1.0
STK-000385,FAC-0007,EPINEPHRINE,2023-11-06,1.0
STK-000386,FAC-0007,EPINEPHRINE,2023-12-21,2.0
STK-000387,FAC-0007,EPINEPHRINE,2023-12-28,1.0
STK-000388,FAC-0007,EPINEPHRINE,2023-12-29,1.0
STK-000389,FAC-0007,PARACETAMOL,2023-01-01,100.0
STK-000390,FAC-0007,PARACETAMOL,2023-01-02,136.0
STK-000391,FAC-0007,PARACETAMOL,2023-01-03,125.0
STK-000392,FAC-0007,PARACETAMOL,2023-02-18,98.0
STK-000393,FAC-0007,PARACETAMOL,2023-02-19,92.0
STK-000394,FAC-0007,PARACETAMOL,2023-02-20,105.0
STK-000395,FAC-0007,PARACETAMOL,2023-02-21,91.0
STK-000396,FAC-0007,PARACETAMOL,2023-02-22,109.0
STK-000397,FAC-0007,PARACETAMOL,2023-02-23,109.0
STK-000398,FAC-0007,PARACETAMOL,2023-02-24,112.0
STK-000399,FAC-0007,PARACETAMOL,2023-02-25,121.0
STK-000400,FAC-0007,PARACETAMOL,2023-02-26,99.0
STK-000401,FAC-0007,PARACETAMOL,2023-02-27,124.0
STK-000402,FAC-0007,PARACETAMOL,2023-02-28,121.0
STK-000403,FAC-0007,PARACETAMOL,2023-03-01,107.0
STK-000404,FAC-0007,PARACETAMOL,2023-08-28,168.0
STK-000405,FAC-0007,PARACETAMOL,2023-08-29,377.0
STK-000406,FAC-0007,PARACETAMOL,2023-08-30,373.0
STK-000407,FAC-0007,PARACETAMOL,2023-08-31,378.0
STK-000408,FAC-0007,PARACETAMOL,2023-09-01,345.0
STK-000409,FAC-0007,PARACETAMOL,2023-09-02,317.0
STK-000410,FAC-0007,PARACETAMOL,2023-09-03,433.0
STK-000411,FAC-0007,PARACETAMOL,2023-09-04,462.0
STK-000412,FAC-0007,PARACETAMOL,2023-09-05,370.0
STK-000413,FAC-0007,PARACETAMOL,2023-09-06,341.0
STK-000414,FAC-0007,PARACETAMOL,2023-09-07,350.0
STK-000415,FAC-0007,PARACETAMOL,2023-09-08,342.0
STK-000416,FAC-0007,PARACETAMOL,2023-09-09,396.0
STK-000417,FAC-0007,PARACETAMOL,2023-09-10,415.0
STK-000418,FAC-0007,PARACETAMOL,2023-09-11,489.0
STK-000419,FAC-0007,PARACETAMOL,2023-09-12,388.0
STK-000420,FAC-0007,PARACETAMOL,2023-09-13,321.0
STK-000421,FAC-0007,PARACETAMOL,2023-09-14,438.0
STK-000422,FAC-0007,PARACETAMOL,2023-09-15,440.0
STK-000423,FAC-0007,PARACETAMOL,2023-09-16,336.0
STK-000424,FAC-0007,PARACETAMOL,2023-09-17,364.0
STK-000425,FAC-0007,PARACETAMOL,2023-10-02,72.0
STK-000426,FAC-0007,PARACETAMOL,2023-10-03,378.0
STK-000427,FAC-0007,PARACETAMOL,2023-10-19,50.0
STK-000428,FAC-0007,PARACETAMOL,2023-10-20,215.0
STK-000429,FAC-0007,PARACETAMOL,2023-10-21,266.0
STK-000430,FAC-0007,PARACETAMOL,2023-10-22,244.0
STK-000431,FAC-0007,PARACETAMOL,2023-10-23,276.0
STK-000432,FAC-0007,PARACETAMOL,2023-10-24,250.0
STK-000433,FAC-0007,PARACETAMOL,2023-10-25,276.0
STK-000434,FAC-0007,PARACETAMOL,2023-10-26,250.0
STK-000435,FAC-0007,PARACETAMOL,2023-10-27,249.0
STK-000436,FAC-0007,PARACETAMOL,2023-10-28,220.0
STK-000437,FAC-0007,PARACETAMOL,2023-10-29,181.0
STK-000438,FAC-0007,PARACETAMOL,2023-10-30,222.0
STK-000439,FAC-0007,PARACETAMOL,2023-10-31,331.0
STK-000440,FAC-0007,PARACETAMOL,2023-11-01,245.0
STK-000441,FAC-0007,PARACETAMOL,2023-11-02,143.0
STK-000442,FAC-0007,PARACETAMOL,2023-11-03,142.0
STK-000443,FAC-0007,PARACETAMOL,2023-11-04,181.0
STK-000444,FAC-0007,PARACETAMOL,2023-11-05,206.0
STK-000445,FAC-0007,PARACETAMOL,2023-11-06,240.0
STK-000446,FAC-0007,PARACETAMOL,2023-11-07,256.0
STK-000447,FAC-0007,PARACETAMOL,2023-11-08,162.0
STK-000448,FAC-0007,PARACETAMOL,2023-11-09,260.0
STK-000449,FAC-0007,PARACETAMOL,2023-11-10,182.0
STK-000450,FAC-0007,PARACETAMOL,2023-11-11,202.0
STK-000451,FAC-0007,PARACETAMOL,2023-11-12,191.0
STK-000452,FAC-0007,PARACETAMOL,2023-11-13,184.0
STK-000453,FAC-0007,RIF_INH,2023-01-01,9.0
STK-000454,FAC-0008,EPINEPHRINE,2023-01-02,1.0
STK-000455,FAC-0008,EPINEPHRINE,2023-01-03,1.0
STK-000456,FAC-0008,EPINEPHRINE,2023-01-18,1.0
STK-000457,FAC-0008,EPINEPHRINE,2023-01-22,1.0
STK-000458,FAC-0008,EPINEPHRINE,2023-01-23,1.0
STK-000459,FAC-0008,EPINEPHRINE,2023-01-26,2.0
STK-000460,FAC-0008,EPINEPHRINE,2023-01-29,1.0
STK-000461,FAC-0008,EPINEPHRINE,2023-01-30,2.0
STK-000462,FAC-0008,EPINEPHRINE,2023-02-26,1.0
STK-000463,FAC-0008,EPINEPHRINE,2023-03-03,2.0
STK-000464,FAC-0008,EPINEPHRINE,2023-03-23,1.0
STK-000465,FAC-0008,EPINEPHRINE,2023-03-25,1.0
STK-000466,FAC-0008,EPINEPHRINE,2023-03-26,1.0
STK-000467,FAC-0008,EPINEPHRINE,2023-03-27,1.0
STK-000468,FAC-0008,EPINEPHRINE,2023-03-28,1.0
STK-000469,FAC-0008,EPINEPHRINE,2023-03-29,1.0
STK-000470,FAC-0008,EPINEPHRINE,2023-03-31,1.0
STK-000471,FAC-0008,EPINEPHRINE,2023-05-01,1.0
STK-000472,FAC-0008,EPINEPHRINE,2023-05-27,1.0
STK-000473,FAC-0008,EPINEPHRINE,2023-05-29,1.0
STK-000474,FAC-0008,EPINEPHRINE,2023-05-31,1.0
STK-000475,FAC-0008,EPINEPHRINE,2023-06-02,1.0
STK-000476,FAC-0008,EPINEPHRINE,2023-06-19,1.0
STK-000477,FAC-0008,EPINEPHRINE,2023-06-20,1.0
STK-000478,FAC-0008,EPINEPHRINE,2023-06-21,1.0
STK-000479,FAC-0008,EPINEPHRINE,2023-06-24,1.0
STK-000480,FAC-0008,EPINEPHRINE,2023-07-22,1.0
STK-000481,FAC-0008,EPINEPHRINE,2023-07-23,1.0
STK-000482,FAC-0008,EPINEPHRINE,2023-07-25,1.0
STK-000483,FAC-0008,EPINEPHRINE,2023-07-29,1.0
STK-000484,FAC-0008,EPINEPHRINE,2023-08-15,1.0
STK-000485,FAC-0008,EPINEPHRINE,2023-08-16,2.0
STK-000486,FAC-0008,EPINEPHRINE,2023-08-20,1.0
STK-000487,FAC-0008,EPINEPHRINE,2023-08-24,1.0
STK-000488,FAC-0008,EPINEPHRINE,2023-08-26,1.0
STK-000489,FAC-0008,EPINEPHRINE,2023-08-27,2.0
STK-000490,FAC-0008,EPINEPHRINE,2023-08-28,2.0
STK-000491,FAC-0008,EPINEPHRINE,2023-08-29,1.0
STK-000492,FAC-0008,EPINEPHRINE,2023-09-26,2.0
STK-000493,FAC-0008,EPINEPHRINE,2023-09-27,1.0
STK-000494,FAC-0008,EPINEPHRINE,2023-09-28,1.0
STK-000495,FAC-0008,EPINEPHRINE,2023-10-17,1.0
STK-000496,FAC-0008,EPINEPHRINE,2023-10-18,1.0
STK-000497,FAC-0008,EPINEPHRINE,2023-10-20,1.0
STK-000498,FAC-0008,EPINEPHRINE,2023-10-21,2.0
STK-000499,FAC-0008,EPINEPHRINE,2023-10-22,1.0
STK-000500,FAC-0008,EPINEPHRINE,2023-10-24,1.0
STK-000501,FAC-0008,EPINEPHRINE,2023-11-11,1.0
STK-000502,FAC-0008,EPINEPHRINE,2023-11-13,1.0
STK-000503,FAC-0008,EPINEPHRINE,2023-11-14,2.0
STK-000504,FAC-0008,EPINEPHRINE,2023-11-16,1.0
STK-000505,FAC-0008,EPINEPHRINE,2023-11-17,1.0
STK-000506,FAC-0008,EPINEPHRINE,2023-11-18,2.0
STK-000507,FAC-0008,EPINEPHRINE,2023-11-19,1.0
STK-000508,FAC-0008,EPINEPHRINE,2023-11-20,3.0
STK-000509,FAC-0008,EPINEPHRINE,2023-11-23,1.0
STK-000510,FAC-0008,EPINEPHRINE,2023-11-25,2.0
STK-000511,FAC-0008,EPINEPHRINE,2023-11-26,2.0
STK-000512,FAC-0008,EPINEPHRINE,2023-12-23,1.0
STK-000513,FAC-0008,EPINEPHRINE,2023-12-26,1.0
STK-000514,FAC-0008,EPINEPHRINE,2023-12-29,1.0
STK-000515,FAC-0008,PARACETAMOL,2023-01-01,191.0
STK-000516,FAC-0008,PARACETAMOL,2023-01-02,166.0
STK-000517,FAC-0008,PARACETAMOL,2023-01-03,152.0
STK-000518,FAC-0008,PARACETAMOL,2023-07-25,415.0
STK-000519,FAC-0008,PARACETAMOL,2023-07-26,442.0
STK-000520,FAC-0008,PARACETAMOL,2023-07-27,386.0
STK-000521,FAC-0008,PARACETAMOL,2023-07-28,432.0
STK-000522,FAC-0008,PARACETAMOL,2023-07-29,392.0
STK-000523,FAC-0008,PARACETAMOL,2023-08-08,23.0
STK-000524,FAC-0008,PARACETAMOL,2023-08-09,513.0
STK-000525,FAC-0008,PARACETAMOL,2023-08-10,533.0
STK-000526,FAC-0008,PARACETAMOL,2023-08-11,408.0
STK-000527,FAC-0008,PARACETAMOL,2023-08-12,605.0
STK-000528,FAC-0008,PARACETAMOL,2023-08-13,455.0
STK-000529,FAC-0008,PARACETAMOL,2023-08-14,475.0
STK-000530,FAC-0008,PARACETAMOL,2023-08-15,553.0
STK-000531,FAC-0008,PARACETAMOL,2023-08-16,535.0
STK-000532,FAC-0008,PARACETAMOL,2023-08-17,433.0
STK-000533,FAC-0008,PARACETAMOL,2023-08-18,504.0
STK-000534,FAC-0008,PARACETAMOL,2023-08-19,457.0
STK-000535,FAC-0008,PARACETAMOL,2023-08-20,397.0
STK-000536,FAC-0008,PARACETAMOL,2023-08-21,448.0
STK-000537,FAC-0008,PARACETAMOL,2023-08-22,551.0
STK-000538,FAC-0008,PARACETAMOL,2023-08-23,548.0
STK-000539,FAC-0008,PARACETAMOL,2023-08-24,433.0
STK-000540,FAC-0008,PARACETAMOL,2023-08-25,493.0
STK-000541,FAC-0008,PARACETAMOL,2023-08-26,479.0
STK-000542,FAC-0008,PARACETAMOL,2023-08-27,597.0
STK-000543,FAC-0008,PARACETAMOL,2023-08-28,510.0
STK-000544,FAC-0008,PARACETAMOL,2023-08-29,490.0
STK-000545,FAC-0008,PARACETAMOL,2023-09-09,289.0
STK-000546,FAC-0008,PARACETAMOL,2023-09-10,387.0
STK-000547,FAC-0008,PARACETAMOL,2023-09-11,538.0
STK-000548,FAC-0008,PARACETAMOL,2023-09-12,460.0
STK-000549,FAC-0008,PARACETAMOL,2023-09-13,475.0
STK-000550,FAC-0008,PARACETAMOL,2023-09-14,529.0
STK-000551,FAC-0008,PARACETAMOL,2023-09-15,468.0
STK-000552,FAC-0008,PARACETAMOL,2023-09-16,438.0
STK-000553,FAC-0008,PARACETAMOL,2023-09-17,403.0
STK-000554,FAC-0008,PARACETAMOL,2023-09-18,557.0
STK-000555,FAC-0008,PARACETAMOL,2023-09-19,476.0
STK-000556,FAC-0008,PARACETAMOL,2023-09-20,507.0
STK-000557,FAC-0008,PARACETAMOL,2023-09-21,416.0
STK-000558,FAC-0008,PARACETAMOL,2023-09-22,464.0
STK-000559,FAC-0008,PARACETAMOL,2023-09-23,423.0
STK-000560,FAC-0008,PARACETAMOL,2023-09-24,397.0
STK-000561,FAC-0008,PARACETAMOL,2023-09-25,468.0
STK-000562,FAC-0008,PARACETAMOL,2023-09-26,351.0
STK-000563,FAC-0008,PARACETAMOL,2023-09-27,549.0
STK-000564,FAC-0008,PARACETAMOL,2023-09-28,466.0
STK-000565,FAC-0008,PARACETAMOL,2023-09-29,367.0
STK-000566,FAC-0008,PARACETAMOL,2023-09-30,579.0
STK-000567,FAC-0008,PARACETAMOL,2023-10-12,300.0
STK-000568,FAC-0008,PARACETAMOL,2023-10-13,309.0
STK-000569,FAC-0008,PARACETAMOL,2023-10-14,381.0
STK-000570,FAC-0008,PARACETAMOL,2023-10-15,288.0
STK-000571,FAC-0008,PARACETAMOL,2023-10-16,326.0
STK-000572,FAC-0008,PARACETAMOL,2023-10-17,406.0
STK-000573,FAC-0008,PARACETAMOL,2023-10-18,317.0
STK-000574,FAC-0008,PARACETAMOL,2023-10-19,398.0
STK-000575,FAC-0008,PARACETAMOL,2023-10-20,306.0
STK-000576,FAC-0008,PARACETAMOL,2023-10-21,319.0
STK-000577,FAC-0008,PARACETAMOL,2023-10-22,372.0
STK-000578,FAC-0008,PARACETAMOL,2023-10-23,366.0
STK-000579,FAC-0008,PARACETAMOL,2023-10-24,367.0
STK-000580,FAC-0008,PARACETAMOL,2023-10-25,350.0
STK-000581,FAC-0008,PARACETAMOL,2023-10-26,396.0
STK-000582,FAC-0008,PARACETAMOL,2023-10-27,308.0
STK-000583,FAC-0008,PARACETAMOL,2023-11-19,178.0
STK-000584,FAC-0008,PARACETAMOL,2023-11-20,138.0
STK-000585,FAC-0008,PARACETAMOL,2023-11-21,251.0
STK-000586,FAC-0008,PARACETAMOL,2023-11-22,206.0
STK-000587,FAC-0008,PARACETAMOL,2023-11-23,224.0
STK-000588,FAC-0008,PARACETAMOL,2023-11-24,139.0
STK-000589,FAC-0008,PARACETAMOL,2023-11-25,146.0
STK-000590,FAC-0008,PARACETAMOL,2023-11-26,149.0
STK-000591,FAC-0008,PARACETAMOL,2023-11-27,155.0
STK-000592,FAC-0009,EPINEPHRINE,2023-01-22,1.0
STK-000593,FAC-0009,EPINEPHRINE,2023-01-24,1.0
STK-000594,FAC-0009,EPINEPHRINE,2023-01-26,1.0
STK-000595,FAC-0009,PARACETAMOL,2023-01-01,18.0
STK-000596,FAC-0009,PARACETAMOL,2023-01-02,15.0
STK-000597,FAC-0009,PARACETAMOL,2023-01-03,12.0
STK-000598,FAC-0009,PARACETAMOL,2023-01-04,30.0
STK-000599,FAC-0009,PARACETAMOL,2023-01-05,14.0
STK-000600,FAC-0009,PARACETAMOL,2023-01-06,22.0
STK-000601,FAC-0009,PARACETAMOL,2023-01-07,16.0
STK-000602,FAC-0009,PARACETAMOL,2023-01-08,17.0
STK-000603,FAC-0009,PARACETAMOL,2023-01-09,8.0
STK-000604,FAC-0009,PARACETAMOL,2023-01-10,35.0
STK-000605,FAC-0009,PARACETAMOL,2023-01-11,7.0
STK-000606,FAC-0009,PARACETAMOL,2023-01-12,15.0
STK-000607,FAC-0009,PARACETAMOL,2023-01-13,11.0
STK-000608,FAC-0009,PARACETAMOL,2023-01-14,23.0
STK-000609,FAC-0009,PARACETAMOL,2023-01-15,8.0
STK-000610,FAC-0009,PARACETAMOL,2023-01-16,16.0
STK-000611,FAC-0009,PARACETAMOL,2023-01-17,14.0
STK-000612,FAC-0009,PARACETAMOL,2023-01-18,23.0
STK-000613,FAC-0009,PARACETAMOL,2023-01-19,36.0
STK-000614,FAC-0009,RIF_INH,2023-01-02,3.0
STK-000615,FAC-0010,EPINEPHRINE,2023-01-16,2.0
STK-000616,FAC-0010,PARACETAMOL,2023-01-01,16.0
STK-000617,FAC-0010,PARACETAMOL,2023-01-02,16.0
STK-000618,FAC-0010,PARACETAMOL,2023-01-03,19.0
STK-000619,FAC-0010,PARACETAMOL,2023-01-04,15.0
STK-000620,FAC-0010,PARACETAMOL,2023-01-05,20.0
STK-000621,FAC-0010,PARACETAMOL,2023-01-06,26.0
STK-000622,FAC-0010,PARACETAMOL,2023-01-07,28.0
STK-000623,FAC-0010,PARACETAMOL,2023-01-08,27.0
STK-000624,FAC-0010,PARACETAMOL,2023-01-09,15.0
STK-000625,FAC-0010,PARACETAMOL,2023-01-10,23.0
STK-000626,FAC-0010,PARACETAMOL,2023-01-11,18.0
STK-000627,FAC-0010,PARACETAMOL,2023-01-12,23.0
STK-000628,FAC-0010,PARACETAMOL,2023-01-13,8.0
STK-000629,FAC-0010,PARACETAMOL,2023-01-14,20.0
STK-000630,FAC-0010,PARACETAMOL,2023-01-15,14.0
STK-000631,FAC-0010,PARACETAMOL,2023-01-16,32.0
STK-000632,FAC-0010,PARACETAMOL,2023-01-17,27.0
STK-000633,FAC-0010,PARACETAMOL,2023-01-18,5.0
STK-000634,FAC-0010,PARACETAMOL,2023-01-19,15.0
STK-000635,FAC-0010,PARACETAMOL,2023-01-20,20.0
STK-000636,FAC-0010,PARACETAMOL,2023-01-21,27.0
STK-000637,FAC-0010,PARACETAMOL,2023-01-22,26.0
STK-000638,FAC-0010,RIF_INH,2023-01-01,1.0
STK-000639,FAC-0010,RIF_INH,2023-01-02,1.0
STK-000640,FAC-0010,RIF_INH,2023-01-03,2.0
STK-000641,FAC-0010,RIF_INH,2023-01-04,1.0
STK-000642,FAC-0010,RIF_INH,2023-01-06,4.0
STK-000643,FAC-0010,RIF_INH,2023-01-09,2.0
STK-000644,FAC-0010,RIF_INH,2023-01-10,1.0
STK-000645,FAC-0010,RIF_INH,2023-01-11,1.0
STK-000646,FAC-0010,RIF_INH,2023-01-12,1.0
STK-000647,FAC-0010,RIF_INH,2023-01-15,2.0
STK-000648,FAC-0010,RIF_INH,2023-01-16,1.0
STK-000649,FAC-0010,RIF_INH,2023-01-17,1.0
STK-000650,FAC-0010,RIF_INH,2023-01-19,2.0
STK-000651,FAC-0010,RIF_INH,2023-01-20,2.0
STK-000652,FAC-0010,RIF_INH,2023-01-23,2.0
STK-000653,FAC-0010,RIF_INH,2023-01-24,1.0
STK-000654,FAC-0010,RIF_INH,2023-01-27,1.0
STK-000655,FAC-0010,RIF_INH,2023-01-29,1.0
STK-000656,FAC-0010,RIF_INH,2023-01-30,1.0
STK-000657,FAC-0010,RIF_INH,2023-01-31,1.0
STK-000658,FAC-0010,RIF_INH,2023-02-01,2.0
STK-000659,FAC-0011,PARACETAMOL,2023-01-01,31.0
STK-000660,FAC-0011,PARACETAMOL,2023-01-02,33.0
STK-000661,FAC-0011,PARACETAMOL,2023-01-03,39.0
STK-000662,FAC-0011,PARACETAMOL,2023-01-04,34.0
STK-000663,FAC-0011,PARACETAMOL,2023-01-05,25.0
STK-000664,FAC-0011,PARACETAMOL,2023-01-06,32.0
STK-000665,FAC-0011,PARACETAMOL,2023-01-07,44.0
STK-000666,FAC-0011,PARACETAMOL,2023-01-08,23.0
STK-000667,FAC-0011,PARACETAMOL,2023-01-09,28.0
STK-000668,FAC-0011,PARACETAMOL,2023-01-10,37.0
STK-000669,FAC-0011,PARACETAMOL,2023-01-11,21.0
STK-000670,FAC-0011,PARACETAMOL,2023-01-12,38.0
STK-000671,FAC-0011,PARACETAMOL,2023-01-13,21.0
STK-000672,FAC-0011,PARACETAMOL,2023-01-14,51.0
STK-000673,FAC-0011,PARACETAMOL,2023-01-15,32.0
STK-000674,FAC-0011,PARACETAMOL,2023-01-16,25.0
STK-000675,FAC-0011,PARACETAMOL,2023-01-17,28.0
STK-000676,FAC-0011,PARACETAMOL,2023-01-18,49.0
STK-000677,FAC-0011,PARACETAMOL,2023-01-19,37.0
STK-000678,FAC-0011,PARACETAMOL,2023-01-20,40.0
STK-000679,FAC-0011,PARACETAMOL,2023-01-21,43.0
STK-000680,FAC-0011,PARACETAMOL,2023-01-22,28.0
STK-000681,FAC-0011,PARACETAMOL,2023-01-23,20.0
STK-000682,FAC-0011,PARACETAMOL,2023-01-24,55.0
STK-000683,FAC-0011,PARACETAMOL,2023-01-25,34.0
STK-000684,FAC-0011,PARACETAMOL,2023-01-26,45.0
STK-000685,FAC-0011,PARACETAMOL,2023-01-27,34.0
STK-000686,FAC-0011,PARACETAMOL,2023-01-28,38.0
STK-000687,FAC-0011,PARACETAMOL,2023-01-29,32.0
STK-000688,FAC-0011,PARACETAMOL,2023-01-30,34.0
STK-000689,FAC-0012,EPINEPHRINE,2023-01-03,1.0
STK-000690,FAC-0012,EPINEPHRINE,2023-01-06,2.0
STK-000691,FAC-0012,EPINEPHRINE,2023-01-07,1.0
STK-000692,FAC-0012,EPINEPHRINE,2023-01-10,1.0
STK-000693,FAC-0012,EPINEPHRINE,2023-01-12,2.0
STK-000694,FAC-0012,EPINEPHRINE,2023-01-21,1.0
STK-000695,FAC-0012,EPINEPHRINE,2023-01-24,2.0
STK-000696,FAC-0012,EPINEPHRINE,2023-01-25,1.0
STK-000697,FAC-0012,EPINEPHRINE,2023-03-19,1.0
STK-000698,FAC-0012,EPINEPHRINE,2023-03-28,1.0
STK-000699,FAC-0012,EPINEPHRINE,2023-08-12,1.0
STK-000700,FAC-0012,EPINEPHRINE,2023-08-17,1.0
STK-000701,FAC-0012,EPINEPHRINE,2023-08-18,1.0
STK-000702,FAC-0012,EPINEPHRINE,2023-08-19,1.0
STK-000703,FAC-0012,EPINEPHRINE,2023-10-27,1.0
STK-000704,FAC-0012,EPINEPHRINE,2023-12-26,1.0
STK-000705,FAC-0012,PARACETAMOL,2023-01-01,111.0
STK-000706,FAC-0012,PARACETAMOL,2023-01-02,92.0
STK-000707,FAC-0012,PARACETAMOL,2023-01-03,127.0
STK-000708,FAC-0012,PARACETAMOL,2023-08-25,22.0
STK-000709,FAC-0012,PARACETAMOL,2023-08-26,396.0
STK-000710,FAC-0012,PARACETAMOL,2023-08-27,409.0
STK-000711,FAC-0012,PARACETAMOL,2023-08-28,347.0
STK-000712,FAC-0012,PARACETAMOL,2023-08-29,372.0
STK-000713,FAC-0012,PARACETAMOL,2023-08-30,485.0
STK-000714,FAC-0012,PARACETAMOL,2023-08-31,385.0
STK-000715,FAC-0012,PARACETAMOL,2023-09-01,380.0
STK-000716,FAC-0012,PARACETAMOL,2023-09-02,471.0
STK-000717,FAC-0012,PARACETAMOL,2023-09-03,301.0
STK-000718,FAC-0012,PARACETAMOL,2023-09-04,490.0
STK-000719,FAC-0012,PARACETAMOL,2023-09-05,396.0
STK-000720,FAC-0012,PARACETAMOL,2023-09-06,414.0
STK-000721,FAC-0012,PARACETAMOL,2023-09-07,318.0
STK-000722,FAC-0012,PARACETAMOL,2023-09-08,311.0
STK-000723,FAC-0012,PARACETAMOL,2023-09-09,393.0
STK-000724,FAC-0012,PARACETAMOL,2023-09-23,249.0
STK-000725,FAC-0012,PARACETAMOL,2023-09-24,373.0
STK-000726,FAC-0012,PARACETAMOL,2023-09-25,348.0
STK-000727,FAC-0012,PARACETAMOL,2023-09-26,402.0
STK-000728,FAC-0012,PARACETAMOL,2023-09-27,226.0
STK-000729,FAC-0012,PARACETAMOL,2023-09-28,297.0
STK-000730,FAC-0012,PARACETAMOL,2023-10-15,184.0
STK-000731,FAC-0012,PARACETAMOL,2023-10-16,267.0
STK-000732,FAC-0012,PARACETAMOL,2023-10-17,275.0
STK-000733,FAC-0012,PARACETAMOL,2023-10-18,344.0
STK-000734,FAC-0012,PARACETAMOL,2023-10-19,239.0
STK-000735,FAC-0012,PARACETAMOL,2023-10-20,209.0
STK-000736,FAC-0012,PARACETAMOL,2023-10-21,208.0
STK-000737,FAC-0012,PARACETAMOL,2023-10-22,217.0
STK-000738,FAC-0012,PARACETAMOL,2023-10-23,257.0
STK-000739,FAC-0012,PARACETAMOL,2023-10-24,186.0
STK-000740,FAC-0012,PARACETAMOL,2023-10-25,246.0
STK-000741,FAC-0012,PARACETAMOL,2023-10-26,242.0
STK-000742,FAC-0012,PARACETAMOL,2023-10-27,304.0
STK-000743,FAC-0012,PARACETAMOL,2023-10-28,185.0
STK-000744,FAC-0012,PARACETAMOL,2023-10-29,211.0
STK-000745,FAC-0012,PARACETAMOL,2023-10-30,263.0
STK-000746,FAC-0012,PARACETAMOL,2023-10-31,218.0
STK-000747,FAC-0012,PARACETAMOL,2023-11-01,205.0
STK-000748,FAC-0012,PARACETAMOL,2023-11-02,138.0
STK-000749,FAC-0012,PARACETAMOL,2023-11-03,178.0
STK-000750,FAC-0012,PARACETAMOL,2023-11-04,177.0
STK-000751,FAC-0012,PARACETAMOL,2023-11-05,183.0
STK-000752,FAC-0012,RIF_INH,2023-01-01,10.0
STK-000753,FAC-0012,RIF_INH,2023-01-02,5.0
STK-000754,FAC-0012,RIF_INH,2023-01-03,1.0
STK-000755,FAC-0012,RIF_INH,2023-01-04,7.0
STK-000756,FAC-0012,RIF_INH,2023-01-05,11.0
STK-000757,FAC-0012,RIF_INH,2023-01-06,3.0
STK-000758,FAC-0012,RIF_INH,2023-01-07,7.0
STK-000759,FAC-0012,RIF_INH,2023-01-08,5.0
STK-000760,FAC-0012,RIF_INH,2023-01-09,8.0
STK-000761,FAC-0012,RIF_INH,2023-01-10,9.0
STK-000762,FAC-0012,RIF_INH,2023-01-11,7.0
STK-000763,FAC-0013,EPINEPHRINE,2023-01-01,1.0
STK-000764,FAC-0013,EPINEPHRINE,2023-01-21,1.0
STK-000765,FAC-0013,EPINEPHRINE,2023-01-23,3.0
STK-000766,FAC-0013,EPINEPHRINE,2023-01-24,1.0
STK-000767,FAC-0013,EPINEPHRINE,2023-01-27,2.0
STK-000768,FAC-0013,EPINEPHRINE,2023-01-30,1.0
STK-000769,FAC-0013,EPINEPHRINE,2023-03-02,1.0
STK-000770,FAC-0013,EPINEPHRINE,2023-03-25,4.0
STK-000771,FAC-0013,EPINEPHRINE,2023-03-30,1.0
STK-000772,FAC-0013,EPINEPHRINE,2023-04-01,1.0
STK-000773,FAC-0013,EPINEPHRINE,2023-04-03,2.0
STK-000774,FAC-0013,EPINEPHRINE,2023-04-04,1.0
STK-000775,FAC-0013,EPINEPHRINE,2023-04-05,1.0
STK-000776,FAC-0013,EPINEPHRINE,2023-04-07,1.0
STK-000777,FAC-0013,EPINEPHRINE,2023-04-29,2.0
STK-000778,FAC-0013,EPINEPHRINE,2023-05-05,2.0
STK-000779,FAC-0013,EPINEPHRINE,2023-05-06,1.0
STK-000780,FAC-0013,EPINEPHRINE,2023-05-08,1.0
STK-000781,FAC-0013,EPINEPHRINE,2023-05-10,2.0
STK-000782,FAC-0013,EPINEPHRINE,2023-05-14,1.0
STK-000783,FAC-0013,EPINEPHRINE,2023-05-15,2.0
STK-000784,FAC-0013,EPINEPHRINE,2023-05-19,1.0
STK-000785,FAC-0013,EPINEPHRINE,2023-05-25,1.0
STK-000786,FAC-0013,EPINEPHRINE,2023-05-27,1.0
STK-000787,FAC-0013,EPINEPHRINE,2023-05-28,2.0
STK-000788,FAC-0013,EPINEPHRINE,2023-05-30,1.0
STK-000789,FAC-0013,EPINEPHRINE,2023-08-03,2.0
STK-000790,FAC-0013,EPINEPHRINE,2023-08-24,1.0
STK-000791,FAC-0013,EPINEPHRINE,2023-08-25,1.0
STK-000792,FAC-0013,EPINEPHRINE,2023-08-29,2.0
STK-000793,FAC-0013,EPINEPHRINE,2023-09-14,1.0
STK-000794,FAC-0013,EPINEPHRINE,2023-09-17,1.0
STK-000795,FAC-0013,EPINEPHRINE,2023-09-23,1.0
STK-000796,FAC-0013,EPINEPHRINE,2023-09-26,1.0
STK-000797,FAC-0013,EPINEPHRINE,2023-10-15,1.0
STK-000798,FAC-0013,EPINEPHRINE,2023-10-18,2.0
STK-000799,FAC-0013,EPINEPHRINE,2023-10-21,1.0
STK-000800,FAC-0013,EPINEPHRINE,2023-10-24,1.0
STK-000801,FAC-0013,EPINEPHRINE,2023-11-07,1.0
STK-000802,FAC-0013,EPINEPHRINE,2023-11-08,1.0
STK-000803,FAC-0013,EPINEPHRINE,2023-11-10,1.0
STK-000804,FAC-0013,EPINEPHRINE,2023-11-11,1.0
STK-000805,FAC-0013,EPINEPHRINE,2023-11-21,1.0
STK-000806,FAC-0013,EPINEPHRINE,2023-11-23,1.0
STK-000807,FAC-0013,EPINEPHRINE,2023-11-25,1.0
STK-000808,FAC-0013,EPINEPHRINE,2023-12-06,2.0
STK-000809,FAC-0013,EPINEPHRINE,2023-12-07,1.0
STK-000810,FAC-0013,EPINEPHRINE,2023-12-11,1.0
STK-000811,FAC-0013,EPINEPHRINE,2023-12-12,2.0
STK-000812,FAC-0013,EPINEPHRINE,2023-12-14,1.0
STK-000813,FAC-0013,EPINEPHRINE,2023-12-16,1.0
STK-000814,FAC-0013,EPINEPHRINE,2023-12-20,1.0
STK-000815,FAC-0013,EPINEPHRINE,2023-12-21,1.0
STK-000816,FAC-0013,EPINEPHRINE,2023-12-24,1.0
STK-000817,FAC-0013,EPINEPHRINE,2023-12-26,1.0
STK-000818,FAC-0013,EPINEPHRINE,2023-12-27,1.0
STK-000819,FAC-0013,PARACETAMOL,2023-01-01,151.0
STK-000820,FAC-0013,PARACETAMOL,2023-01-02,146.0
STK-000821,FAC-0013,PARACETAMOL,2023-01-03,160.0
STK-000822,FAC-0013,PARACETAMOL,2023-04-14,134.0
STK-000823,FAC-0013,PARACETAMOL,2023-04-15,113.0
STK-000824,FAC-0013,PARACETAMOL,2023-04-16,115.0
STK-000825,FAC-0013,PARACETAMOL,2023-04-17,140.0
STK-000826,FAC-0013,PARACETAMOL,2023-04-18,126.0
STK-000827,FAC-0013,PARACETAMOL,2023-04-19,146.0
STK-000828,FAC-0013,PARACETAMOL,2023-04-20,134.0
STK-000829,FAC-0013,PARACETAMOL,2023-04-21,185.0
STK-000830,FAC-0013,PARACETAMOL,2023-04-22,116.0
STK-000831,FAC-0013,PARACETAMOL,2023-07-19,195.0
STK-000832,FAC-0013,PARACETAMOL,2023-07-20,473.0
STK-000833,FAC-0013,PARACETAMOL,2023-07-21,538.0
STK-000834,FAC-0013,PARACETAMOL,2023-07-22,366.0
STK-000835,FAC-0013,PARACETAMOL,2023-07-23,415.0
STK-000836,FAC-0013,PARACETAMOL,2023-07-24,507.0
STK-000837,FAC-0013,PARACETAMOL,2023-07-25,498.0
STK-000838,FAC-0013,PARACETAMOL,2023-07-26,375.0
STK-000839,FAC-0013,PARACETAMOL,2023-07-27,419.0
STK-000840,FAC-0013,PARACETAMOL,2023-07-28,506.0
STK-000841,FAC-0013,PARACETAMOL,2023-07-29,570.0
STK-000842,FAC-0013,PARACETAMOL,2023-07-30,471.0
STK-000843,FAC-0013,PARACETAMOL,2023-07-31,397.0
STK-000844,FAC-0013,PARACETAMOL,2023-08-01,530.0
STK-000845,FAC-0013,PARACETAMOL,2023-08-02,535.0
STK-000846,FAC-0013,PARACETAMOL,2023-08-03,457.0
STK-000847,FAC-0013,PARACETAMOL,2023-08-04,482.0
STK-000848,FAC-0013,PARACETAMOL,2023-08-05,640.0
STK-000849,FAC-0013,PARACETAMOL,2023-08-06,676.0
STK-000850,FAC-0013,PARACETAMOL,2023-08-07,504.0
STK-000851,FAC-0013,PARACETAMOL,2023-08-17,70.0
STK-000852,FAC-0013,PARACETAMOL,2023-08-18,630.0
STK-000853,FAC-0013,PARACETAMOL,2023-08-19,547.0
STK-000854,FAC-0013,PARACETAMOL,2023-08-20,491.0
STK-000855,FAC-0013,PARACETAMOL,2023-08-21,490.0
STK-000856,FAC-0013,PARACETAMOL,2023-08-22,647.0
STK-000857,FAC-0013,PARACETAMOL,2023-08-23,420.0
STK-000858,FAC-0013,PARACETAMOL,2023-08-24,455.0
STK-000859,FAC-0013,PARACETAMOL,2023-08-25,631.0
STK-000860,FAC-0013,PARACETAMOL,2023-08-26,511.0
STK-000861,FAC-0013,PARACETAMOL,2023-08-27,485.0
STK-000862,FAC-0013,PARACETAMOL,2023-08-28,428.0
STK-000863,FAC-0013,PARACETAMOL,2023-08-29,599.0
STK-000864,FAC-0013,PARACETAMOL,2023-08-30,577.0
STK-000865,FAC-0013,PARACETAMOL,2023-08-31,577.0
STK-000866,FAC-0013,PARACETAMOL,2023-09-01,561.0
STK-000867,FAC-0013,PARACETAMOL,2023-09-02,523.0
STK-000868,FAC-0013,PARACETAMOL,2023-09-03,551.0
STK-000869,FAC-0013,PARACETAMOL,2023-09-04,498.0
STK-000870,FAC-0013,PARACETAMOL,2023-09-15,259.0
STK-000871,FAC-0013,PARACETAMOL,2023-09-16,639.0
STK-000872,FAC-0013,PARACETAMOL,2023-09-17,514.0
STK-000873,FAC-0013,PARACETAMOL,2023-09-18,500.0
STK-000874,FAC-0013,PARACETAMOL,2023-09-19,432.0
STK-000875,FAC-0013,PARACETAMOL,2023-09-20,538.0
STK-000876,FAC-0013,PARACETAMOL,2023-09-21,382.0
STK-000877,FAC-0013,PARACETAMOL,2023-09-22,528.0
STK-000878,FAC-0013,PARACETAMOL,2023-09-23,437.0
STK-000879,FAC-0013,PARACETAMOL,2023-09-24,388.0
STK-000880,FAC-0013,PARACETAMOL,2023-09-25,493.0
STK-000881,FAC-0013,PARACETAMOL,2023-09-26,499.0
STK-000882,FAC-0013,PARACETAMOL,2023-09-27,479.0
STK-000883,FAC-0013,PARACETAMOL,2023-10-09,305.0
STK-000884,FAC-0013,PARACETAMOL,2023-10-10,553.0
STK-000885,FAC-0013,PARACETAMOL,2023-10-11,457.0
STK-000886,FAC-0013,PARACETAMOL,2023-10-12,501.0
STK-000887,FAC-0013,PARACETAMOL,2023-10-13,464.0
STK-000888,FAC-0013,PARACETAMOL,2023-10-14,478.0
STK-000889,FAC-0013,PARACETAMOL,2023-10-15,359.0
STK-000890,FAC-0013,PARACETAMOL,2023-10-16,226.0
STK-000891,FAC-0013,PARACETAMOL,2023-10-17,395.0
STK-000892,FAC-0013,PARACETAMOL,2023-10-18,405.0
STK-000893,FAC-0013,PARACETAMOL,2023-10-19,332.0
STK-000894,FAC-0013,PARACETAMOL,2023-10-20,411.0
STK-000895,FAC-0013,PARACETAMOL,2023-10-21,412.0
STK-000896,FAC-0013,PARACETAMOL,2023-10-22,378.0
STK-000897,FAC-0013,PARACETAMOL,2023-10-23,391.0
STK-000898,FAC-0013,PARACETAMOL,2023-10-24,314.0
STK-000899,FAC-0013,PARACETAMOL,2023-10-25,276.0
STK-000900,FAC-0013,PARACETAMOL,2023-10-26,383.0
STK-000901,FAC-0013,PARACETAMOL,2023-10-27,341.0
STK-000902,FAC-0013,PARACETAMOL,2023-10-28,257.0
STK-000903,FAC-0013,PARACETAMOL,2023-10-29,277.0
STK-000904,FAC-0013,PARACETAMOL,2023-11-18,49.0
STK-000905,FAC-0013,PARACETAMOL,2023-11-19,246.0
STK-000906,FAC-0013,PARACETAMOL,2023-11-20,157.0
STK-000907,FAC-0013,PARACETAMOL,2023-11-21,157.0
STK-000908,FAC-0013,PARACETAMOL,2023-11-22,157.0
STK-000909,FAC-0013,PARACETAMOL,2023-11-23,156.0
STK-000910,FAC-0013,PARACETAMOL,2023-11-24,238.0
STK-000911,FAC-0013,PARACETAMOL,2023-11-25,203.0
STK-000912,FAC-0013,PARACETAMOL,2023-11-26,165.0
STK-000913,FAC-0013,PARACETAMOL,2023-11-27,234.0
STK-000914,FAC-0013,PARACETAMOL,2023-11-28,137.0
STK-000915,FAC-0013,RIF_INH,2023-01-01,6.0
STK-000916,FAC-0013,RIF_INH,2023-01-02,7.0
STK-000917,FAC-0013,RIF_INH,2023-01-03,7.0
STK-000918,FAC-0013,RIF_INH,2023-01-04,12.0
STK-000919,FAC-0014,EPINEPHRINE,2023-01-26,2.0
STK-000920,FAC-0014,EPINEPHRINE,2023-01-28,1.0
STK-000921,FAC-0014,EPINEPHRINE,2023-01-29,2.0
STK-000922,FAC-0014,EPINEPHRINE,2023-01-30,1.0
STK-000923,FAC-0014,EPINEPHRINE,2023-02-01,2.0
STK-000924,FAC-0014,EPINEPHRINE,2023-04-29,1.0
STK-000925,FAC-0014,EPINEPHRINE,2023-05-03,1.0
STK-000926,FAC-0014,EPINEPHRINE,2023-05-29,1.0
STK-000927,FAC-0014,EPINEPHRINE,2023-05-31,1.0
STK-000928,FAC-0014,EPINEPHRINE,2023-06-05,1.0
STK-000929,FAC-0014,EPINEPHRINE,2023-07-27,1.0
STK-000930,FAC-0014,EPINEPHRINE,2023-07-30,1.0
STK-000931,FAC-0014,EPINEPHRINE,2023-07-31,1.0
STK-000932,FAC-0014,EPINEPHRINE,2023-08-01,1.0
STK-000933,FAC-0014,EPINEPHRINE,2023-08-22,1.0
STK-000934,FAC-0014,EPINEPHRINE,2023-08-23,1.0
STK-000935,FAC-0014,EPINEPHRINE,2023-08-27,1.0
STK-000936,FAC-0014,EPINEPHRINE,2023-08-28,1.0
STK-000937,FAC-0014,EPINEPHRINE,2023-08-31,1.0
STK-000938,FAC-0014,EPINEPHRINE,2023-09-02,2.0
STK-000939,FAC-0014,EPINEPHRINE,2023-09-23,1.0
STK-000940,FAC-0014,EPINEPHRINE,2023-09-24,1.0
STK-000941,FAC-0014,EPINEPHRINE,2023-09-27,1.0
STK-000942,FAC-0014,PARACETAMOL,2023-01-01,112.0
STK-000943,FAC-0014,PARACETAMOL,2023-01-02,126.0
STK-000944,FAC-0014,PARACETAMOL,2023-01-03,71.0
STK-000945,FAC-0014,PARACETAMOL,2023-08-28,89.0
STK-000946,FAC-0014,PARACETAMOL,2023-08-29,449.0
STK-000947,FAC-0014,PARACETAMOL,2023-09-12,336.0
STK-000948,FAC-0014,PARACETAMOL,2023-09-13,342.0
STK-000949,FAC-0014,PARACETAMOL,2023-09-14,403.0
STK-000950,FAC-0014,PARACETAMOL,2023-09-15,417.0
STK-000951,FAC-0014,PARACETAMOL,2023-09-16,367.0
STK-000952,FAC-0014,PARACETAMOL,2023-09-17,283.0
STK-000953,FAC-0014,PARACETAMOL,2023-09-18,361.0
STK-000954,FAC-0014,PARACETAMOL,2023-09-19,336.0
STK-000955,FAC-0014,PARACETAMOL,2023-09-20,428.0
STK-000956,FAC-0014,PARACETAMOL,2023-09-21,387.0
STK-000957,FAC-0014,PARACETAMOL,2023-09-22,359.0
STK-000958,FAC-0014,PARACETAMOL,2023-09-23,382.0
STK-000959,FAC-0014,PARACETAMOL,2023-09-24,382.0
STK-000960,FAC-0014,PARACETAMOL,2023-09-25,355.0
STK-000961,FAC-0014,PARACETAMOL,2023-09-26,315.0
STK-000962,FAC-0014,PARACETAMOL,2023-09-27,316.0
STK-000963,FAC-0014,PARACETAMOL,2023-09-28,326.0
STK-000964,FAC-0014,PARACETAMOL,2023-09-29,317.0
STK-000965,FAC-0014,PARACETAMOL,2023-09-30,347.0
STK-000966,FAC-0014,PARACETAMOL,2023-10-01,364.0
STK-000967,FAC-0014,PARACETAMOL,2023-10-02,447.0
STK-000968,FAC-0014,PARACETAMOL,2023-10-03,279.0
STK-000969,FAC-0014,PARACETAMOL,2023-10-04,315.0
STK-000970,FAC-0014,PARACETAMOL,2023-10-05,296.0
STK-000971,FAC-0014,PARACETAMOL,2023-10-23,49.0
STK-000972,FAC-0014,PARACETAMOL,2023-10-24,202.0
STK-000973,FAC-0014,PARACETAMOL,2023-10-25,210.0
STK-000974,FAC-0014,PARACETAMOL,2023-10-26,276.0
STK-000975,FAC-0014,PARACETAMOL,2023-10-27,222.0
STK-000976,FAC-0014,PARACETAMOL,2023-10-28,202.0
STK-000977,FAC-0014,PARACETAMOL,2023-10-29,234.0
STK-000978,FAC-0014,RIF_INH,2023-01-01,9.0
STK-000979,FAC-0015,EPINEPHRINE,2023-01-05,1.0
STK-000980,FAC-0015,PARACETAMOL,2023-01-01,26.0
STK-000981,FAC-0015,PARACETAMOL,2023-01-02,16.0
STK-000982,FAC-0015,PARACETAMOL,2023-01-03,13.0
STK-000983,FAC-0015,PARACETAMOL,2023-01-04,19.0
STK-000984,FAC-0015,PARACETAMOL,2023-01-05,12.0
STK-000985,FAC-0015,PARACETAMOL,2023-01-06,11.0
STK-000986,FAC-0015,PARACETAMOL,2023-01-07,17.0
STK-000987,FAC-0015,PARACETAMOL,2023-01-08,35.0
STK-000988,FAC-0015,PARACETAMOL,2023-01-09,16.0
STK-000989,FAC-0015,PARACETAMOL,2023-01-10,19.0
STK-000990,FAC-0015,PARACETAMOL,2023-01-11,12.0
STK-000991,FAC-0015,PARACETAMOL,2023-01-12,10.0
STK-000992,FAC-0015,PARACETAMOL,2023-01-14,13.0
STK-000993,FAC-0015,PARACETAMOL,2023-01-15,7.0
STK-000994,FAC-0015,PARACETAMOL,2023-01-16,16.0
STK-000995,FAC-0015,PARACETAMOL,2023-01-17,12.0
STK-000996,FAC-0015,PARACETAMOL,2023-01-18,17.0
STK-000997,FAC-0015,PARACETAMOL,2023-01-19,12.0
STK-000998,FAC-0015,PARACETAMOL,2023-01-20,9.0
STK-000999,FAC-0015,PARACETAMOL,2023-01-21,22.0
STK-001000,FAC-0015,PARACETAMOL,2023-01-22,15.0
STK-001001,FAC-0015,PARACETAMOL,2023-01-23,10.0
STK-001002,FAC-0015,PARACETAMOL,2023-01-24,17.0
STK-001003,FAC-0015,PARACETAMOL,2023-01-25,20.0
STK-001004,FAC-0015,PARACETAMOL,2023-01-26,12.0
STK-001005,FAC-0015,PARACETAMOL,2023-01-27,20.0
STK-001006,FAC-0015,RIF_INH,2023-01-01,2.0
STK-001007,FAC-0015,RIF_INH,2023-01-02,1.0
STK-001008,FAC-0015,RIF_INH,2023-01-03,1.0
STK-001009,FAC-0015,RIF_INH,2023-01-04,1.0
STK-001010,FAC-0015,RIF_INH,2023-01-05,2.0
STK-001011,FAC-0015,RIF_INH,2023-01-07,2.0
STK-001012,FAC-0015,RIF_INH,2023-01-11,2.0
STK-001013,FAC-0016,PARACETAMOL,2023-01-01,23.0
STK-001014,FAC-0016,PARACETAMOL,2023-01-02,13.0
STK-001015,FAC-0016,PARACETAMOL,2023-01-03,33.0
STK-001016,FAC-0016,PARACETAMOL,2023-01-04,22.0
STK-001017,FAC-0016,PARACETAMOL,2023-01-05,36.0
STK-001018,FAC-0016,PARACETAMOL,2023-01-06,42.0
STK-001019,FAC-0016,PARACETAMOL,2023-01-07,21.0
STK-001020,FAC-0016,PARACETAMOL,2023-01-08,26.0
STK-001021,FAC-0016,RIF_INH,2023-01-05,1.0
STK-001022,FAC-0016,RIF_INH,2023-01-06,2.0
STK-001023,FAC-0017,PARACETAMOL,2023-01-01,30.0
STK-001024,FAC-0017,PARACETAMOL,2023-01-02,43.0
STK-001025,FAC-0017,PARACETAMOL,2023-01-03,37.0
STK-001026,FAC-0017,PARACETAMOL,2023-01-04,40.0
STK-001027,FAC-0017,PARACETAMOL,2023-01-05,37.0
STK-001028,FAC-0017,PARACETAMOL,2023-01-06,45.0
STK-001029,FAC-0017,PARACETAMOL,2023-01-07,56.0
STK-001030,FAC-0017,PARACETAMOL,2023-01-08,37.0
STK-001031,FAC-0017,PARACETAMOL,2023-01-09,42.0
STK-001032,FAC-0017,PARACETAMOL,2023-01-10,43.0
STK-001033,FAC-0017,PARACETAMOL,2023-01-11,32.0
STK-001034,FAC-0017,PARACETAMOL,2023-01-12,15.0
STK-001035,FAC-0017,PARACETAMOL,2023-01-13,38.0
STK-001036,FAC-0017,PARACETAMOL,2023-01-14,32.0
STK-001037,FAC-0017,PARACETAMOL,2023-01-15,31.0
STK-001038,FAC-0017,PARACETAMOL,2023-01-16,43.0
STK-001039,FAC-0017,PARACETAMOL,2023-01-17,19.0
STK-001040,FAC-0017,PARACETAMOL,2023-01-18,55.0
STK-001041,FAC-0017,PARACETAMOL,2023-01-19,42.0
STK-001042,FAC-0017,PARACETAMOL,2023-01-20,29.0
STK-001043,FAC-0017,PARACETAMOL,2023-01-21,29.0
STK-001044,FAC-0017,PARACETAMOL,2023-01-22,52.0
STK-001045,FAC-0017,RIF_INH,2023-01-01,6.0
STK-001046,FAC-0017,RIF_INH,2023-01-02,5.0
STK-001047,FAC-0017,RIF_INH,2023-01-03,3.0
STK-001048,FAC-0017,RIF_INH,2023-01-04,2.0
STK-001049,FAC-0017,RIF_INH,2023-01-05,3.0
STK-001050,FAC-0017,RIF_INH,2023-01-06,1.0
STK-001051,FAC-0017,RIF_INH,2023-01-07,2.0
STK-001052,FAC-0017,RIF_INH,2023-01-08,2.0
STK-001053,FAC-0017,RIF_INH,2023-01-09,5.0
STK-001054,FAC-0017,RIF_INH,2023-01-10,1.0
STK-001055,FAC-0017,RIF_INH,2023-01-11,4.0
STK-001056,FAC-0017,RIF_INH,2023-01-12,4.0
STK-001057,FAC-0017,RIF_INH,2023-01-13,1.0
STK-001058,FAC-0017,RIF_INH,2023-01-14,3.0
STK-001059,FAC-0017,RIF_INH,2023-01-15,2.0
STK-001060,FAC-0017,RIF_INH,2023-01-16,1.0
STK-001061,FAC-0017,RIF_INH,2023-01-17,5.0
STK-001062,FAC-0017,RIF_INH,2023-01-18,3.0
STK-001063,FAC-0017,RIF_INH,2023-01-19,2.0
STK-001064,FAC-0017,RIF_INH,2023-01-20,4.0
STK-001065,FAC-0017,RIF_INH,2023-01-21,3.0
STK-001066,FAC-0017,RIF_INH,2023-01-23,1.0
STK-001067,FAC-0017,RIF_INH,2023-01-24,2.0
STK-001068,FAC-0017,RIF_INH,2023-01-25,4.0
STK-001069,FAC-0017,RIF_INH,2023-01-26,4.0
STK-001070,FAC-0017,RIF_INH,2023-01-27,3.0
STK-001071,FAC-0017,RIF_INH,2023-01-28,3.0
STK-001072,FAC-0017,RIF_INH,2023-01-29,1.0
STK-001073,FAC-0017,RIF_INH,2023-01-30,3.0
STK-001074,FAC-0017,RIF_INH,2023-01-31,3.0
STK-001075,FAC-0017,RIF_INH,2023-02-01,4.0
STK-001076,FAC-0018,RIF_INH,2023-01-01,3.0
STK-001077,FAC-0018,RIF_INH,2023-01-02,4.0
STK-001078,FAC-0018,RIF_INH,2023-01-03,3.0
STK-001079,FAC-0018,RIF_INH,2023-01-04,1.0
STK-001080,FAC-0018,RIF_INH,2023-01-05,5.0
STK-001081,FAC-0018,RIF_INH,2023-01-06,4.0
STK-001082,FAC-0018,RIF_INH,2023-01-07,2.0
STK-001083,FAC-0018,RIF_INH,2023-01-08,2.0
STK-001084,FAC-0018,RIF_INH,2023-01-09,2.0
STK-001085,FAC-0018,RIF_INH,2023-01-10,4.0
STK-001086,FAC-0018,RIF_INH,2023-01-11,1.0
STK-001087,FAC-0018,RIF_INH,2023-01-12,1.0
STK-001088,FAC-0018,RIF_INH,2023-01-14,1.0
STK-001089,FAC-0018,RIF_INH,2023-01-15,2.0
STK-001090,FAC-0018,RIF_INH,2023-01-18,3.0
STK-001091,FAC-0019,EPINEPHRINE,2023-01-02,1.0
STK-001092,FAC-0019,EPINEPHRINE,2023-01-03,1.0
STK-001093,FAC-0019,EPINEPHRINE,2023-07-16,1.0
STK-001094,FAC-0019,PARACETAMOL,2023-01-01,101.0
STK-001095,FAC-0019,PARACETAMOL,2023-01-02,90.0
STK-001096,FAC-0019,PARACETAMOL,2023-01-03,114.0
STK-001097,FAC-0019,PARACETAMOL,2023-01-04,66.0
STK-001098,FAC-0019,PARACETAMOL,2023-01-05,73.0
STK-001099,FAC-0019,PARACETAMOL,2023-01-06,79.0
STK-001100,FAC-0019,PARACETAMOL,2023-01-07,59.0
STK-001101,FAC-0019,PARACETAMOL,2023-01-08,76.0
STK-001102,FAC-0019,PARACETAMOL,2023-01-09,78.0
STK-001103,FAC-0019,PARACETAMOL,2023-01-10,75.0
STK-001104,FAC-0019,PARACETAMOL,2023-01-11,96.0
STK-001105,FAC-0019,PARACETAMOL,2023-01-12,96.0
STK-001106,FAC-0019,PARACETAMOL,2023-01-13,67.0
STK-001107,FAC-0019,PARACETAMOL,2023-01-14,84.0
STK-001108,FAC-0019,PARACETAMOL,2023-01-15,100.0
STK-001109,FAC-0019,PARACETAMOL,2023-01-16,86.0
STK-001110,FAC-0019,PARACETAMOL,2023-01-17,94.0
STK-001111,FAC-0019,PARACETAMOL,2023-01-18,93.0
STK-001112,FAC-0019,PARACETAMOL,2023-01-19,90.0
STK-001113,FAC-0019,PARACETAMOL,2023-01-20,85.0
STK-001114,FAC-0019,PARACETAMOL,2023-01-21,69.0
STK-001115,FAC-0019,PARACETAMOL,2023-01-22,79.0
STK-001116,FAC-0019,PARACETAMOL,2023-01-23,66.0
STK-001117,FAC-0019,PARACETAMOL,2023-01-24,74.0
STK-001118,FAC-0019,PARACETAMOL,2023-01-25,80.0
STK-001119,FAC-0019,PARACETAMOL,2023-01-26,67.0
STK-001120,FAC-0019,PARACETAMOL,2023-01-27,86.0
STK-001121,FAC-0019,PARACETAMOL,2023-01-28,86.0
STK-001122,FAC-0019,PARACETAMOL,2023-01-29,105.0
STK-001123,FAC-0019,PARACETAMOL,2023-01-30,90.0
STK-001124,FAC-0020,EPINEPHRINE,2023-01-01,1.0
STK-001125,FAC-0020,EPINEPHRINE,2023-01-04,1.0
STK-001126,FAC-0020,EPINEPHRINE,2023-01-06,1.0
STK-001127,FAC-0020,EPINEPHRINE,2023-01-28,1.0
STK-001128,FAC-0020,EPINEPHRINE,2023-01-30,1.0
STK-001129,FAC-0020,EPINEPHRINE,2023-03-05,1.0
STK-001130,FAC-0020,EPINEPHRINE,2023-03-22,2.0
STK-001131,FAC-0020,EPINEPHRINE,2023-04-18,1.0
STK-001132,FAC-0020,EPINEPHRINE,2023-04-19,1.0
STK-001133,FAC-0020,EPINEPHRINE,2023-04-25,1.0
STK-001134,FAC-0020,EPINEPHRINE,2023-04-26,1.0
STK-001135,FAC-0020,EPINEPHRINE,2023-04-27,1.0
STK-001136,FAC-0020,EPINEPHRINE,2023-04-28,1.0
STK-001137,FAC-0020,EPINEPHRINE,2023-05-22,4.0
STK-001138,FAC-0020,EPINEPHRINE,2023-05-24,1.0
STK-001139,FAC-0020,EPINEPHRINE,2023-05-26,1.0
STK-001140,FAC-0020,EPINEPHRINE,2023-05-28,1.0
STK-001141,FAC-0020,EPINEPHRINE,2023-06-01,1.0
STK-001142,FAC-0020,EPINEPHRINE,2023-06-18,1.0
STK-001143,FAC-0020,EPINEPHRINE,2023-06-21,2.0
STK-001144,FAC-0020,EPINEPHRINE,2023-06-22,1.0
STK-001145,FAC-0020,EPINEPHRINE,2023-06-27,1.0
STK-001146,FAC-0020,EPINEPHRINE,2023-07-17,1.0
STK-001147,FAC-0020,EPINEPHRINE,2023-07-18,1.0
STK-001148,FAC-0020,EPINEPHRINE,2023-07-26,2.0
STK-001149,FAC-0020,EPINEPHRINE,2023-08-01,1.0
STK-001150,FAC-0020,EPINEPHRINE,2023-08-17,1.0
STK-001151,FAC-0020,EPINEPHRINE,2023-08-20,1.0
STK-001152,FAC-0020,EPINEPHRINE,2023-08-23,2.0
STK-001153,FAC-0020,EPINEPHRINE,2023-08-24,1.0
STK-001154,FAC-0020,EPINEPHRINE,2023-08-25,1.0
STK-001155,FAC-0020,EPINEPHRINE,2023-08-26,1.0
STK-001156,FAC-0020,EPINEPHRINE,2023-08-27,1.0
STK-001157,FAC-0020,EPINEPHRINE,2023-08-28,1.0
STK-001158,FAC-0020,EPINEPHRINE,2023-09-01,3.0
STK-001159,FAC-0020,EPINEPHRINE,2023-09-02,1.0
STK-001160,FAC-0020,EPINEPHRINE,2023-09-04,2.0
STK-001161,FAC-0020,EPINEPHRINE,2023-09-08,2.0
STK-001162,FAC-0020,EPINEPHRINE,2023-09-09,2.0
STK-001163,FAC-0020,EPINEPHRINE,2023-09-12,1.0
STK-001164,FAC-0020,EPINEPHRINE,2023-09-17,1.0
STK-001165,FAC-0020,EPINEPHRINE,2023-09-20,1.0
STK-001166,FAC-0020,EPINEPHRINE,2023-09-24,2.0
STK-001167,FAC-0020,EPINEPHRINE,2023-09-26,2.0
STK-001168,FAC-0020,EPINEPHRINE,2023-09-28,1.0
STK-001169,FAC-0020,EPINEPHRINE,2023-10-02,1.0
STK-001170,FAC-0020,EPINEPHRINE,2023-10-23,2.0
STK-001171,FAC-0020,EPINEPHRINE,2023-10-26,1.0
STK-001172,FAC-0020,EPINEPHRINE,2023-10-27,1.0
STK-001173,FAC-0020,EPINEPHRINE,2023-11-19,1.0
STK-001174,FAC-0020,EPINEPHRINE,2023-11-23,1.0
STK-001175,FAC-0020,EPINEPHRINE,2023-11-25,1.0
STK-001176,FAC-0020,PARACETAMOL,2023-01-01,171.0
STK-001177,FAC-0020,PARACETAMOL,2023-01-02,137.0
STK-001178,FAC-0020,PARACETAMOL,2023-01-03,134.0
STK-001179,FAC-0020,PARACETAMOL,2023-01-04,124.0
STK-001180,FAC-0020,PARACETAMOL,2023-01-05,114.0
STK-001181,FAC-0020,PARACETAMOL,2023-01-06,153.0
STK-001182,FAC-0020,PARACETAMOL,2023-01-07,155.0
STK-001183,FAC-0020,PARACETAMOL,2023-01-08,177.0
STK-001184,FAC-0020,PARACETAMOL,2023-02-15,11.0
STK-001185,FAC-0020,PARACETAMOL,2023-02-16,113.0
STK-001186,FAC-0020,PARACETAMOL,2023-02-17,111.0
STK-001187,FAC-0020,PARACETAMOL,2023-02-18,129.0
STK-001188,FAC-0020,PARACETAMOL,2023-07-28,103.0
STK-001189,FAC-0020,PARACETAMOL,2023-07-29,493.0
STK-001190,FAC-0020,PARACETAMOL,2023-08-09,36.0
STK-001191,FAC-0020,PARACETAMOL,2023-08-10,459.0
STK-001192,FAC-0020,PARACETAMOL,2023-08-11,416.0
STK-001193,FAC-0020,PARACETAMOL,2023-08-12,456.0
STK-001194,FAC-0020,PARACETAMOL,2023-08-13,438.0
STK-001195,FAC-0020,PARACETAMOL,2023-08-14,424.0
STK-001196,FAC-0020,PARACETAMOL,2023-08-15,475.0
STK-001197,FAC-0020,PARACETAMOL,2023-08-16,512.0
STK-001198,FAC-0020,PARACETAMOL,2023-08-17,583.0
STK-001199,FAC-0020,PARACETAMOL,2023-08-18,458.0
STK-001200,FAC-0020,PARACETAMOL,2023-08-19,483.0
STK-001201,FAC-0020,PARACETAMOL,2023-08-20,433.0
STK-001202,FAC-0020,PARACETAMOL,2023-08-21,466.0
STK-001203,FAC-0020,PARACETAMOL,2023-08-22,430.0
STK-001204,FAC-0020,PARACETAMOL,2023-08-23,460.0
STK-001205,FAC-0020,PARACETAMOL,2023-08-24,474.0
STK-001206,FAC-0020,PARACETAMOL,2023-08-25,446.0
STK-001207,FAC-0020,PARACETAMOL,2023-08-26,601.0
STK-001208,FAC-0020,PARACETAMOL,2023-08-27,467.0
STK-001209,FAC-0020,PARACETAMOL,2023-08-28,524.0
STK-001210,FAC-0020,PARACETAMOL,2023-08-29,474.0
STK-001211,FAC-0020,PARACETAMOL,2023-08-30,559.0
STK-001212,FAC-0020,PARACETAMOL,2023-08-31,444.0
STK-001213,FAC-0020,PARACETAMOL,2023-09-01,503.0
STK-001214,FAC-0020,PARACETAMOL,2023-09-02,528.0
STK-001215,FAC-0020,PARACETAMOL,2023-09-03,490.0
STK-001216,FAC-0020,PARACETAMOL,2023-09-04,423.0
STK-001217,FAC-0020,PARACETAMOL,2023-09-05,407.0
STK-001218,FAC-0020,PARACETAMOL,2023-09-06,384.0
STK-001219,FAC-0020,PARACETAMOL,2023-09-07,417.0
STK-001220,FAC-0020,PARACETAMOL,2023-09-08,512.0
STK-001221,FAC-0020,PARACETAMOL,2023-09-09,481.0
STK-001222,FAC-0020,PARACETAMOL,2023-09-10,339.0
STK-001223,FAC-0020,PARACETAMOL,2023-09-11,454.0
STK-001224,FAC-0020,PARACETAMOL,2023-09-12,407.0
STK-001225,FAC-0020,PARACETAMOL,2023-09-13,510.0
STK-001226,FAC-0020,PARACETAMOL,2023-09-14,386.0
STK-001227,FAC-0020,PARACETAMOL,2023-09-15,389.0
STK-001228,FAC-0020,PARACETAMOL,2023-09-16,389.0
STK-001229,FAC-0020,PARACETAMOL,2023-09-17,432.0
STK-001230,FAC-0020,PARACETAMOL,2023-09-18,465.0
STK-001231,FAC-0020,PARACETAMOL,2023-09-19,453.0
STK-001232,FAC-0020,PARACETAMOL,2023-09-20,500.0
STK-001233,FAC-0020,PARACETAMOL,2023-10-02,243.0
STK-001234,FAC-0020,PARACETAMOL,2023-10-03,450.0
STK-001235,FAC-0020,PARACETAMOL,2023-10-04,395.0
STK-001236,FAC-0020,PARACETAMOL,2023-10-05,308.0
STK-001237,FAC-0020,PARACETAMOL,2023-10-06,285.0
STK-001238,FAC-0020,PARACETAMOL,2023-10-07,370.0
STK-001239,FAC-0020,PARACETAMOL,2023-10-08,345.0
STK-001240,FAC-0020,PARACETAMOL,2023-10-09,346.0
STK-001241,FAC-0020,PARACETAMOL,2023-10-10,379.0
STK-001242,FAC-0020,PARACETAMOL,2023-10-11,332.0
STK-001243,FAC-0020,PARACETAMOL,2023-10-12,422.0
STK-001244,FAC-0020,PARACETAMOL,2023-10-13,385.0
STK-001245,FAC-0020,PARACETAMOL,2023-10-14,333.0
STK-001246,FAC-0020,PARACETAMOL,2023-10-15,260.0
STK-001247,FAC-0020,PARACETAMOL,2023-10-16,317.0
STK-001248,FAC-0020,PARACETAMOL,2023-10-17,317.0
STK-001249,FAC-0020,PARACETAMOL,2023-10-18,329.0
STK-001250,FAC-0020,PARACETAMOL,2023-10-19,297.0
STK-001251,FAC-0020,PARACETAMOL,2023-10-20,359.0
STK-001252,FAC-0020,PARACETAMOL,2023-10-21,247.0
STK-001253,FAC-0020,PARACETAMOL,2023-10-22,326.0
STK-001254,FAC-0020,PARACETAMOL,2023-10-23,217.0
STK-001255,FAC-0020,PARACETAMOL,2023-10-24,316.0
STK-001256,FAC-0020,PARACETAMOL,2023-10-25,319.0
STK-001257,FAC-0020,PARACETAMOL,2023-10-26,331.0
STK-001258,FAC-0020,PARACETAMOL,2023-10-27,351.0
STK-001259,FAC-0020,PARACETAMOL,2023-11-18,143.0
STK-001260,FAC-0020,PARACETAMOL,2023-11-19,151.0
STK-001261,FAC-0020,PARACETAMOL,2023-11-20,197.0
STK-001262,FAC-0020,PARACETAMOL,2023-11-21,241.0
STK-001263,FAC-0020,PARACETAMOL,2023-11-22,240.0
STK-001264,FAC-0020,PARACETAMOL,2023-11-23,128.0
STK-001265,FAC-0020,PARACETAMOL,2023-11-24,134.0
STK-001266,FAC-0020,PARACETAMOL,2023-11-25,165.0
STK-001267,FAC-0020,PARACETAMOL,2023-11-26,120.0
STK-001268,FAC-0020,RIF_INH,2023-01-01,7.0
STK-001269,FAC-0020,RIF_INH,2023-01-02,6.0
STK-001270,FAC-0020,RIF_INH,2023-01-03,12.0
STK-001271,FAC-0020,RIF_INH,2023-01-04,6.0
STK-001272,FAC-0020,RIF_INH,2023-01-05,12.0
STK-001273,FAC-0020,RIF_INH,2023-01-06,6.0
STK-001274,FAC-0020,RIF_INH,2023-01-07,7.0
STK-001275,FAC-0020,RIF_INH,2023-01-08,6.0
STK-001276,FAC-0021,EPINEPHRINE,2023-01-01,1.0
STK-001277,FAC-0021,EPINEPHRINE,2023-01-05,1.0
STK-001278,FAC-0021,EPINEPHRINE,2023-01-10,1.0
STK-001279,FAC-0021,EPINEPHRINE,2023-01-20,1.0
STK-001280,FAC-0021,EPINEPHRINE,2023-01-21,4.0
STK-001281,FAC-0021,EPINEPHRINE,2023-01-22,1.0
STK-001282,FAC-0021,EPINEPHRINE,2023-02-27,2.0
STK-001283,FAC-0021,EPINEPHRINE,2023-03-04,1.0
STK-001284,FAC-0021,EPINEPHRINE,2023-09-12,1.0
STK-001285,FAC-0021,PARACETAMOL,2023-01-01,98.0
STK-001286,FAC-0021,PARACETAMOL,2023-01-02,104.0
STK-001287,FAC-0021,PARACETAMOL,2023-01-03,91.0
STK-001288,FAC-0021,PARACETAMOL,2023-01-04,94.0
STK-001289,FAC-0021,PARACETAMOL,2023-01-05,76.0
STK-001290,FAC-0021,PARACETAMOL,2023-01-06,104.0
STK-001291,FAC-0021,PARACETAMOL,2023-01-07,98.0
STK-001292,FAC-0021,PARACETAMOL,2023-01-08,94.0
STK-001293,FAC-0021,PARACETAMOL,2023-01-09,78.0
STK-001294,FAC-0021,PARACETAMOL,2023-01-10,81.0
STK-001295,FAC-0021,PARACETAMOL,2023-01-11,102.0
STK-001296,FAC-0021,PARACETAMOL,2023-09-18,126.0
STK-001297,FAC-0021,PARACETAMOL,2023-09-19,374.0
STK-001298,FAC-0021,PARACETAMOL,2023-09-20,339.0
STK-001299,FAC-0021,PARACETAMOL,2023-09-21,311.0
STK-001300,FAC-0021,PARACETAMOL,2023-09-22,298.0
STK-001301,FAC-0021,PARACETAMOL,2023-09-23,404.0
STK-001302,FAC-0021,PARACETAMOL,2023-09-24,381.0
STK-001303,FAC-0021,PARACETAMOL,2023-09-25,314.0
STK-001304,FAC-0021,PARACETAMOL,2023-09-26,195.0
STK-001305,FAC-0021,PARACETAMOL,2023-09-27,369.0
STK-001306,FAC-0021,PARACETAMOL,2023-09-28,331.0
STK-001307,FAC-0021,PARACETAMOL,2023-09-29,345.0
STK-001308,FAC-0021,PARACETAMOL,2023-09-30,311.0
STK-001309,FAC-0021,PARACETAMOL,2023-10-01,318.0
STK-001310,FAC-0021,PARACETAMOL,2023-10-02,340.0
STK-001311,FAC-0021,PARACETAMOL,2023-10-03,300.0
STK-001312,FAC-0021,PARACETAMOL,2023-10-04,299.0
STK-001313,FAC-0021,PARACETAMOL,2023-10-05,295.0
STK-001314,FAC-0021,PARACETAMOL,2023-10-06,305.0
STK-001315,FAC-0021,PARACETAMOL,2023-10-07,319.0
STK-001316,FAC-0021,PARACETAMOL,2023-10-08,314.0
STK-001317,FAC-0021,PARACETAMOL,2023-10-09,270.0
STK-001318,FAC-0021,PARACETAMOL,2023-10-10,289.0
STK-001319,FAC-0021,PARACETAMOL,2023-10-11,310.0
STK-001320,FAC-0021,PARACETAMOL,2023-10-12,310.0
STK-001321,FAC-0021,PARACETAMOL,2023-10-13,213.0
STK-001322,FAC-0021,PARACETAMOL,2023-10-14,222.0
STK-001323,FAC-0021,PARACETAMOL,2023-10-15,291.0
STK-001324,FAC-0021,PARACETAMOL,2023-12-18,70.0
STK-001325,FAC-0021,PARACETAMOL,2023-12-19,92.0
STK-001326,FAC-0021,PARACETAMOL,2023-12-20,102.0
STK-001327,FAC-0021,PARACETAMOL,2023-12-21,107.0
STK-001328,FAC-0021,RIF_INH,2023-01-01,7.0
STK-001329,FAC-0021,RIF_INH,2023-01-02,4.0
STK-001330,FAC-0021,RIF_INH,2023-01-03,1.0
STK-001331,FAC-0021,RIF_INH,2023-01-04,4.0
STK-001332,FAC-0021,RIF_INH,2023-01-05,10.0
STK-001333,FAC-0021,RIF_INH,2023-01-06,5.0
STK-001334,FAC-0021,RIF_INH,2023-01-07,5.0
STK-001335,FAC-0021,RIF_INH,2023-01-08,10.0
STK-001336,FAC-0021,RIF_INH,2023-01-09,5.0
STK-001337,FAC-0021,RIF_INH,2023-01-10,3.0
STK-001338,FAC-0021,RIF_INH,2023-01-11,9.0
STK-001339,FAC-0022,PARACETAMOL,2023-01-01,24.0
STK-001340,FAC-0022,PARACETAMOL,2023-01-02,25.0
STK-001341,FAC-0022,PARACETAMOL,2023-01-03,24.0
STK-001342,FAC-0022,PARACETAMOL,2023-01-04,30.0
STK-001343,FAC-0022,PARACETAMOL,2023-01-05,26.0
STK-001344,FAC-0022,PARACETAMOL,2023-01-06,21.0
STK-001345,FAC-0022,PARACETAMOL,2023-01-07,21.0
STK-001346,FAC-0022,PARACETAMOL,2023-01-08,33.0
STK-001347,FAC-0022,PARACETAMOL,2023-01-09,18.0
STK-001348,FAC-0022,PARACETAMOL,2023-01-10,27.0
STK-001349,FAC-0022,PARACETAMOL,2023-01-11,29.0
STK-001350,FAC-0022,PARACETAMOL,2023-01-12,33.0
STK-001351,FAC-0022,PARACETAMOL,2023-01-13,12.0
STK-001352,FAC-0022,PARACETAMOL,2023-01-14,16.0
STK-001353,FAC-0022,PARACETAMOL,2023-01-15,21.0
STK-001354,FAC-0022,PARACETAMOL,2023-01-16,26.0
STK-001355,FAC-0022,PARACETAMOL,2023-01-17,18.0
STK-001356,FAC-0022,PARACETAMOL,2023-01-18,36.0
STK-001357,FAC-0022,PARACETAMOL,2023-01-19,29.0
STK-001358,FAC-0022,PARACETAMOL,2023-01-20,14.0
STK-001359,FAC-0022,PARACETAMOL,2023-01-21,35.0
STK-001360,FAC-0022,PARACETAMOL,2023-01-22,21.0
STK-001361,FAC-0022,PARACETAMOL,2023-01-23,23.0
STK-001362,FAC-0022,PARACETAMOL,2023-01-24,21.0
STK-001363,FAC-0022,PARACETAMOL,2023-01-25,25.0
STK-001364,FAC-0022,PARACETAMOL,2023-01-26,14.0
STK-001365,FAC-0022,PARACETAMOL,2023-01-27,20.0
STK-001366,FAC-0022,PARACETAMOL,2023-01-28,22.0
STK-001367,FAC-0022,PARACETAMOL,2023-01-29,19.0
STK-001368,FAC-0022,PARACETAMOL,2023-01-30,42.0
STK-001369,FAC-0022,PARACETAMOL,2023-01-31,18.0
STK-001370,FAC-0022,PARACETAMOL,2023-02-01,23.0
STK-001371,FAC-0022,RIF_INH,2023-01-01,4.0
STK-001372,FAC-0022,RIF_INH,2023-01-02,1.0
STK-001373,FAC-0022,RIF_INH,2023-01-04,3.0
STK-001374,FAC-0022,RIF_INH,2023-01-05,2.0
STK-001375,FAC-0022,RIF_INH,2023-01-06,1.0
STK-001376,FAC-0022,RIF_INH,2023-01-07,2.0
STK-001377,FAC-0022,RIF_INH,2023-01-08,3.0
STK-001378,FAC-0022,RIF_INH,2023-01-09,2.0
STK-001379,FAC-0022,RIF_INH,2023-01-10,5.0
STK-001380,FAC-0022,RIF_INH,2023-01-11,1.0
STK-001381,FAC-0022,RIF_INH,2023-01-13,2.0
STK-001382,FAC-0022,RIF_INH,2023-01-14,4.0
STK-001383,FAC-0022,RIF_INH,2023-01-15,1.0
STK-001384,FAC-0022,RIF_INH,2023-01-16,1.0
STK-001385,FAC-0022,RIF_INH,2023-01-17,2.0
STK-001386,FAC-0022,RIF_INH,2023-01-18,2.0
STK-001387,FAC-0022,RIF_INH,2023-01-19,1.0
STK-001388,FAC-0022,RIF_INH,2023-01-20,2.0
STK-001389,FAC-0022,RIF_INH,2023-01-24,1.0
STK-001390,FAC-0022,RIF_INH,2023-01-28,1.0
STK-001391,FAC-0023,EPINEPHRINE,2023-02-03,2.0
STK-001392,FAC-0023,EPINEPHRINE,2023-02-05,1.0
STK-001393,FAC-0023,EPINEPHRINE,2023-03-05,1.0
STK-001394,FAC-0023,EPINEPHRINE,2023-03-07,1.0
STK-001395,FAC-0023,PARACETAMOL,2023-01-01,59.0
STK-001396,FAC-0023,PARACETAMOL,2023-01-02,115.0
STK-001397,FAC-0023,PARACETAMOL,2023-01-03,63.0
STK-001398,FAC-0023,PARACETAMOL,2023-01-04,81.0
STK-001399,FAC-0023,PARACETAMOL,2023-01-05,129.0
STK-001400,FAC-0023,PARACETAMOL,2023-01-06,94.0
STK-001401,FAC-0023,PARACETAMOL,2023-01-07,76.0
STK-001402,FAC-0023,PARACETAMOL,2023-01-08,98.0
STK-001403,FAC-0023,PARACETAMOL,2023-01-09,85.0
STK-001404,FAC-0023,PARACETAMOL,2023-01-10,95.0
STK-001405,FAC-0023,PARACETAMOL,2023-01-11,74.0
STK-001406,FAC-0023,PARACETAMOL,2023-01-12,94.0
STK-001407,FAC-0023,PARACETAMOL,2023-01-13,95.0
STK-001408,FAC-0023,PARACETAMOL,2023-01-14,72.0
STK-001409,FAC-0023,PARACETAMOL,2023-10-25,111.0
STK-001410,FAC-0023,PARACETAMOL,2023-10-26,157.0
STK-001411,FAC-0023,PARACETAMOL,2023-10-27,271.0
STK-001412,FAC-0023,PARACETAMOL,2023-10-28,287.0
STK-001413,FAC-0023,PARACETAMOL,2023-12-07,53.0
STK-001414,FAC-0023,PARACETAMOL,2023-12-08,113.0
STK-001415,FAC-0023,PARACETAMOL,2023-12-09,58.0
STK-001416,FAC-0023,PARACETAMOL,2023-12-10,68.0
STK-001417,FAC-0023,PARACETAMOL,2023-12-11,104.0
STK-001418,FAC-0023,PARACETAMOL,2023-12-12,74.0
STK-001419,FAC-0023,RIF_INH,2023-01-01,3.0
STK-001420,FAC-0023,RIF_INH,2023-01-02,8.0
STK-001421,FAC-0023,RIF_INH,2023-01-03,9.0
STK-001422,FAC-0023,RIF_INH,2023-01-04,7.0
STK-001423,FAC-0023,RIF_INH,2023-01-05,5.0
STK-001424,FAC-0023,RIF_INH,2023-01-06,3.0
STK-001425,FAC-0023,RIF_INH,2023-01-07,6.0
STK-001426,FAC-0023,RIF_INH,2023-01-08,6.0
STK-001427,FAC-0024,EPINEPHRINE,2023-01-01,1.0
STK-001428,FAC-0024,EPINEPHRINE,2023-01-03,1.0
STK-001429,FAC-0024,EPINEPHRINE,2023-03-02,1.0
STK-001430,FAC-0024,EPINEPHRINE,2023-03-07,1.0
STK-001431,FAC-0024,EPINEPHRINE,2023-03-23,1.0
STK-001432,FAC-0024,EPINEPHRINE,2023-03-24,1.0
STK-001433,FAC-0024,EPINEPHRINE,2023-03-25,1.0
STK-001434,FAC-0024,EPINEPHRINE,2023-03-26,1.0
STK-001435,FAC-0024,EPINEPHRINE,2023-03-27,1.0
STK-001436,FAC-0024,EPINEPHRINE,2023-03-29,1.0
STK-001437,FAC-0024,EPINEPHRINE,2023-04-02,1.0
STK-001438,FAC-0024,EPINEPHRINE,2023-04-03,1.0
STK-001439,FAC-0024,EPINEPHRINE,2023-04-07,1.0
STK-001440,FAC-0024,EPINEPHRINE,2023-04-08,2.0
STK-001441,FAC-0024,EPINEPHRINE,2023-06-02,1.0
STK-001442,FAC-0024,EPINEPHRINE,2023-06-17,1.0
STK-001443,FAC-0024,EPINEPHRINE,2023-06-19,1.0
STK-001444,FAC-0024,EPINEPHRINE,2023-06-20,1.0
STK-001445,FAC-0024,EPINEPHRINE,2023-06-22,2.0
STK-001446,FAC-0024,EPINEPHRINE,2023-06-23,1.0
STK-001447,FAC-0024,EPINEPHRINE,2023-06-24,1.0
STK-001448,FAC-0024,EPINEPHRINE,2023-06-25,1.0
STK-001449,FAC-0024,EPINEPHRINE,2023-06-26,1.0
STK-001450,FAC-0024,EPINEPHRINE,2023-06-28,1.0
STK-001451,FAC-0024,EPINEPHRINE,2023-06-29,2.0
STK-001452,FAC-0024,EPINEPHRINE,2023-07-18,1.0
STK-001453,FAC-0024,EPINEPHRINE,2023-07-22,2.0
STK-001454,FAC-0024,EPINEPHRINE,2023-07-23,1.0
STK-001455,FAC-0024,EPINEPHRINE,2023-07-27,1.0
STK-001456,FAC-0024,EPINEPHRINE,2023-07-28,1.0
STK-001457,FAC-0024,EPINEPHRINE,2023-08-17,1.0
STK-001458,FAC-0024,EPINEPHRINE,2023-08-18,1.0
STK-001459,FAC-0024,EPINEPHRINE,2023-08-21,1.0
STK-001460,FAC-0024,EPINEPHRINE,2023-08-24,1.0
STK-001461,FAC-0024,EPINEPHRINE,2023-08-31,1.0
STK-001462,FAC-0024,EPINEPHRINE,2023-09-26,1.0
STK-001463,FAC-0024,EPINEPHRINE,2023-09-28,1.0
STK-001464,FAC-0024,EPINEPHRINE,2023-09-29,1.0
STK-001465,FAC-0024,EPINEPHRINE,2023-09-30,1.0
STK-001466,FAC-0024,EPINEPHRINE,2023-10-01,1.0
STK-001467,FAC-0024,EPINEPHRINE,2023-10-23,1.0
STK-001468,FAC-0024,EPINEPHRINE,2023-10-26,1.0
STK-001469,FAC-0024,EPINEPHRINE,2023-10-27,1.0
STK-001470,FAC-0024,EPINEPHRINE,2023-12-28,1.0
STK-001471,FAC-0024,PARACETAMOL,2023-01-01,150.0
STK-001472,FAC-0024,PARACETAMOL,2023-07-26,76.0
STK-001473,FAC-0024,PARACETAMOL,2023-07-27,356.0
STK-001474,FAC-0024,PARACETAMOL,2023-07-28,400.0
STK-001475,FAC-0024,PARACETAMOL,2023-07-29,593.0
STK-001476,FAC-0024,PARACETAMOL,2023-07-30,295.0
STK-001477,FAC-0024,PARACETAMOL,2023-07-31,416.0
STK-001478,FAC-0024,PARACETAMOL,2023-08-01,386.0
STK-001479,FAC-0024,PARACETAMOL,2023-08-02,413.0
STK-001480,FAC-0024,PARACETAMOL,2023-08-14,440.0
STK-001481,FAC-0024,PARACETAMOL,2023-08-15,542.0
STK-001482,FAC-0024,PARACETAMOL,2023-08-16,409.0
STK-001483,FAC-0024,PARACETAMOL,2023-08-17,439.0
STK-001484,FAC-0024,PARACETAMOL,2023-08-18,518.0
STK-001485,FAC-0024,PARACETAMOL,2023-08-19,391.0
STK-001486,FAC-0024,PARACETAMOL,2023-08-20,470.0
STK-001487,FAC-0024,PARACETAMOL,2023-08-21,512.0
STK-001488,FAC-0024,PARACETAMOL,2023-08-22,529.0
STK-001489,FAC-0024,PARACETAMOL,2023-08-23,638.0
STK-001490,FAC-0024,PARACETAMOL,2023-08-24,342.0
STK-001491,FAC-0024,PARACETAMOL,2023-08-25,477.0
STK-001492,FAC-0024,PARACETAMOL,2023-08-26,467.0
STK-001493,FAC-0024,PARACETAMOL,2023-08-27,419.0
STK-001494,FAC-0024,PARACETAMOL,2023-08-28,486.0
STK-001495,FAC-0024,PARACETAMOL,2023-08-29,507.0
STK-001496,FAC-0024,PARACETAMOL,2023-08-30,539.0
STK-001497,FAC-0024,PARACETAMOL,2023-08-31,444.0
STK-001498,FAC-0024,PARACETAMOL,2023-09-12,426.0
STK-001499,FAC-0024,PARACETAMOL,2023-09-13,546.0
STK-001500,FAC-0024,PARACETAMOL,2023-09-14,350.0
STK-001501,FAC-0024,PARACETAMOL,2023-09-15,401.0
STK-001502,FAC-0024,PARACETAMOL,2023-09-16,527.0
STK-001503,FAC-0024,PARACETAMOL,2023-09-17,438.0
STK-001504,FAC-0024,PARACETAMOL,2023-09-18,343.0
STK-001505,FAC-0024,PARACETAMOL,2023-09-19,459.0
STK-001506,FAC-0024,PARACETAMOL,2023-09-20,570.0
STK-001507,FAC-0024,PARACETAMOL,2023-09-21,459.0
STK-001508,FAC-0024,PARACETAMOL,2023-09-22,379.0
STK-001509,FAC-0024,PARACETAMOL,2023-09-23,462.0
STK-001510,FAC-0024,PARACETAMOL,2023-09-24,386.0
STK-001511,FAC-0024,PARACETAMOL,2023-09-25,392.0
STK-001512,FAC-0024,PARACETAMOL,2023-09-26,272.0
STK-001513,FAC-0024,PARACETAMOL,2023-09-27,414.0
STK-001514,FAC-0024,PARACETAMOL,2023-09-28,483.0
STK-001515,FAC-0024,PARACETAMOL,2023-09-29,383.0
STK-001516,FAC-0024,PARACETAMOL,2023-09-30,377.0
STK-001517,FAC-0024,PARACETAMOL,2023-10-01,400.0
STK-001518,FAC-0024,PARACETAMOL,2023-10-02,399.0
STK-001519,FAC-0024,PARACETAMOL,2023-10-03,452.0
STK-001520,FAC-0024,PARACETAMOL,2023-10-18,232.0
STK-001521,FAC-0024,PARACETAMOL,2023-10-19,341.0
STK-001522,FAC-0024,PARACETAMOL,2023-10-20,397.0
STK-001523,FAC-0024,PARACETAMOL,2023-10-21,269.0
STK-001524,FAC-0024,PARACETAMOL,2023-10-22,302.0
STK-001525,FAC-0024,PARACETAMOL,2023-10-23,239.0
STK-001526,FAC-0024,PARACETAMOL,2023-10-24,240.0
STK-001527,FAC-0024,PARACETAMOL,2023-10-25,321.0
STK-001528,FAC-0024,PARACETAMOL,2023-10-26,287.0
STK-001529,FAC-0024,PARACETAMOL,2023-10-27,308.0
STK-001530,FAC-0024,PARACETAMOL,2023-10-28,284.0
STK-001531,FAC-0024,PARACETAMOL,2023-10-29,298.0
STK-001532,FAC-0024,PARACETAMOL,2023-10-30,246.0
STK-001533,FAC-0024,PARACETAMOL,2023-10-31,224.0
STK-001534,FAC-0024,PARACETAMOL,2023-11-01,208.0
STK-001535,FAC-0024,PARACETAMOL,2023-11-02,219.0
STK-001536,FAC-0024,PARACETAMOL,2023-11-03,330.0
STK-001537,FAC-0024,PARACETAMOL,2023-11-04,211.0
STK-001538,FAC-0024,PARACETAMOL,2023-11-05,204.0
STK-001539,FAC-0024,PARACETAMOL,2023-11-06,188.0
STK-001540,FAC-0024,PARACETAMOL,2023-11-07,232.0
STK-001541,FAC-0024,PARACETAMOL,2023-11-08,193.0
STK-001542,FAC-0024,PARACETAMOL,2023-11-09,232.0
STK-001543,FAC-0024,RIF_INH,2023-01-01,8.0
STK-001544,FAC-0025,EPINEPHRINE,2023-01-01,1.0
STK-001545,FAC-0025,EPINEPHRINE,2023-01-04,1.0
STK-001546,FAC-0025,EPINEPHRINE,2023-01-06,1.0
STK-001547,FAC-0025,EPINEPHRINE,2023-01-08,1.0
STK-001548,FAC-0025,EPINEPHRINE,2023-01-09,1.0
STK-001549,FAC-0025,EPINEPHRINE,2023-02-08,1.0
STK-001550,FAC-0025,EPINEPHRINE,2023-02-10,1.0
STK-001551,FAC-0025,EPINEPHRINE,2023-02-12,1.0
STK-001552,FAC-0025,EPINEPHRINE,2023-02-13,2.0
STK-001553,FAC-0025,EPINEPHRINE,2023-04-03,1.0
STK-001554,FAC-0025,EPINEPHRINE,2023-04-12,1.0
STK-001555,FAC-0025,EPINEPHRINE,2023-04-13,1.0
STK-001556,FAC-0025,EPINEPHRINE,2023-04-19,1.0
STK-001557,FAC-0025,EPINEPHRINE,2023-04-26,1.0
STK-001558,FAC-0025,EPINEPHRINE,2023-04-30,2.0
STK-001559,FAC-0025,EPINEPHRINE,2023-06-26,1.0
STK-001560,FAC-0025,EPINEPHRINE,2023-06-29,1.0
STK-001561,FAC-0025,EPINEPHRINE,2023-06-30,1.0
STK-001562,FAC-0025,EPINEPHRINE,2023-07-19,1.0
STK-001563,FAC-0025,EPINEPHRINE,2023-07-29,1.0
STK-001564,FAC-0025,EPINEPHRINE,2023-11-03,1.0
STK-001565,FAC-0025,EPINEPHRINE,2023-11-04,1.0
STK-001566,FAC-0025,EPINEPHRINE,2023-11-05,1.0
STK-001567,FAC-0025,EPINEPHRINE,2023-11-08,2.0
STK-001568,FAC-0025,EPINEPHRINE,2023-11-11,2.0
STK-001569,FAC-0025,EPINEPHRINE,2023-11-13,1.0
STK-001570,FAC-0025,EPINEPHRINE,2023-11-18,1.0
STK-001571,FAC-0025,EPINEPHRINE,2023-11-24,1.0
STK-001572,FAC-0025,EPINEPHRINE,2023-12-31,1.0
STK-001573,FAC-0025,PARACETAMOL,2023-01-01,59.0
STK-001574,FAC-0025,PARACETAMOL,2023-08-27,305.0
STK-001575,FAC-0025,PARACETAMOL,2023-08-28,370.0
STK-001576,FAC-0025,PARACETAMOL,2023-08-29,367.0
STK-001577,FAC-0025,PARACETAMOL,2023-08-30,337.0
STK-001578,FAC-0025,PARACETAMOL,2023-08-31,469.0
STK-001579,FAC-0025,PARACETAMOL,2023-09-01,494.0
STK-001580,FAC-0025,PARACETAMOL,2023-09-02,387.0
STK-001581,FAC-0025,PARACETAMOL,2023-09-16,74.0
STK-001582,FAC-0025,PARACETAMOL,2023-09-17,365.0
STK-001583,FAC-0025,PARACETAMOL,2023-09-18,510.0
STK-001584,FAC-0025,PARACETAMOL,2023-09-19,399.0
STK-001585,FAC-0025,PARACETAMOL,2023-09-20,391.0
STK-001586,FAC-0025,PARACETAMOL,2023-09-21,274.0
STK-001587,FAC-0025,PARACETAMOL,2023-09-22,336.0
STK-001588,FAC-0025,PARACETAMOL,2023-09-23,282.0
STK-001589,FAC-0025,PARACETAMOL,2023-09-24,383.0
STK-001590,FAC-0025,PARACETAMOL,2023-09-25,388.0
STK-001591,FAC-0025,PARACETAMOL,2023-09-26,323.0
STK-001592,FAC-0025,PARACETAMOL,2023-09-27,424.0
STK-001593,FAC-0025,PARACETAMOL,2023-09-28,375.0
STK-001594,FAC-0025,PARACETAMOL,2023-09-29,303.0
STK-001595,FAC-0025,PARACETAMOL,2023-09-30,313.0
STK-001596,FAC-0025,PARACETAMOL,2023-10-01,375.0
STK-001597,FAC-0025,PARACETAMOL,2023-10-02,322.0
STK-001598,FAC-0025,PARACETAMOL,2023-10-03,401.0
STK-001599,FAC-0025,PARACETAMOL,2023-10-04,288.0
STK-001600,FAC-0025,PARACETAMOL,2023-10-05,301.0
STK-001601,FAC-0025,PARACETAMOL,2023-10-23,154.0
STK-001602,FAC-0025,PARACETAMOL,2023-10-24,260.0
STK-001603,FAC-0025,PARACETAMOL,2023-10-25,217.0
STK-001604,FAC-0025,PARACETAMOL,2023-10-26,251.0
STK-001605,FAC-0025,PARACETAMOL,2023-10-27,250.0
STK-001606,FAC-0025,PARACETAMOL,2023-10-28,229.0
STK-001607,FAC-0025,PARACETAMOL,2023-10-29,259.0
STK-001608,FAC-0025,PARACETAMOL,2023-10-30,202.0
STK-001609,FAC-0025,PARACETAMOL,2023-10-31,244.0
STK-001610,FAC-0025,RIF_INH,2023-01-01,3.0
STK-001611,FAC-0025,RIF_INH,2023-01-02,5.0
STK-001612,FAC-0025,RIF_INH,2023-01-03,5.0
STK-001613,FAC-0025,RIF_INH,2023-01-04,1.0
STK-001614,FAC-0025,RIF_INH,2023-01-05,7.0
STK-001615,FAC-0025,RIF_INH,2023-01-06,4.0
STK-001616,FAC-0025,RIF_INH,2023-01-07,6.0
STK-001617,FAC-0025,RIF_INH,2023-01-08,5.0
STK-001618,FAC-0025,RIF_INH,2023-01-09,9.0
STK-001619,FAC-0025,RIF_INH,2023-01-10,5.0
STK-001620,FAC-0025,RIF_INH,2023-01-11,6.0
STK-001621,FAC-0025,RIF_INH,2023-01-12,9.0
STK-001622,FAC-0025,RIF_INH,2023-01-13,3.0
STK-001623,FAC-0025,RIF_INH,2023-01-14,9.0
STK-001624,FAC-0025,RIF_INH,2023-01-15,8.0
STK-001625,FAC-0026,PARACETAMOL,2023-01-01,30.0
STK-001626,FAC-0026,PARACETAMOL,2023-01-02,24.0
STK-001627,FAC-0026,PARACETAMOL,2023-01-03,15.0
STK-001628,FAC-0026,PARACETAMOL,2023-01-04,17.0
STK-001629,FAC-0026,PARACETAMOL,2023-01-05,49.0
STK-001630,FAC-0026,PARACETAMOL,2023-01-06,30.0
STK-001631,FAC-0026,PARACETAMOL,2023-01-07,26.0
STK-001632,FAC-0026,PARACETAMOL,2023-01-08,28.0
STK-001633,FAC-0026,PARACETAMOL,2023-01-09,27.0
STK-001634,FAC-0026,PARACETAMOL,2023-01-10,20.0
STK-001635,FAC-0026,PARACETAMOL,2023-01-11,25.0
STK-001636,FAC-0026,PARACETAMOL,2023-01-12,28.0
STK-001637,FAC-0026,PARACETAMOL,2023-01-13,23.0
STK-001638,FAC-0026,RIF_INH,2023-01-01,2.0
STK-001639,FAC-0026,RIF_INH,2023-01-02,4.0
STK-001640,FAC-0026,RIF_INH,2023-01-03,1.0
STK-001641,FAC-0026,RIF_INH,2023-01-05,1.0
STK-001642,FAC-0026,RIF_INH,2023-01-06,3.0
STK-001643,FAC-0026,RIF_INH,2023-01-07,2.0
STK-001644,FAC-0026,RIF_INH,2023-01-08,1.0
STK-001645,FAC-0026,RIF_INH,2023-01-09,2.0
STK-001646,FAC-0026,RIF_INH,2023-01-10,2.0
STK-001647,FAC-0026,RIF_INH,2023-01-11,3.0
STK-001648,FAC-0026,RIF_INH,2023-01-12,2.0
STK-001649,FAC-0026,RIF_INH,2023-01-13,3.0
STK-001650,FAC-0026,RIF_INH,2023-01-14,2.0
STK-001651,FAC-0026,RIF_INH,2023-01-15,1.0
STK-001652,FAC-0026,RIF_INH,2023-01-16,2.0
STK-001653,FAC-0026,RIF_INH,2023-01-17,1.0
STK-001654,FAC-0026,RIF_INH,2023-01-18,2.0
STK-001655,FAC-0026,RIF_INH,2023-01-19,2.0
STK-001656,FAC-0026,RIF_INH,2023-01-20,1.0
STK-001657,FAC-0026,RIF_INH,2023-01-21,4.0
STK-001658,FAC-0026,RIF_INH,2023-01-22,1.0
STK-001659,FAC-0026,RIF_INH,2023-01-24,1.0
STK-001660,FAC-0026,RIF_INH,2023-01-25,2.0
STK-001661,FAC-0026,RIF_INH,2023-01-26,3.0
STK-001662,FAC-0026,RIF_INH,2023-01-27,1.0
STK-001663,FAC-0026,RIF_INH,2023-01-28,1.0
STK-001664,FAC-0026,RIF_INH,2023-01-31,1.0
STK-001665,FAC-0027,EPINEPHRINE,2023-01-01,1.0
STK-001666,FAC-0027,EPINEPHRINE,2023-01-02,1.0
STK-001667,FAC-0027,PARACETAMOL,2023-01-01,28.0
STK-001668,FAC-0027,PARACETAMOL,2023-01-02,28.0
STK-001669,FAC-0027,PARACETAMOL,2023-01-03,33.0
STK-001670,FAC-0027,PARACETAMOL,2023-01-04,25.0
STK-001671,FAC-0027,PARACETAMOL,2023-01-05,13.0
STK-001672,FAC-0027,PARACETAMOL,2023-01-06,37.0
STK-001673,FAC-0027,PARACETAMOL,2023-01-07,23.0
STK-001674,FAC-0027,RIF_INH,2023-01-02,2.0
STK-001675,FAC-0027,RIF_INH,2023-01-03,2.0
STK-001676,FAC-0027,RIF_INH,2023-01-04,3.0
STK-001677,FAC-0027,RIF_INH,2023-01-05,2.0
STK-001678,FAC-0027,RIF_INH,2023-01-06,2.0
STK-001679,FAC-0027,RIF_INH,2023-01-07,4.0
STK-001680,FAC-0027,RIF_INH,2023-01-08,3.0
STK-001681,FAC-0027,RIF_INH,2023-01-09,1.0
STK-001682,FAC-0027,RIF_INH,2023-01-10,2.0
STK-001683,FAC-0027,RIF_INH,2023-01-11,2.0
STK-001684,FAC-0027,RIF_INH,2023-01-12,2.0
STK-001685,FAC-0027,RIF_INH,2023-01-13,5.0
STK-001686,FAC-0027,RIF_INH,2023-01-14,1.0
STK-001687,FAC-0027,RIF_INH,2023-01-15,3.0
STK-001688,FAC-0027,RIF_INH,2023-01-16,2.0
STK-001689,FAC-0028,PARACETAMOL,2023-01-01,23.0
STK-001690,FAC-0028,PARACETAMOL,2023-01-02,15.0
STK-001691,FAC-0028,PARACETAMOL,2023-01-03,26.0
STK-001692,FAC-0028,PARACETAMOL,2023-01-04,27.0
STK-001693,FAC-0028,PARACETAMOL,2023-01-05,8.0
STK-001694,FAC-0028,PARACETAMOL,2023-01-06,12.0
STK-001695,FAC-0028,PARACETAMOL,2023-01-07,19.0
STK-001696,FAC-0028,PARACETAMOL,2023-01-08,19.0
STK-001697,FAC-0028,PARACETAMOL,2023-01-09,29.0
STK-001698,FAC-0028,RIF_INH,2023-01-01,2.0
STK-001699,FAC-0028,RIF_INH,2023-01-02,2.0
STK-001700,FAC-0028,RIF_INH,2023-01-03,4.0
STK-001701,FAC-0028,RIF_INH,2023-01-04,1.0
STK-001702,FAC-0028,RIF_INH,2023-01-05,2.0
STK-001703,FAC-0028,RIF_INH,2023-01-06,5.0
STK-001704,FAC-0028,RIF_INH,2023-01-07,2.0
STK-001705,FAC-0028,RIF_INH,2023-01-09,1.0
STK-001706,FAC-0028,RIF_INH,2023-01-10,1.0
STK-001707,FAC-0028,RIF_INH,2023-01-11,1.0
STK-001708,FAC-0028,RIF_INH,2023-01-12,3.0
STK-001709,FAC-0028,RIF_INH,2023-01-13,2.0
STK-001710,FAC-0028,RIF_INH,2023-01-14,1.0
STK-001711,FAC-0028,RIF_INH,2023-01-15,1.0
STK-001712,FAC-0028,RIF_INH,2023-01-16,2.0
STK-001713,FAC-0028,RIF_INH,2023-01-17,2.0
STK-001714,FAC-0028,RIF_INH,2023-01-18,1.0
STK-001715,FAC-0028,RIF_INH,2023-01-19,1.0
STK-001716,FAC-0028,RIF_INH,2023-01-20,1.0
STK-001717,FAC-0028,RIF_INH,2023-01-21,3.0
STK-001718,FAC-0028,RIF_INH,2023-01-22,1.0
STK-001719,FAC-0028,RIF_INH,2023-01-24,2.0
STK-001720,FAC-0028,RIF_INH,2023-01-25,1.0
STK-001721,FAC-0028,RIF_INH,2023-01-27,3.0
STK-001722,FAC-0028,RIF_INH,2023-01-28,1.0
STK-001723,FAC-0028,RIF_INH,2023-01-29,4.0
STK-001724,FAC-0028,RIF_INH,2023-01-30,1.0
STK-001725,FAC-0028,RIF_INH,2023-01-31,3.0
STK-001726,FAC-0029,RIF_INH,2023-01-02,2.0
STK-001727,FAC-0029,RIF_INH,2023-01-03,2.0
STK-001728,FAC-0029,RIF_INH,2023-01-06,1.0
STK-001729,FAC-0029,RIF_INH,2023-01-07,5.0
STK-001730,FAC-0029,RIF_INH,2023-01-08,1.0
STK-001731,FAC-0029,RIF_INH,2023-01-09,3.0
STK-001732,FAC-0029,RIF_INH,2023-01-10,4.0
STK-001733,FAC-0029,RIF_INH,2023-01-12,1.0
STK-001734,FAC-0029,RIF_INH,2023-01-13,2.0
STK-001735,FAC-0029,RIF_INH,2023-01-15,2.0
STK-001736,FAC-0029,RIF_INH,2023-01-16,1.0
STK-001737,FAC-0029,RIF_INH,2023-01-17,2.0
STK-001738,FAC-0029,RIF_INH,2023-01-18,2.0
STK-001739,FAC-0029,RIF_INH,2023-01-19,1.0
STK-001740,FAC-0029,RIF_INH,2023-01-20,1.0
STK-001741,FAC-0029,RIF_INH,2023-01-21,3.0
STK-001742,FAC-0029,RIF_INH,2023-01-23,2.0
STK-001743,FAC-0029,RIF_INH,2023-01-25,2.0
STK-001744,FAC-0029,RIF_INH,2023-01-27,1.0
STK-001745,FAC-0029,RIF_INH,2023-01-28,1.0
STK-001746,FAC-0029,RIF_INH,2023-01-29,3.0
STK-001747,FAC-0029,RIF_INH,2023-01-30,2.0
STK-001748,FAC-0029,RIF_INH,2023-01-31,2.0
STK-001749,FAC-0029,RIF_INH,2023-02-01,3.0
STK-001750,FAC-0029,RIF_INH,2023-02-03,2.0
STK-001751,FAC-0030,EPINEPHRINE,2023-01-02,1.0
STK-001752,FAC-0030,EPINEPHRINE,2023-01-03,1.0
STK-001753,FAC-0030,EPINEPHRINE,2023-01-04,2.0
STK-001754,FAC-0030,EPINEPHRINE,2023-03-08,1.0
STK-001755,FAC-0030,EPINEPHRINE,2023-03-10,1.0
STK-001756,FAC-0030,EPINEPHRINE,2023-03-12,1.0
STK-001757,FAC-0030,EPINEPHRINE,2023-03-15,1.0
STK-001758,FAC-0030,EPINEPHRINE,2023-03-16,4.0
STK-001759,FAC-0030,EPINEPHRINE,2023-03-18,1.0
STK-001760,FAC-0030,EPINEPHRINE,2023-03-19,1.0
STK-001761,FAC-0030,EPINEPHRINE,2023-03-23,1.0
STK-001762,FAC-0030,EPINEPHRINE,2023-03-26,1.0
STK-001763,FAC-0030,EPINEPHRINE,2023-03-31,1.0
STK-001764,FAC-0030,EPINEPHRINE,2023-04-03,1.0
STK-001765,FAC-0030,EPINEPHRINE,2023-04-04,2.0
STK-001766,FAC-0030,EPINEPHRINE,2023-04-06,2.0
STK-001767,FAC-0030,EPINEPHRINE,2023-07-31,3.0
STK-001768,FAC-0030,EPINEPHRINE,2023-08-29,1.0
STK-001769,FAC-0030,EPINEPHRINE,2023-09-11,1.0
STK-001770,FAC-0030,EPINEPHRINE,2023-09-12,3.0
STK-001771,FAC-0030,EPINEPHRINE,2023-09-13,1.0
STK-001772,FAC-0030,EPINEPHRINE,2023-09-19,1.0
STK-001773,FAC-0030,EPINEPHRINE,2023-09-22,1.0
STK-001774,FAC-0030,EPINEPHRINE,2023-09-23,1.0
STK-001775,FAC-0030,EPINEPHRINE,2023-09-29,1.0
STK-001776,FAC-0030,EPINEPHRINE,2023-09-30,1.0
STK-001777,FAC-0030,EPINEPHRINE,2023-10-02,1.0
STK-001778,FAC-0030,EPINEPHRINE,2023-10-03,1.0
STK-001779,FAC-0030,EPINEPHRINE,2023-10-28,1.0
STK-001780,FAC-0030,EPINEPHRINE,2023-11-27,1.0
STK-001781,FAC-0030,EPINEPHRINE,2023-11-28,1.0
STK-001782,FAC-0030,EPINEPHRINE,2023-12-01,1.0
STK-001783,FAC-0030,EPINEPHRINE,2023-12-02,2.0
STK-001784,FAC-0030,EPINEPHRINE,2023-12-03,1.0
STK-001785,FAC-0030,EPINEPHRINE,2023-12-21,1.0
STK-001786,FAC-0030,PARACETAMOL,2023-01-01,156.0
STK-001787,FAC-0030,PARACETAMOL,2023-01-02,177.0
STK-001788,FAC-0030,PARACETAMOL,2023-02-03,35.0
STK-001789,FAC-0030,PARACETAMOL,2023-03-09,32.0
STK-001790,FAC-0030,PARACETAMOL,2023-06-30,31.0
STK-001791,FAC-0030,PARACETAMOL,2023-07-13,172.0
STK-001792,FAC-0030,PARACETAMOL,2023-07-14,427.0
STK-001793,FAC-0030,PARACETAMOL,2023-07-15,551.0
STK-001794,FAC-0030,PARACETAMOL,2023-07-16,368.0
STK-001795,FAC-0030,PARACETAMOL,2023-07-17,496.0
STK-001796,FAC-0030,PARACETAMOL,2023-07-18,278.0
STK-001797,FAC-0030,PARACETAMOL,2023-07-19,438.0
STK-001798,FAC-0030,PARACETAMOL,2023-07-20,576.0
STK-001799,FAC-0030,PARACETAMOL,2023-07-21,498.0
STK-001800,FAC-0030,PARACETAMOL,2023-07-22,447.0
STK-001801,FAC-0030,PARACETAMOL,2023-07-23,477.0
STK-001802,FAC-0030,PARACETAMOL,2023-07-24,420.0
STK-001803,FAC-0030,PARACETAMOL,2023-07-25,456.0
STK-001804,FAC-0030,PARACETAMOL,2023-07-26,402.0
STK-001805,FAC-0030,PARACETAMOL,2023-07-27,647.0
STK-001806,FAC-0030,PARACETAMOL,2023-07-28,429.0
STK-001807,FAC-0030,PARACETAMOL,2023-07-29,440.0
STK-001808,FAC-0030,PARACETAMOL,2023-07-30,381.0
STK-001809,FAC-0030,PARACETAMOL,2023-07-31,380.0
STK-001810,FAC-0030,PARACETAMOL,2023-08-01,524.0
STK-001811,FAC-0030,PARACETAMOL,2023-08-02,602.0
STK-001812,FAC-0030,PARACETAMOL,2023-08-03,422.0
STK-001813,FAC-0030,PARACETAMOL,2023-08-04,481.0
STK-001814,FAC-0030,PARACETAMOL,2023-08-05,439.0
STK-001815,FAC-0030,PARACETAMOL,2023-08-15,37.0
STK-001816,FAC-0030,PARACETAMOL,2023-08-16,553.0
STK-001817,FAC-0030,PARACETAMOL,2023-08-17,557.0
STK-001818,FAC-0030,PARACETAMOL,2023-08-18,477.0
STK-001819,FAC-0030,PARACETAMOL,2023-08-19,421.0
STK-001820,FAC-0030,PARACETAMOL,2023-08-20,662.0
STK-001821,FAC-0030,PARACETAMOL,2023-08-21,544.0
STK-001822,FAC-0030,PARACETAMOL,2023-08-22,618.0
STK-001823,FAC-0030,PARACETAMOL,2023-08-23,553.0
STK-001824,FAC-0030,PARACETAMOL,2023-08-24,524.0
STK-001825,FAC-0030,PARACETAMOL,2023-08-25,703.0
STK-001826,FAC-0030,PARACETAMOL,2023-08-26,607.0
STK-001827,FAC-0030,PARACETAMOL,2023-08-27,495.0
STK-001828,FAC-0030,PARACETAMOL,2023-08-28,644.0
STK-001829,FAC-0030,PARACETAMOL,2023-08-29,520.0
STK-001830,FAC-0030,PARACETAMOL,2023-09-09,392.0
STK-001831,FAC-0030,PARACETAMOL,2023-09-10,493.0
STK-001832,FAC-0030,PARACETAMOL,2023-09-11,476.0
STK-001833,FAC-0030,PARACETAMOL,2023-09-12,533.0
STK-001834,FAC-0030,PARACETAMOL,2023-09-13,514.0
STK-001835,FAC-0030,PARACETAMOL,2023-09-14,523.0
STK-001836,FAC-0030,PARACETAMOL,2023-09-15,450.0
STK-001837,FAC-0030,PARACETAMOL,2023-09-16,471.0
STK-001838,FAC-0030,PARACETAMOL,2023-09-17,503.0
STK-001839,FAC-0030,PARACETAMOL,2023-09-18,557.0
STK-001840,FAC-0030,PARACETAMOL,2023-09-19,541.0
STK-001841,FAC-0030,PARACETAMOL,2023-09-20,544.0
STK-001842,FAC-0030,PARACETAMOL,2023-09-21,565.0
STK-001843,FAC-0030,PARACETAMOL,2023-09-22,712.0
STK-001844,FAC-0030,PARACETAMOL,2023-09-23,526.0
STK-001845,FAC-0030,PARACETAMOL,2023-09-24,435.0
STK-001846,FAC-0030,PARACETAMOL,2023-09-25,408.0
STK-001847,FAC-0030,PARACETAMOL,2023-09-26,551.0
STK-001848,FAC-0030,PARACETAMOL,2023-09-27,485.0
STK-001849,FAC-0030,PARACETAMOL,2023-10-09,410.0
STK-001850,FAC-0030,PARACETAMOL,2023-10-10,438.0
STK-001851,FAC-0030,PARACETAMOL,2023-10-11,376.0
STK-001852,FAC-0030,PARACETAMOL,2023-10-12,317.0
STK-001853,FAC-0030,PARACETAMOL,2023-10-13,408.0
STK-001854,FAC-0030,PARACETAMOL,2023-10-14,562.0
STK-001855,FAC-0030,PARACETAMOL,2023-10-15,321.0
STK-001856,FAC-0030,PARACETAMOL,2023-10-16,412.0
STK-001857,FAC-0030,PARACETAMOL,2023-10-17,305.0
STK-001858,FAC-0030,PARACETAMOL,2023-10-18,427.0
STK-001859,FAC-0030,PARACETAMOL,2023-10-19,384.0
STK-001860,FAC-0030,PARACETAMOL,2023-10-20,332.0
STK-001861,FAC-0030,PARACETAMOL,2023-10-21,338.0
STK-001862,FAC-0030,PARACETAMOL,2023-10-22,470.0
STK-001863,FAC-0030,PARACETAMOL,2023-10-23,339.0
STK-001864,FAC-0030,PARACETAMOL,2023-10-24,361.0
STK-001865,FAC-0030,PARACETAMOL,2023-10-25,310.0
STK-001866,FAC-0030,PARACETAMOL,2023-10-26,322.0
STK-001867,FAC-0030,PARACETAMOL,2023-10-27,389.0
STK-001868,FAC-0030,PARACETAMOL,2023-10-28,247.0
STK-001869,FAC-0030,PARACETAMOL,2023-11-16,194.0
STK-001870,FAC-0030,PARACETAMOL,2023-11-17,199.0
STK-001871,FAC-0030,PARACETAMOL,2023-11-18,204.0
STK-001872,FAC-0030,PARACETAMOL,2023-11-19,167.0
STK-001873,FAC-0030,PARACETAMOL,2023-11-20,207.0
STK-001874,FAC-0030,PARACETAMOL,2023-11-21,150.0
STK-001875,FAC-0030,PARACETAMOL,2023-11-22,222.0
STK-001876,FAC-0030,PARACETAMOL,2023-11-23,175.0
STK-001877,FAC-0030,PARACETAMOL,2023-11-24,216.0
STK-001878,FAC-0030,PARACETAMOL,2023-11-25,165.0
STK-001879,FAC-0030,PARACETAMOL,2023-11-26,144.0
STK-001880,FAC-0030,PARACETAMOL,2023-11-27,222.0
STK-001881,FAC-0030,PARACETAMOL,2023-11-28,152.0
STK-001882,FAC-0030,RIF_INH,2023-01-01,16.0
STK-001883,FAC-0030,RIF_INH,2023-01-02,9.0
STK-001884,FAC-0030,RIF_INH,2023-01-03,11.0
STK-001885,FAC-0030,RIF_INH,2023-01-04,8.0
STK-001886,FAC-0030,RIF_INH,2023-01-05,5.0
STK-001887,FAC-0030,RIF_INH,2023-01-06,10.0
STK-001888,FAC-0031,EPINEPHRINE,2023-01-24,1.0
STK-001889,FAC-0031,EPINEPHRINE,2023-01-26,3.0
STK-001890,FAC-0031,EPINEPHRINE,2023-01-29,2.0
STK-001891,FAC-0031,EPINEPHRINE,2023-02-02,1.0
STK-001892,FAC-0031,EPINEPHRINE,2023-03-03,1.0
STK-001893,FAC-0031,EPINEPHRINE,2023-03-06,1.0
STK-001894,FAC-0031,EPINEPHRINE,2023-04-30,1.0
STK-001895,FAC-0031,EPINEPHRINE,2023-05-22,1.0
STK-001896,FAC-0031,EPINEPHRINE,2023-05-26,1.0
STK-001897,FAC-0031,EPINEPHRINE,2023-05-27,1.0
STK-001898,FAC-0031,EPINEPHRINE,2023-05-29,1.0
STK-001899,FAC-0031,EPINEPHRINE,2023-05-31,1.0
STK-001900,FAC-0031,EPINEPHRINE,2023-06-26,2.0
STK-001901,FAC-0031,EPINEPHRINE,2023-06-29,1.0
STK-001902,FAC-0031,EPINEPHRINE,2023-07-26,1.0
STK-001903,FAC-0031,EPINEPHRINE,2023-07-27,1.0
STK-001904,FAC-0031,EPINEPHRINE,2023-08-01,1.0
STK-001905,FAC-0031,EPINEPHRINE,2023-08-25,1.0
STK-001906,FAC-0031,EPINEPHRINE,2023-09-18,1.0
STK-001907,FAC-0031,EPINEPHRINE,2023-09-20,1.0
STK-001908,FAC-0031,EPINEPHRINE,2023-09-21,2.0
STK-001909,FAC-0031,EPINEPHRINE,2023-09-23,1.0
STK-001910,FAC-0031,EPINEPHRINE,2023-09-25,1.0
STK-001911,FAC-0031,EPINEPHRINE,2023-09-26,1.0
STK-001912,FAC-0031,EPINEPHRINE,2023-10-03,1.0
STK-001913,FAC-0031,EPINEPHRINE,2023-10-04,1.0
STK-001914,FAC-0031,EPINEPHRINE,2023-10-05,1.0
STK-001915,FAC-0031,EPINEPHRINE,2023-10-08,1.0
STK-001916,FAC-0031,EPINEPHRINE,2023-10-09,1.0
STK-001917,FAC-0031,EPINEPHRINE,2023-10-14,1.0
STK-001918,FAC-0031,EPINEPHRINE,2023-10-16,1.0
STK-001919,FAC-0031,EPINEPHRINE,2023-10-18,1.0
STK-001920,FAC-0031,EPINEPHRINE,2023-10-19,1.0
STK-001921,FAC-0031,EPINEPHRINE,2023-10-21,1.0
STK-001922,FAC-0031,PARACETAMOL,2023-01-01,115.0
STK-001923,FAC-0031,PARACETAMOL,2023-01-02,94.0
STK-001924,FAC-0031,PARACETAMOL,2023-01-03,113.0
STK-001925,FAC-0031,PARACETAMOL,2023-01-04,98.0
STK-001926,FAC-0031,PARACETAMOL,2023-08-21,87.0
STK-001927,FAC-0031,PARACETAMOL,2023-08-22,456.0
STK-001928,FAC-0031,PARACETAMOL,2023-08-23,441.0
STK-001929,FAC-0031,PARACETAMOL,2023-08-24,350.0
STK-001930,FAC-0031,PARACETAMOL,2023-08-25,404.0
STK-001931,FAC-0031,PARACETAMOL,2023-08-26,451.0
STK-001932,FAC-0031,PARACETAMOL,2023-08-27,256.0
STK-001933,FAC-0031,PARACETAMOL,2023-08-28,365.0
STK-001934,FAC-0031,PARACETAMOL,2023-08-29,329.0
STK-001935,FAC-0031,PARACETAMOL,2023-08-30,466.0
STK-001936,FAC-0031,PARACETAMOL,2023-08-31,368.0
STK-001937,FAC-0031,PARACETAMOL,2023-09-14,387.0
STK-001938,FAC-0031,PARACETAMOL,2023-09-15,408.0
STK-001939,FAC-0031,PARACETAMOL,2023-09-16,404.0
STK-001940,FAC-0031,PARACETAMOL,2023-09-17,403.0
STK-001941,FAC-0031,PARACETAMOL,2023-09-18,440.0
STK-001942,FAC-0031,PARACETAMOL,2023-09-19,351.0
STK-001943,FAC-0031,PARACETAMOL,2023-09-20,273.0
STK-001944,FAC-0031,PARACETAMOL,2023-09-21,319.0
STK-001945,FAC-0031,PARACETAMOL,2023-09-22,429.0
STK-001946,FAC-0031,PARACETAMOL,2023-09-23,510.0
STK-001947,FAC-0031,PARACETAMOL,2023-09-24,345.0
STK-001948,FAC-0031,PARACETAMOL,2023-09-25,319.0
STK-001949,FAC-0031,PARACETAMOL,2023-09-26,427.0
STK-001950,FAC-0031,PARACETAMOL,2023-09-27,493.0
STK-001951,FAC-0031,PARACETAMOL,2023-09-28,262.0
STK-001952,FAC-0031,PARACETAMOL,2023-09-29,332.0
STK-001953,FAC-0031,PARACETAMOL,2023-09-30,433.0
STK-001954,FAC-0031,PARACETAMOL,2023-10-01,324.0
STK-001955,FAC-0031,PARACETAMOL,2023-10-19,20.0
STK-001956,FAC-0031,PARACETAMOL,2023-10-20,280.0
STK-001957,FAC-0031,PARACETAMOL,2023-10-21,165.0
STK-001958,FAC-0031,PARACETAMOL,2023-10-22,280.0
STK-001959,FAC-0031,PARACETAMOL,2023-10-23,227.0
STK-001960,FAC-0031,PARACETAMOL,2023-10-24,192.0
STK-001961,FAC-0031,PARACETAMOL,2023-10-25,221.0
STK-001962,FAC-0031,PARACETAMOL,2023-10-26,206.0
STK-001963,FAC-0031,PARACETAMOL,2023-10-27,305.0
STK-001964,FAC-0031,PARACETAMOL,2023-10-28,274.0
STK-001965,FAC-0031,PARACETAMOL,2023-10-29,270.0
STK-001966,FAC-0031,PARACETAMOL,2023-10-30,227.0
STK-001967,FAC-0031,PARACETAMOL,2023-10-31,171.0
STK-001968,FAC-0031,PARACETAMOL,2023-11-01,172.0
STK-001969,FAC-0031,PARACETAMOL,2023-11-02,235.0
STK-001970,FAC-0031,PARACETAMOL,2023-11-03,153.0
STK-001971,FAC-0031,RIF_INH,2023-01-01,7.0
STK-001972,FAC-0031,RIF_INH,2023-01-02,8.0
STK-001973,FAC-0031,RIF_INH,2023-01-03,4.0
STK-001974,FAC-0031,RIF_INH,2023-01-04,6.0
STK-001975,FAC-0031,RIF_INH,2023-01-05,6.0
STK-001976,FAC-0032,EPINEPHRINE,2023-03-01,2.0
STK-001977,FAC-0032,EPINEPHRINE,2023-03-02,1.0
STK-001978,FAC-0032,EPINEPHRINE,2023-03-25,1.0
STK-001979,FAC-0032,EPINEPHRINE,2023-03-26,1.0
STK-001980,FAC-0032,EPINEPHRINE,2023-03-27,1.0
STK-001981,FAC-0032,EPINEPHRINE,2023-03-29,1.0
STK-001982,FAC-0032,EPINEPHRINE,2023-04-07,1.0
STK-001983,FAC-0032,EPINEPHRINE,2023-04-11,1.0
STK-001984,FAC-0032,EPINEPHRINE,2023-04-12,1.0
STK-001985,FAC-0032,EPINEPHRINE,2023-05-31,1.0
STK-001986,FAC-0032,EPINEPHRINE,2023-06-01,1.0
STK-001987,FAC-0032,EPINEPHRINE,2023-06-04,1.0
STK-001988,FAC-0032,EPINEPHRINE,2023-06-07,1.0
STK-001989,FAC-0032,EPINEPHRINE,2023-06-27,1.0
STK-001990,FAC-0032,EPINEPHRINE,2023-06-28,1.0
STK-001991,FAC-0032,EPINEPHRINE,2023-08-24,1.0
STK-001992,FAC-0032,EPINEPHRINE,2023-08-25,3.0
STK-001993,FAC-0032,EPINEPHRINE,2023-08-27,1.0
STK-001994,FAC-0032,EPINEPHRINE,2023-08-28,2.0
STK-001995,FAC-0032,EPINEPHRINE,2023-09-03,3.0
STK-001996,FAC-0032,EPINEPHRINE,2023-09-06,3.0
STK-001997,FAC-0032,EPINEPHRINE,2023-09-07,3.0
STK-001998,FAC-0032,PARACETAMOL,2023-01-01,98.0
STK-001999,FAC-0032,PARACETAMOL,2023-01-02,121.0
STK-002000,FAC-0032,PARACETAMOL,2023-01-03,109.0
STK-002001,FAC-0032,PARACETAMOL,2023-01-04,145.0
STK-002002,FAC-0032,PARACETAMOL,2023-08-02,416.0
STK-002003,FAC-0032,PARACETAMOL,2023-08-03,350.0
STK-002004,FAC-0032,PARACETAMOL,2023-08-04,327.0
STK-002005,FAC-0032,PARACETAMOL,2023-08-05,425.0
STK-002006,FAC-0032,PARACETAMOL,2023-08-06,364.0
STK-002007,FAC-0032,PARACETAMOL,2023-08-07,561.0
STK-002008,FAC-0032,PARACETAMOL,2023-08-08,374.0
STK-002009,FAC-0032,PARACETAMOL,2023-08-19,130.0
STK-002010,FAC-0032,PARACETAMOL,2023-08-20,437.0
STK-002011,FAC-0032,PARACETAMOL,2023-08-21,480.0
STK-002012,FAC-0032,PARACETAMOL,2023-08-22,544.0
STK-002013,FAC-0032,PARACETAMOL,2023-08-23,463.0
STK-002014,FAC-0032,PARACETAMOL,2023-08-24,393.0
STK-002015,FAC-0032,PARACETAMOL,2023-08-25,412.0
STK-002016,FAC-0032,PARACETAMOL,2023-08-26,359.0
STK-002017,FAC-0032,PARACETAMOL,2023-08-27,348.0
STK-002018,FAC-0032,PARACETAMOL,2023-08-28,474.0
STK-002019,FAC-0032,PARACETAMOL,2023-08-29,295.0
STK-002020,FAC-0032,PARACETAMOL,2023-08-30,477.0
STK-002021,FAC-0032,PARACETAMOL,2023-08-31,494.0
STK-002022,FAC-0032,PARACETAMOL,2023-09-01,437.0
STK-002023,FAC-0032,PARACETAMOL,2023-09-02,533.0
STK-002024,FAC-0032,PARACETAMOL,2023-09-03,387.0
STK-002025,FAC-0032,PARACETAMOL,2023-09-15,365.0
STK-002026,FAC-0032,PARACETAMOL,2023-09-16,436.0
STK-002027,FAC-0032,PARACETAMOL,2023-09-17,429.0
STK-002028,FAC-0032,PARACETAMOL,2023-09-18,330.0
STK-002029,FAC-0032,PARACETAMOL,2023-09-19,355.0
STK-002030,FAC-0032,PARACETAMOL,2023-09-20,376.0
STK-002031,FAC-0032,PARACETAMOL,2023-09-21,318.0
STK-002032,FAC-0032,PARACETAMOL,2023-09-22,396.0
STK-002033,FAC-0032,PARACETAMOL,2023-09-23,321.0
STK-002034,FAC-0032,PARACETAMOL,2023-09-24,465.0
STK-002035,FAC-0032,PARACETAMOL,2023-09-25,461.0
STK-002036,FAC-0032,PARACETAMOL,2023-09-26,488.0
STK-002037,FAC-0032,PARACETAMOL,2023-09-27,330.0
STK-002038,FAC-0032,PARACETAMOL,2023-09-28,349.0
STK-002039,FAC-0032,PARACETAMOL,2023-09-29,470.0
STK-002040,FAC-0032,PARACETAMOL,2023-09-30,572.0
STK-002041,FAC-0032,PARACETAMOL,2023-10-01,460.0
STK-002042,FAC-0032,PARACETAMOL,2023-10-02,429.0
STK-002043,FAC-0032,PARACETAMOL,2023-10-03,396.0
STK-002044,FAC-0032,PARACETAMOL,2023-10-04,379.0
STK-002045,FAC-0032,PARACETAMOL,2023-10-05,376.0
STK-002046,FAC-0032,PARACETAMOL,2023-10-06,278.0
STK-002047,FAC-0032,PARACETAMOL,2023-10-07,373.0
STK-002048,FAC-0032,PARACETAMOL,2023-10-08,260.0
STK-002049,FAC-0032,PARACETAMOL,2023-10-09,290.0
STK-002050,FAC-0032,PARACETAMOL,2023-10-10,303.0
STK-002051,FAC-0032,PARACETAMOL,2023-10-11,369.0
STK-002052,FAC-0032,PARACETAMOL,2023-10-12,328.0
STK-002053,FAC-0032,PARACETAMOL,2023-10-30,32.0
STK-002054,FAC-0032,PARACETAMOL,2023-10-31,225.0
STK-002055,FAC-0032,PARACETAMOL,2023-11-01,242.0
STK-002056,FAC-0032,PARACETAMOL,2023-11-02,202.0
STK-002057,FAC-0032,PARACETAMOL,2023-11-03,319.0
STK-002058,FAC-0032,RIF_INH,2023-01-01,8.0
STK-002059,FAC-0032,RIF_INH,2023-01-02,6.0
STK-002060,FAC-0032,RIF_INH,2023-01-03,3.0
STK-002061,FAC-0032,RIF_INH,2023-01-04,4.0
STK-002062,FAC-0032,RIF_INH,2023-01-05,9.0
STK-002063,FAC-0032,RIF_INH,2023-01-06,8.0
STK-002064,FAC-0032,RIF_INH,2023-01-07,5.0
STK-002065,FAC-0032,RIF_INH,2023-01-08,12.0
STK-002066,FAC-0032,RIF_INH,2023-01-09,9.0
STK-002067,FAC-0032,RIF_INH,2023-01-10,6.0
STK-002068,FAC-0033,EPINEPHRINE,2023-01-05,1.0
STK-002069,FAC-0033,PARACETAMOL,2023-01-01,33.0
STK-002070,FAC-0033,PARACETAMOL,2023-01-02,23.0
STK-002071,FAC-0033,PARACETAMOL,2023-01-03,40.0
STK-002072,FAC-0033,PARACETAMOL,2023-01-04,24.0
STK-002073,FAC-0033,PARACETAMOL,2023-01-05,29.0
STK-002074,FAC-0033,PARACETAMOL,2023-01-06,21.0
STK-002075,FAC-0033,PARACETAMOL,2023-01-07,35.0
STK-002076,FAC-0033,PARACETAMOL,2023-01-08,32.0
STK-002077,FAC-0033,PARACETAMOL,2023-01-09,42.0
STK-002078,FAC-0033,PARACETAMOL,2023-01-10,29.0
STK-002079,FAC-0033,PARACETAMOL,2023-01-11,45.0
STK-002080,FAC-0033,PARACETAMOL,2023-01-12,41.0
STK-002081,FAC-0033,PARACETAMOL,2023-01-13,53.0
STK-002082,FAC-0033,PARACETAMOL,2023-01-14,27.0
STK-002083,FAC-0033,PARACETAMOL,2023-01-15,34.0
STK-002084,FAC-0033,PARACETAMOL,2023-01-16,42.0
STK-002085,FAC-0033,PARACETAMOL,2023-01-17,21.0
STK-002086,FAC-0033,PARACETAMOL,2023-01-18,29.0
STK-002087,FAC-0033,PARACETAMOL,2023-01-19,61.0
STK-002088,FAC-0033,PARACETAMOL,2023-01-20,42.0
STK-002089,FAC-0033,PARACETAMOL,2023-01-21,25.0
STK-002090,FAC-0033,PARACETAMOL,2023-01-22,55.0
STK-002091,FAC-0033,PARACETAMOL,2023-01-23,44.0
STK-002092,FAC-0033,PARACETAMOL,2023-01-24,30.0
STK-002093,FAC-0033,RIF_INH,2023-01-01,1.0
STK-002094,FAC-0034,PARACETAMOL,2023-01-01,15.0
STK-002095,FAC-0034,PARACETAMOL,2023-01-02,28.0
STK-002096,FAC-0034,PARACETAMOL,2023-01-03,27.0
STK-002097,FAC-0034,PARACETAMOL,2023-01-04,21.0
STK-002098,FAC-0034,PARACETAMOL,2023-01-05,14.0
STK-002099,FAC-0034,PARACETAMOL,2023-01-06,20.0
STK-002100,FAC-0034,PARACETAMOL,2023-01-07,45.0
STK-002101,FAC-0034,PARACETAMOL,2023-01-08,16.0
STK-002102,FAC-0034,PARACETAMOL,2023-01-09,30.0
STK-002103,FAC-0034,PARACETAMOL,2023-01-10,30.0
STK-002104,FAC-0034,PARACETAMOL,2023-01-11,34.0
STK-002105,FAC-0034,PARACETAMOL,2023-01-12,24.0
STK-002106,FAC-0034,PARACETAMOL,2023-01-13,38.0
STK-002107,FAC-0034,PARACETAMOL,2023-01-14,16.0
STK-002108,FAC-0034,PARACETAMOL,2023-01-15,8.0
STK-002109,FAC-0034,PARACETAMOL,2023-01-16,26.0
STK-002110,FAC-0034,PARACETAMOL,2023-01-17,21.0
STK-002111,FAC-0034,PARACETAMOL,2023-01-18,27.0
STK-002112,FAC-0034,PARACETAMOL,2023-01-19,41.0
STK-002113,FAC-0034,PARACETAMOL,2023-01-20,23.0
STK-002114,FAC-0034,PARACETAMOL,2023-01-21,18.0
STK-002115,FAC-0034,RIF_INH,2023-01-02,3.0
STK-002116,FAC-0034,RIF_INH,2023-01-03,1.0
STK-002117,FAC-0034,RIF_INH,2023-01-04,4.0
STK-002118,FAC-0034,RIF_INH,2023-01-05,3.0
STK-002119,FAC-0034,RIF_INH,2023-01-06,1.0
STK-002120,FAC-0034,RIF_INH,2023-01-07,1.0
STK-002121,FAC-0035,EPINEPHRINE,2023-01-04,1.0
STK-002122,FAC-0035,EPINEPHRINE,2023-01-06,1.0
STK-002123,FAC-0035,EPINEPHRINE,2023-01-08,1.0
STK-002124,FAC-0035,EPINEPHRINE,2023-01-20,1.0
STK-002125,FAC-0035,EPINEPHRINE,2023-01-22,1.0
STK-002126,FAC-0035,EPINEPHRINE,2023-01-24,1.0
STK-002127,FAC-0035,EPINEPHRINE,2023-01-25,3.0
STK-002128,FAC-0035,EPINEPHRINE,2023-01-26,1.0
STK-002129,FAC-0035,PARACETAMOL,2023-01-01,31.0
STK-002130,FAC-0035,PARACETAMOL,2023-01-02,32.0
STK-002131,FAC-0035,PARACETAMOL,2023-01-03,33.0
STK-002132,FAC-0035,PARACETAMOL,2023-01-04,36.0
STK-002133,FAC-0035,PARACETAMOL,2023-01-05,23.0
STK-002134,FAC-0035,PARACETAMOL,2023-01-06,30.0
STK-002135,FAC-0035,PARACETAMOL,2023-01-07,24.0
STK-002136,FAC-0035,PARACETAMOL,2023-01-08,27.0
STK-002137,FAC-0035,PARACETAMOL,2023-01-09,32.0
STK-002138,FAC-0035,PARACETAMOL,2023-01-10,30.0
STK-002139,FAC-0035,PARACETAMOL,2023-01-11,34.0
STK-002140,FAC-0035,PARACETAMOL,2023-01-12,37.0
STK-002141,FAC-0035,PARACETAMOL,2023-01-13,40.0
STK-002142,FAC-0035,PARACETAMOL,2023-01-14,29.0
STK-002143,FAC-0035,PARACETAMOL,2023-01-15,29.0
STK-002144,FAC-0035,PARACETAMOL,2023-01-16,42.0
STK-002145,FAC-0035,PARACETAMOL,2023-01-17,33.0
STK-002146,FAC-0035,PARACETAMOL,2023-01-18,48.0
STK-002147,FAC-0035,PARACETAMOL,2023-01-19,39.0
STK-002148,FAC-0035,PARACETAMOL,2023-01-20,30.0
STK-002149,FAC-0035,PARACETAMOL,2023-01-21,29.0
STK-002150,FAC-0035,PARACETAMOL,2023-01-22,38.0
STK-002151,FAC-0035,PARACETAMOL,2023-01-23,29.0
STK-002152,FAC-0035,PARACETAMOL,2023-01-24,34.0
STK-002153,FAC-0035,PARACETAMOL,2023-01-25,24.0
STK-002154,FAC-0035,RIF_INH,2023-01-01,1.0
STK-002155,FAC-0035,RIF_INH,2023-01-02,1.0
STK-002156,FAC-0036,PARACETAMOL,2023-01-01,36.0
STK-002157,FAC-0036,PARACETAMOL,2023-01-02,22.0
STK-002158,FAC-0036,PARACETAMOL,2023-01-03,26.0
STK-002159,FAC-0036,PARACETAMOL,2023-01-04,31.0
STK-002160,FAC-0036,PARACETAMOL,2023-01-05,21.0
STK-002161,FAC-0036,PARACETAMOL,2023-01-06,31.0
STK-002162,FAC-0036,PARACETAMOL,2023-01-07,31.0
STK-002163,FAC-0036,PARACETAMOL,2023-01-08,36.0
STK-002164,FAC-0036,RIF_INH,2023-01-01,2.0
STK-002165,FAC-0036,RIF_INH,2023-01-03,2.0
STK-002166,FAC-0036,RIF_INH,2023-01-05,1.0
STK-002167,FAC-0036,RIF_INH,2023-01-06,1.0
STK-002168,FAC-0036,RIF_INH,2023-01-07,2.0
STK-002169,FAC-0036,RIF_INH,2023-01-08,1.0
STK-002170,FAC-0036,RIF_INH,2023-01-09,3.0
STK-002171,FAC-0036,RIF_INH,2023-01-13,2.0
STK-002172,FAC-0036,RIF_INH,2023-01-14,2.0
STK-002173,FAC-0036,RIF_INH,2023-01-15,1.0
STK-002174,FAC-0036,RIF_INH,2023-01-16,3.0
STK-002175,FAC-0036,RIF_INH,2023-01-17,1.0
STK-002176,FAC-0036,RIF_INH,2023-01-19,2.0
STK-002177,FAC-0036,RIF_INH,2023-01-20,2.0
STK-002178,FAC-0036,RIF_INH,2023-01-21,1.0
STK-002179,FAC-0036,RIF_INH,2023-01-22,2.0
STK-002180,FAC-0036,RIF_INH,2023-01-23,1.0
STK-002181,FAC-0036,RIF_INH,2023-01-24,1.0
STK-002182,FAC-0036,RIF_INH,2023-01-25,1.0
STK-002183,FAC-0036,RIF_INH,2023-01-26,2.0
STK-002184,FAC-0036,RIF_INH,2023-01-27,1.0
STK-002185,FAC-0036,RIF_INH,2023-01-28,1.0
STK-002186,FAC-0036,RIF_INH,2023-01-29,2.0
STK-002187,FAC-0036,RIF_INH,2023-01-30,1.0
STK-002188,FAC-0036,RIF_INH,2023-01-31,1.0
STK-002189,FAC-0036,RIF_INH,2023-02-01,1.0
STK-002190,FAC-0036,RIF_INH,2023-02-02,3.0
STK-002191,FAC-0036,RIF_INH,2023-02-03,2.0
STK-002192,FAC-0036,RIF_INH,2023-02-05,2.0
STK-002193,FAC-0036,RIF_INH,2023-02-06,1.0
STK-002194,FAC-0036,RIF_INH,2023-02-07,1.0
STK-002195,FAC-0036,RIF_INH,2023-02-08,1.0
STK-002196,FAC-0036,RIF_INH,2023-02-09,1.0
STK-002197,FAC-0037,EPINEPHRINE,2023-01-03,1.0
STK-002198,FAC-0037,PARACETAMOL,2023-01-01,40.0
STK-002199,FAC-0037,PARACETAMOL,2023-01-02,22.0
STK-002200,FAC-0037,PARACETAMOL,2023-01-03,42.0
STK-002201,FAC-0037,RIF_INH,2023-01-01,1.0
STK-002202,FAC-0038,PARACETAMOL,2023-01-01,35.0
STK-002203,FAC-0038,PARACETAMOL,2023-01-02,37.0
STK-002204,FAC-0038,PARACETAMOL,2023-01-03,34.0
STK-002205,FAC-0038,PARACETAMOL,2023-01-04,28.0
STK-002206,FAC-0038,PARACETAMOL,2023-01-05,22.0
STK-002207,FAC-0038,PARACETAMOL,2023-01-06,23.0
STK-002208,FAC-0038,PARACETAMOL,2023-01-07,30.0
STK-002209,FAC-0038,PARACETAMOL,2023-01-08,26.0
STK-002210,FAC-0038,PARACETAMOL,2023-01-09,30.0
STK-002211,FAC-0038,PARACETAMOL,2023-01-10,34.0
STK-002212,FAC-0038,PARACETAMOL,2023-01-11,18.0
STK-002213,FAC-0038,PARACETAMOL,2023-01-12,31.0
STK-002214,FAC-0038,PARACETAMOL,2023-01-13,29.0
STK-002215,FAC-0038,PARACETAMOL,2023-01-14,37.0
STK-002216,FAC-0038,PARACETAMOL,2023-01-15,26.0
STK-002217,FAC-0038,PARACETAMOL,2023-01-16,47.0
STK-002218,FAC-0038,PARACETAMOL,2023-01-17,23.0
STK-002219,FAC-0038,PARACETAMOL,2023-01-18,23.0
STK-002220,FAC-0038,PARACETAMOL,2023-01-19,29.0
STK-002221,FAC-0038,PARACETAMOL,2023-01-20,11.0
STK-002222,FAC-0038,PARACETAMOL,2023-01-21,27.0
STK-002223,FAC-0038,PARACETAMOL,2023-01-22,24.0
STK-002224,FAC-0038,PARACETAMOL,2023-01-23,17.0
STK-002225,FAC-0038,PARACETAMOL,2023-01-24,27.0
STK-002226,FAC-0038,PARACETAMOL,2023-01-25,34.0
STK-002227,FAC-0038,PARACETAMOL,2023-01-26,25.0
STK-002228,FAC-0038,PARACETAMOL,2023-01-27,29.0
STK-002229,FAC-0038,PARACETAMOL,2023-01-28,35.0
STK-002230,FAC-0038,PARACETAMOL,2023-01-29,16.0
STK-002231,FAC-0038,PARACETAMOL,2023-01-30,29.0
STK-002232,FAC-0038,PARACETAMOL,2023-01-31,19.0
STK-002233,FAC-0038,PARACETAMOL,2023-02-01,30.0
STK-002234,FAC-0038,PARACETAMOL,2023-02-02,33.0
STK-002235,FAC-0038,PARACETAMOL,2023-02-03,39.0
STK-002236,FAC-0038,PARACETAMOL,2023-02-04,21.0
STK-002237,FAC-0038,PARACETAMOL,2023-02-05,29.0
STK-002238,FAC-0038,PARACETAMOL,2023-02-06,4.0
STK-002239,FAC-0038,PARACETAMOL,2023-02-07,27.0
STK-002240,FAC-0038,RIF_INH,2023-01-06,1.0
STK-002241,FAC-0038,RIF_INH,2023-01-07,2.0
STK-002242,FAC-0038,RIF_INH,2023-01-08,3.0
STK-002243,FAC-0038,RIF_INH,2023-01-10,1.0
STK-002244,FAC-0038,RIF_INH,2023-01-11,1.0
STK-002245,FAC-0038,RIF_INH,2023-01-12,1.0
STK-002246,FAC-0038,RIF_INH,2023-01-14,1.0
STK-002247,FAC-0038,RIF_INH,2023-01-15,2.0
STK-002248,FAC-0038,RIF_INH,2023-01-16,2.0
STK-002249,FAC-0038,RIF_INH,2023-01-17,1.0
STK-002250,FAC-0038,RIF_INH,2023-01-18,2.0
STK-002251,FAC-0038,RIF_INH,2023-01-19,2.0
STK-002252,FAC-0038,RIF_INH,2023-01-21,2.0
STK-002253,FAC-0038,RIF_INH,2023-01-22,1.0
STK-002254,FAC-0038,RIF_INH,2023-01-23,2.0
STK-002255,FAC-0038,RIF_INH,2023-01-24,1.0
STK-002256,FAC-0038,RIF_INH,2023-01-26,1.0
STK-002257,FAC-0038,RIF_INH,2023-01-27,2.0
STK-002258,FAC-0038,RIF_INH,2023-01-28,2.0
STK-002259,FAC-0038,RIF_INH,2023-01-29,1.0
STK-002260,FAC-0038,RIF_INH,2023-01-30,1.0
STK-002261,FAC-0038,RIF_INH,2023-01-31,1.0
STK-002262,FAC-0039,EPINEPHRINE,2023-01-02,1.0
STK-002263,FAC-0039,EPINEPHRINE,2023-02-02,1.0
STK-002264,FAC-0039,EPINEPHRINE,2023-02-17,2.0
STK-002265,FAC-0039,PARACETAMOL,2023-01-01,14.0
STK-002266,FAC-0039,PARACETAMOL,2023-01-02,36.0
STK-002267,FAC-0039,PARACETAMOL,2023-01-03,21.0
STK-002268,FAC-0039,PARACETAMOL,2023-01-04,11.0
STK-002269,FAC-0039,PARACETAMOL,2023-01-05,26.0
STK-002270,FAC-0039,PARACETAMOL,2023-01-06,27.0
STK-002271,FAC-0039,PARACETAMOL,2023-01-07,26.0
STK-002272,FAC-0039,PARACETAMOL,2023-01-08,11.0
STK-002273,FAC-0039,PARACETAMOL,2023-01-09,26.0
STK-002274,FAC-0039,PARACETAMOL,2023-01-10,34.0
STK-002275,FAC-0039,PARACETAMOL,2023-01-11,17.0
STK-002276,FAC-0039,PARACETAMOL,2023-01-12,27.0
STK-002277,FAC-0039,PARACETAMOL,2023-01-13,34.0
STK-002278,FAC-0039,PARACETAMOL,2023-01-14,34.0
STK-002279,FAC-0039,PARACETAMOL,2023-01-15,40.0
STK-002280,FAC-0039,PARACETAMOL,2023-01-16,41.0
STK-002281,FAC-0039,PARACETAMOL,2023-01-17,30.0
STK-002282,FAC-0039,PARACETAMOL,2023-01-18,3.0
STK-002283,FAC-0039,PARACETAMOL,2023-01-19,29.0
STK-002284,FAC-0039,PARACETAMOL,2023-01-20,14.0
STK-002285,FAC-0039,PARACETAMOL,2023-01-21,19.0
STK-002286,FAC-0039,PARACETAMOL,2023-01-22,39.0
STK-002287,FAC-0039,PARACETAMOL,2023-01-23,33.0
STK-002288,FAC-0039,PARACETAMOL,2023-01-24,24.0
STK-002289,FAC-0039,PARACETAMOL,2023-01-25,20.0
STK-002290,FAC-0039,PARACETAMOL,2023-01-26,20.0
STK-002291,FAC-0039,PARACETAMOL,2023-01-27,15.0
STK-002292,FAC-0039,PARACETAMOL,2023-01-28,21.0
STK-002293,FAC-0039,PARACETAMOL,2023-01-29,38.0
STK-002294,FAC-0039,PARACETAMOL,2023-01-30,17.0
STK-002295,FAC-0039,PARACETAMOL,2023-01-31,22.0
STK-002296,FAC-0039,PARACETAMOL,2023-02-01,27.0
STK-002297,FAC-0039,PARACETAMOL,2023-02-02,28.0
STK-002298,FAC-0039,PARACETAMOL,2023-02-03,28.0
STK-002299,FAC-0039,PARACETAMOL,2023-02-04,37.0
STK-002300,FAC-0039,PARACETAMOL,2023-02-05,47.0
STK-002301,FAC-0039,PARACETAMOL,2023-02-06,26.0
STK-002302,FAC-0039,PARACETAMOL,2023-02-07,38.0
STK-002303,FAC-0039,PARACETAMOL,2023-02-08,35.0
STK-002304,FAC-0039,PARACETAMOL,2023-02-09,20.0
STK-002305,FAC-0039,PARACETAMOL,2023-02-10,16.0
STK-002306,FAC-0039,PARACETAMOL,2023-02-11,12.0
STK-002307,FAC-0039,PARACETAMOL,2023-02-12,33.0
STK-002308,FAC-0039,RIF_INH,2023-01-02,3.0
STK-002309,FAC-0039,RIF_INH,2023-01-03,1.0
STK-002310,FAC-0039,RIF_INH,2023-01-04,1.0
STK-002311,FAC-0039,RIF_INH,2023-01-05,2.0
STK-002312,FAC-0039,RIF_INH,2023-01-06,1.0
STK-002313,FAC-0039,RIF_INH,2023-01-07,2.0
STK-002314,FAC-0039,RIF_INH,2023-01-08,2.0
STK-002315,FAC-0039,RIF_INH,2023-01-10,1.0
STK-002316,FAC-0039,RIF_INH,2023-01-11,3.0
STK-002317,FAC-0039,RIF_INH,2023-01-12,2.0
STK-002318,FAC-0039,RIF_INH,2023-01-14,2.0
STK-002319,FAC-0039,RIF_INH,2023-01-18,1.0
STK-002320,FAC-0040,EPINEPHRINE,2023-01-01,2.0
STK-002321,FAC-0040,PARACETAMOL,2023-01-01,86.0
STK-002322,FAC-0040,PARACETAMOL,2023-01-02,84.0
STK-002323,FAC-0040,PARACETAMOL,2023-01-03,47.0
STK-002324,FAC-0040,PARACETAMOL,2023-01-04,57.0
STK-002325,FAC-0040,PARACETAMOL,2023-01-05,72.0
STK-002326,FAC-0040,PARACETAMOL,2023-01-06,83.0
STK-002327,FAC-0040,PARACETAMOL,2023-01-07,87.0
STK-002328,FAC-0040,PARACETAMOL,2023-01-08,71.0
STK-002329,FAC-0040,PARACETAMOL,2023-01-09,70.0
STK-002330,FAC-0040,PARACETAMOL,2023-01-10,74.0
STK-002331,FAC-0040,PARACETAMOL,2023-01-11,63.0
STK-002332,FAC-0040,PARACETAMOL,2023-01-12,61.0
STK-002333,FAC-0040,PARACETAMOL,2023-01-13,58.0
STK-002334,FAC-0040,PARACETAMOL,2023-01-14,72.0
STK-002335,FAC-0040,PARACETAMOL,2023-01-15,56.0
STK-002336,FAC-0040,PARACETAMOL,2023-01-16,80.0
STK-002337,FAC-0040,PARACETAMOL,2023-01-17,51.0
STK-002338,FAC-0041,PARACETAMOL,2023-01-01,38.0
STK-002339,FAC-0041,PARACETAMOL,2023-01-02,17.0
STK-002340,FAC-0041,PARACETAMOL,2023-01-03,33.0
STK-002341,FAC-0041,PARACETAMOL,2023-01-04,28.0
STK-002342,FAC-0041,PARACETAMOL,2023-01-05,25.0
STK-002343,FAC-0041,PARACETAMOL,2023-01-06,20.0
STK-002344,FAC-0041,PARACETAMOL,2023-01-07,28.0
STK-002345,FAC-0041,PARACETAMOL,2023-01-08,10.0
STK-002346,FAC-0041,PARACETAMOL,2023-01-09,19.0
STK-002347,FAC-0041,PARACETAMOL,2023-01-10,28.0
STK-002348,FAC-0041,PARACETAMOL,2023-01-11,39.0
STK-002349,FAC-0041,PARACETAMOL,2023-01-12,16.0
STK-002350,FAC-0041,PARACETAMOL,2023-01-13,18.0
STK-002351,FAC-0041,PARACETAMOL,2023-01-14,26.0
STK-002352,FAC-0041,PARACETAMOL,2023-01-15,12.0
STK-002353,FAC-0041,PARACETAMOL,2023-01-16,14.0
STK-002354,FAC-0041,PARACETAMOL,2023-01-17,23.0
STK-002355,FAC-0041,RIF_INH,2023-01-01,1.0
STK-002356,FAC-0041,RIF_INH,2023-01-02,1.0
STK-002357,FAC-0041,RIF_INH,2023-01-03,1.0
STK-002358,FAC-0041,RIF_INH,2023-01-04,5.0
STK-002359,FAC-0041,RIF_INH,2023-01-05,2.0
STK-002360,FAC-0041,RIF_INH,2023-01-06,1.0
STK-002361,FAC-0041,RIF_INH,2023-01-08,4.0
STK-002362,FAC-0041,RIF_INH,2023-01-09,1.0
STK-002363,FAC-0041,RIF_INH,2023-01-11,2.0
STK-002364,FAC-0041,RIF_INH,2023-01-13,3.0
STK-002365,FAC-0041,RIF_INH,2023-01-15,4.0
STK-002366,FAC-0041,RIF_INH,2023-01-16,3.0
STK-002367,FAC-0041,RIF_INH,2023-01-17,3.0
STK-002368,FAC-0041,RIF_INH,2023-01-18,2.0
STK-002369,FAC-0041,RIF_INH,2023-01-19,2.0
STK-002370,FAC-0041,RIF_INH,2023-01-20,1.0
STK-002371,FAC-0042,EPINEPHRINE,2023-01-01,1.0
STK-002372,FAC-0042,EPINEPHRINE,2023-01-03,2.0
STK-002373,FAC-0042,EPINEPHRINE,2023-01-04,2.0
STK-002374,FAC-0042,EPINEPHRINE,2023-01-06,2.0
STK-002375,FAC-0042,EPINEPHRINE,2023-01-07,1.0
STK-002376,FAC-0042,EPINEPHRINE,2023-01-10,2.0
STK-002377,FAC-0042,EPINEPHRINE,2023-01-13,1.0
STK-002378,FAC-0042,EPINEPHRINE,2023-01-14,1.0
STK-002379,FAC-0042,EPINEPHRINE,2023-01-16,1.0
STK-002380,FAC-0042,EPINEPHRINE,2023-01-17,3.0
STK-002381,FAC-0042,EPINEPHRINE,2023-01-19,2.0
STK-002382,FAC-0042,EPINEPHRINE,2023-01-20,1.0
STK-002383,FAC-0042,EPINEPHRINE,2023-01-21,1.0
STK-002384,FAC-0042,EPINEPHRINE,2023-01-22,1.0
STK-002385,FAC-0042,EPINEPHRINE,2023-02-19,2.0
STK-002386,FAC-0042,EPINEPHRINE,2023-02-20,1.0
STK-002387,FAC-0042,EPINEPHRINE,2023-02-21,2.0
STK-002388,FAC-0042,EPINEPHRINE,2023-02-22,1.0
STK-002389,FAC-0042,EPINEPHRINE,2023-02-23,1.0
STK-002390,FAC-0042,EPINEPHRINE,2023-02-25,1.0
STK-002391,FAC-0042,EPINEPHRINE,2023-02-26,1.0
STK-002392,FAC-0042,EPINEPHRINE,2023-03-02,1.0
STK-002393,FAC-0042,EPINEPHRINE,2023-03-04,1.0
STK-002394,FAC-0042,EPINEPHRINE,2023-03-05,1.0
STK-002395,FAC-0042,EPINEPHRINE,2023-03-10,1.0
STK-002396,FAC-0042,EPINEPHRINE,2023-04-07,1.0
STK-002397,FAC-0042,EPINEPHRINE,2023-04-08,1.0
STK-002398,FAC-0042,EPINEPHRINE,2023-04-11,1.0
STK-002399,FAC-0042,EPINEPHRINE,2023-04-13,1.0
STK-002400,FAC-0042,EPINEPHRINE,2023-04-14,2.0
STK-002401,FAC-0042,EPINEPHRINE,2023-04-15,1.0
STK-002402,FAC-0042,EPINEPHRINE,2023-04-17,2.0
STK-002403,FAC-0042,EPINEPHRINE,2023-04-18,1.0
STK-002404,FAC-0042,EPINEPHRINE,2023-04-20,1.0
STK-002405,FAC-0042,EPINEPHRINE,2023-04-21,2.0
STK-002406,FAC-0042,EPINEPHRINE,2023-04-24,2.0
STK-002407,FAC-0042,EPINEPHRINE,2023-04-26,1.0
STK-002408,FAC-0042,EPINEPHRINE,2023-04-27,3.0
STK-002409,FAC-0042,EPINEPHRINE,2023-04-29,1.0
STK-002410,FAC-0042,EPINEPHRINE,2023-07-25,1.0
STK-002411,FAC-0042,EPINEPHRINE,2023-07-30,2.0
STK-002412,FAC-0042,EPINEPHRINE,2023-08-02,1.0
STK-002413,FAC-0042,EPINEPHRINE,2023-08-04,1.0
STK-002414,FAC-0042,EPINEPHRINE,2023-08-05,1.0
STK-002415,FAC-0042,EPINEPHRINE,2023-08-06,1.0
STK-002416,FAC-0042,EPINEPHRINE,2023-08-30,1.0
STK-002417,FAC-0042,EPINEPHRINE,2023-09-15,1.0
STK-002418,FAC-0042,EPINEPHRINE,2023-09-18,1.0
STK-002419,FAC-0042,EPINEPHRINE,2023-09-21,1.0
STK-002420,FAC-0042,EPINEPHRINE,2023-09-25,1.0
STK-002421,FAC-0042,EPINEPHRINE,2023-09-26,1.0
STK-002422,FAC-0042,EPINEPHRINE,2023-09-27,2.0
STK-002423,FAC-0042,EPINEPHRINE,2023-09-28,2.0
STK-002424,FAC-0042,EPINEPHRINE,2023-10-14,2.0
STK-002425,FAC-0042,EPINEPHRINE,2023-10-17,1.0
STK-002426,FAC-0042,EPINEPHRINE,2023-10-18,2.0
STK-002427,FAC-0042,EPINEPHRINE,2023-10-20,2.0
STK-002428,FAC-0042,EPINEPHRINE,2023-10-21,4.0
STK-002429,FAC-0042,EPINEPHRINE,2023-10-22,1.0
STK-002430,FAC-0042,EPINEPHRINE,2023-10-23,1.0
STK-002431,FAC-0042,EPINEPHRINE,2023-10-24,1.0
STK-002432,FAC-0042,EPINEPHRINE,2023-10-25,2.0
STK-002433,FAC-0042,EPINEPHRINE,2023-10-26,1.0
STK-002434,FAC-0042,EPINEPHRINE,2023-10-28,2.0
STK-002435,FAC-0042,EPINEPHRINE,2023-11-19,1.0
STK-002436,FAC-0042,EPINEPHRINE,2023-11-24,1.0
STK-002437,FAC-0042,EPINEPHRINE,2023-11-25,1.0
STK-002438,FAC-0042,EPINEPHRINE,2023-11-26,1.0
STK-002439,FAC-0042,EPINEPHRINE,2023-11-27,1.0
STK-002440,FAC-0042,EPINEPHRINE,2023-12-01,2.0
STK-002441,FAC-0042,EPINEPHRINE,2023-12-03,1.0
STK-002442,FAC-0042,EPINEPHRINE,2023-12-04,1.0
STK-002443,FAC-0042,EPINEPHRINE,2023-12-07,1.0
STK-002444,FAC-0042,EPINEPHRINE,2023-12-08,1.0
STK-002445,FAC-0042,EPINEPHRINE,2023-12-10,1.0
STK-002446,FAC-0042,EPINEPHRINE,2023-12-12,2.0
STK-002447,FAC-0042,EPINEPHRINE,2023-12-16,1.0
STK-002448,FAC-0042,EPINEPHRINE,2023-12-17,1.0
STK-002449,FAC-0042,EPINEPHRINE,2023-12-22,3.0
STK-002450,FAC-0042,EPINEPHRINE,2023-12-24,1.0
STK-002451,FAC-0042,EPINEPHRINE,2023-12-26,2.0
STK-002452,FAC-0042,EPINEPHRINE,2023-12-29,1.0
STK-002453,FAC-0042,PARACETAMOL,2023-01-30,118.0
STK-002454,FAC-0042,PARACETAMOL,2023-02-28,130.0
STK-002455,FAC-0042,PARACETAMOL,2023-03-01,179.0
STK-002456,FAC-0042,PARACETAMOL,2023-03-02,163.0
STK-002457,FAC-0042,PARACETAMOL,2023-03-03,196.0
STK-002458,FAC-0042,PARACETAMOL,2023-03-04,171.0
STK-002459,FAC-0042,PARACETAMOL,2023-03-05,189.0
STK-002460,FAC-0042,PARACETAMOL,2023-03-06,171.0
STK-002461,FAC-0042,PARACETAMOL,2023-03-07,132.0
STK-002462,FAC-0042,PARACETAMOL,2023-06-02,49.0
STK-002463,FAC-0042,PARACETAMOL,2023-06-03,192.0
STK-002464,FAC-0042,PARACETAMOL,2023-06-04,180.0
STK-002465,FAC-0042,PARACETAMOL,2023-06-23,231.0
STK-002466,FAC-0042,PARACETAMOL,2023-06-24,354.0
STK-002467,FAC-0042,PARACETAMOL,2023-06-25,313.0
STK-002468,FAC-0042,PARACETAMOL,2023-06-26,361.0
STK-002469,FAC-0042,PARACETAMOL,2023-06-27,286.0
STK-002470,FAC-0042,PARACETAMOL,2023-06-28,370.0
STK-002471,FAC-0042,PARACETAMOL,2023-06-29,373.0
STK-002472,FAC-0042,PARACETAMOL,2023-07-12,370.0
STK-002473,FAC-0042,PARACETAMOL,2023-07-13,481.0
STK-002474,FAC-0042,PARACETAMOL,2023-07-14,339.0
STK-002475,FAC-0042,PARACETAMOL,2023-07-15,602.0
STK-002476,FAC-0042,PARACETAMOL,2023-07-16,468.0
STK-002477,FAC-0042,PARACETAMOL,2023-07-17,460.0
STK-002478,FAC-0042,PARACETAMOL,2023-07-18,424.0
STK-002479,FAC-0042,PARACETAMOL,2023-07-19,451.0
STK-002480,FAC-0042,PARACETAMOL,2023-07-20,408.0
STK-002481,FAC-0042,PARACETAMOL,2023-07-21,554.0
STK-002482,FAC-0042,PARACETAMOL,2023-07-22,623.0
STK-002483,FAC-0042,PARACETAMOL,2023-07-23,469.0
STK-002484,FAC-0042,PARACETAMOL,2023-07-24,562.0
STK-002485,FAC-0042,PARACETAMOL,2023-07-25,568.0
STK-002486,FAC-0042,PARACETAMOL,2023-07-26,575.0
STK-002487,FAC-0042,PARACETAMOL,2023-07-27,559.0
STK-002488,FAC-0042,PARACETAMOL,2023-07-28,511.0
STK-002489,FAC-0042,PARACETAMOL,2023-07-29,519.0
STK-002490,FAC-0042,PARACETAMOL,2023-08-08,663.0
STK-002491,FAC-0042,PARACETAMOL,2023-08-09,723.0
STK-002492,FAC-0042,PARACETAMOL,2023-08-10,699.0
STK-002493,FAC-0042,PARACETAMOL,2023-08-11,592.0
STK-002494,FAC-0042,PARACETAMOL,2023-08-12,515.0
STK-002495,FAC-0042,PARACETAMOL,2023-08-13,690.0
STK-002496,FAC-0042,PARACETAMOL,2023-08-14,562.0
STK-002497,FAC-0042,PARACETAMOL,2023-08-15,698.0
STK-002498,FAC-0042,PARACETAMOL,2023-08-16,732.0
STK-002499,FAC-0042,PARACETAMOL,2023-08-17,627.0
STK-002500,FAC-0042,PARACETAMOL,2023-08-18,679.0
STK-002501,FAC-0042,PARACETAMOL,2023-08-19,674.0
STK-002502,FAC-0042,PARACETAMOL,2023-08-20,591.0
STK-002503,FAC-0042,PARACETAMOL,2023-08-21,571.0
STK-002504,FAC-0042,PARACETAMOL,2023-08-22,646.0
STK-002505,FAC-0042,PARACETAMOL,2023-08-23,681.0
STK-002506,FAC-0042,PARACETAMOL,2023-08-24,592.0
STK-002507,FAC-0042,PARACETAMOL,2023-08-25,737.0
STK-002508,FAC-0042,PARACETAMOL,2023-08-26,606.0
STK-002509,FAC-0042,PARACETAMOL,2023-08-27,535.0
STK-002510,FAC-0042,PARACETAMOL,2023-08-28,681.0
STK-002511,FAC-0042,PARACETAMOL,2023-08-29,707.0
STK-002512,FAC-0042,PARACETAMOL,2023-08-30,588.0
STK-002513,FAC-0042,PARACETAMOL,2023-08-31,721.0
STK-002514,FAC-0042,PARACETAMOL,2023-09-01,546.0
STK-002515,FAC-0042,PARACETAMOL,2023-09-02,591.0
STK-002516,FAC-0042,PARACETAMOL,2023-09-03,562.0
STK-002517,FAC-0042,PARACETAMOL,2023-09-04,737.0
STK-002518,FAC-0042,PARACETAMOL,2023-09-05,613.0
STK-002519,FAC-0042,PARACETAMOL,2023-09-06,699.0
STK-002520,FAC-0042,PARACETAMOL,2023-09-07,685.0
STK-002521,FAC-0042,PARACETAMOL,2023-09-08,539.0
STK-002522,FAC-0042,PARACETAMOL,2023-09-09,588.0
STK-002523,FAC-0042,PARACETAMOL,2023-09-10,757.0
STK-002524,FAC-0042,PARACETAMOL,2023-09-11,552.0
STK-002525,FAC-0042,PARACETAMOL,2023-09-12,672.0
STK-002526,FAC-0042,PARACETAMOL,2023-09-22,526.0
STK-002527,FAC-0042,PARACETAMOL,2023-09-23,550.0
STK-002528,FAC-0042,PARACETAMOL,2023-09-24,533.0
STK-002529,FAC-0042,PARACETAMOL,2023-09-25,572.0
STK-002530,FAC-0042,PARACETAMOL,2023-09-26,528.0
STK-002531,FAC-0042,PARACETAMOL,2023-09-27,600.0
STK-002532,FAC-0042,PARACETAMOL,2023-09-28,481.0
STK-002533,FAC-0042,PARACETAMOL,2023-09-29,423.0
STK-002534,FAC-0042,PARACETAMOL,2023-09-30,649.0
STK-002535,FAC-0042,PARACETAMOL,2023-10-01,604.0
STK-002536,FAC-0042,PARACETAMOL,2023-10-02,547.0
STK-002537,FAC-0042,PARACETAMOL,2023-10-03,509.0
STK-002538,FAC-0042,PARACETAMOL,2023-10-04,541.0
STK-002539,FAC-0042,PARACETAMOL,2023-10-05,523.0
STK-002540,FAC-0042,PARACETAMOL,2023-10-06,407.0
STK-002541,FAC-0042,PARACETAMOL,2023-10-07,532.0
STK-002542,FAC-0042,PARACETAMOL,2023-10-08,468.0
STK-002543,FAC-0042,PARACETAMOL,2023-10-09,606.0
STK-002544,FAC-0042,PARACETAMOL,2023-10-10,485.0
STK-002545,FAC-0042,PARACETAMOL,2023-10-21,249.0
STK-002546,FAC-0042,PARACETAMOL,2023-10-22,414.0
STK-002547,FAC-0042,PARACETAMOL,2023-10-23,326.0
STK-002548,FAC-0042,PARACETAMOL,2023-10-24,340.0
STK-002549,FAC-0042,PARACETAMOL,2023-10-25,376.0
STK-002550,FAC-0042,PARACETAMOL,2023-10-26,456.0
STK-002551,FAC-0042,PARACETAMOL,2023-10-27,393.0
STK-002552,FAC-0042,PARACETAMOL,2023-10-28,316.0
STK-002553,FAC-0042,PARACETAMOL,2023-10-29,456.0
STK-002554,FAC-0042,PARACETAMOL,2023-10-30,385.0
STK-002555,FAC-0042,PARACETAMOL,2023-10-31,282.0
STK-002556,FAC-0042,PARACETAMOL,2023-11-01,353.0
STK-002557,FAC-0042,PARACETAMOL,2023-11-18,96.0
STK-002558,FAC-0042,PARACETAMOL,2023-11-19,285.0
STK-002559,FAC-0042,PARACETAMOL,2023-11-20,256.0
STK-002560,FAC-0042,PARACETAMOL,2023-11-21,225.0
STK-002561,FAC-0042,PARACETAMOL,2023-11-22,197.0
STK-002562,FAC-0042,PARACETAMOL,2023-11-23,164.0
STK-002563,FAC-0042,PARACETAMOL,2023-11-24,199.0
STK-002564,FAC-0042,PARACETAMOL,2023-11-25,189.0
STK-002565,FAC-0042,PARACETAMOL,2023-11-26,161.0
STK-002566,FAC-0042,PARACETAMOL,2023-11-27,191.0
STK-002567,FAC-0042,PARACETAMOL,2023-11-28,164.0
STK-002568,FAC-0042,PARACETAMOL,2023-11-29,200.0
STK-002569,FAC-0042,PARACETAMOL,2023-11-30,205.0
STK-002570,FAC-0042,PARACETAMOL,2023-12-01,217.0
STK-002571,FAC-0042,PARACETAMOL,2023-12-02,146.0
STK-002572,FAC-0042,PARACETAMOL,2023-12-03,165.0
STK-002573,FAC-0042,PARACETAMOL,2023-12-04,186.0
STK-002574,FAC-0042,PARACETAMOL,2023-12-05,166.0
STK-002575,FAC-0042,PARACETAMOL,2023-12-06,179.0
STK-002576,FAC-0042,PARACETAMOL,2023-12-07,175.0
STK-002577,FAC-0042,PARACETAMOL,2023-12-08,154.0
STK-002578,FAC-0042,PARACETAMOL,2023-12-09,174.0
STK-002579,FAC-0042,PARACETAMOL,2023-12-10,213.0
STK-002580,FAC-0042,PARACETAMOL,2023-12-11,170.0
STK-002581,FAC-0042,RIF_INH,2023-01-01,15.0
STK-002582,FAC-0042,RIF_INH,2023-01-02,9.0
STK-002583,FAC-0042,RIF_INH,2023-01-03,14.0
STK-002584,FAC-0042,RIF_INH,2023-01-04,18.0
STK-002585,FAC-0042,RIF_INH,2023-01-05,10.0
STK-002586,FAC-0043,EPINEPHRINE,2023-01-01,1.0
STK-002587,FAC-0043,EPINEPHRINE,2023-01-02,1.0
STK-002588,FAC-0043,EPINEPHRINE,2023-01-04,1.0
STK-002589,FAC-0043,EPINEPHRINE,2023-01-06,1.0
STK-002590,FAC-0043,EPINEPHRINE,2023-02-25,1.0
STK-002591,FAC-0043,EPINEPHRINE,2023-03-12,1.0
STK-002592,FAC-0043,EPINEPHRINE,2023-04-20,1.0
STK-002593,FAC-0043,EPINEPHRINE,2023-04-21,2.0
STK-002594,FAC-0043,EPINEPHRINE,2023-12-16,1.0
STK-002595,FAC-0043,EPINEPHRINE,2023-12-18,2.0
STK-002596,FAC-0043,EPINEPHRINE,2023-12-23,1.0
STK-002597,FAC-0043,PARACETAMOL,2023-01-01,142.0
STK-002598,FAC-0043,PARACETAMOL,2023-01-02,96.0
STK-002599,FAC-0043,PARACETAMOL,2023-01-03,103.0
STK-002600,FAC-0043,PARACETAMOL,2023-01-04,149.0
STK-002601,FAC-0043,PARACETAMOL,2023-01-05,128.0
STK-002602,FAC-0043,PARACETAMOL,2023-01-06,121.0
STK-002603,FAC-0043,PARACETAMOL,2023-01-07,126.0
STK-002604,FAC-0043,PARACETAMOL,2023-01-08,108.0
STK-002605,FAC-0043,PARACETAMOL,2023-01-09,111.0
STK-002606,FAC-0043,PARACETAMOL,2023-01-10,119.0
STK-002607,FAC-0043,PARACETAMOL,2023-01-11,128.0
STK-002608,FAC-0043,PARACETAMOL,2023-01-12,127.0
STK-002609,FAC-0043,PARACETAMOL,2023-01-13,94.0
STK-002610,FAC-0043,PARACETAMOL,2023-01-14,93.0
STK-002611,FAC-0043,PARACETAMOL,2023-01-15,111.0
STK-002612,FAC-0043,PARACETAMOL,2023-08-12,11.0
STK-002613,FAC-0043,PARACETAMOL,2023-08-13,367.0
STK-002614,FAC-0043,PARACETAMOL,2023-08-14,383.0
STK-002615,FAC-0043,PARACETAMOL,2023-08-15,429.0
STK-002616,FAC-0043,PARACETAMOL,2023-08-16,352.0
STK-002617,FAC-0043,PARACETAMOL,2023-08-17,366.0
STK-002618,FAC-0043,PARACETAMOL,2023-08-18,407.0
STK-002619,FAC-0043,PARACETAMOL,2023-08-19,444.0
STK-002620,FAC-0043,PARACETAMOL,2023-08-20,368.0
STK-002621,FAC-0043,PARACETAMOL,2023-08-21,435.0
STK-002622,FAC-0043,PARACETAMOL,2023-08-22,388.0
STK-002623,FAC-0043,PARACETAMOL,2023-08-23,380.0
STK-002624,FAC-0043,PARACETAMOL,2023-08-24,322.0
STK-002625,FAC-0043,PARACETAMOL,2023-08-25,436.0
STK-002626,FAC-0043,PARACETAMOL,2023-08-26,272.0
STK-002627,FAC-0043,PARACETAMOL,2023-08-27,420.0
STK-002628,FAC-0043,PARACETAMOL,2023-08-28,389.0
STK-002629,FAC-0043,PARACETAMOL,2023-08-29,485.0
STK-002630,FAC-0043,PARACETAMOL,2023-08-30,330.0
STK-002631,FAC-0043,PARACETAMOL,2023-08-31,407.0
STK-002632,FAC-0043,PARACETAMOL,2023-09-12,250.0
STK-002633,FAC-0043,PARACETAMOL,2023-09-13,490.0
STK-002634,FAC-0043,PARACETAMOL,2023-09-14,321.0
STK-002635,FAC-0043,PARACETAMOL,2023-09-15,393.0
STK-002636,FAC-0043,PARACETAMOL,2023-09-16,321.0
STK-002637,FAC-0043,PARACETAMOL,2023-09-17,321.0
STK-002638,FAC-0043,PARACETAMOL,2023-09-18,341.0
STK-002639,FAC-0043,PARACETAMOL,2023-09-19,384.0
STK-002640,FAC-0043,PARACETAMOL,2023-09-20,409.0
STK-002641,FAC-0043,PARACETAMOL,2023-09-21,437.0
STK-002642,FAC-0043,PARACETAMOL,2023-09-22,395.0
STK-002643,FAC-0043,PARACETAMOL,2023-09-23,389.0
STK-002644,FAC-0043,PARACETAMOL,2023-10-08,149.0
STK-002645,FAC-0043,PARACETAMOL,2023-10-09,462.0
STK-002646,FAC-0043,PARACETAMOL,2023-10-10,315.0
STK-002647,FAC-0043,PARACETAMOL,2023-10-11,278.0
STK-002648,FAC-0043,PARACETAMOL,2023-10-12,236.0
STK-002649,FAC-0043,PARACETAMOL,2023-10-13,308.0
STK-002650,FAC-0043,PARACETAMOL,2023-10-14,323.0
STK-002651,FAC-0043,PARACETAMOL,2023-10-15,299.0
STK-002652,FAC-0043,PARACETAMOL,2023-10-16,380.0
STK-002653,FAC-0043,PARACETAMOL,2023-10-17,253.0
STK-002654,FAC-0043,PARACETAMOL,2023-10-18,323.0
STK-002655,FAC-0043,PARACETAMOL,2023-10-19,218.0
STK-002656,FAC-0043,PARACETAMOL,2023-10-20,239.0
STK-002657,FAC-0043,PARACETAMOL,2023-10-21,240.0
STK-002658,FAC-0043,PARACETAMOL,2023-10-22,273.0
STK-002659,FAC-0043,PARACETAMOL,2023-10-23,303.0
STK-002660,FAC-0043,PARACETAMOL,2023-10-24,300.0
STK-002661,FAC-0043,PARACETAMOL,2023-10-25,284.0
STK-002662,FAC-0043,PARACETAMOL,2023-10-26,268.0
STK-002663,FAC-0043,PARACETAMOL,2023-10-27,207.0
STK-002664,FAC-0043,PARACETAMOL,2023-10-28,290.0
STK-002665,FAC-0043,PARACETAMOL,2023-10-29,267.0
STK-002666,FAC-0043,PARACETAMOL,2023-10-30,204.0
STK-002667,FAC-0043,PARACETAMOL,2023-10-31,170.0
STK-002668,FAC-0043,RIF_INH,2023-01-01,9.0
STK-002669,FAC-0043,RIF_INH,2023-01-02,8.0
STK-002670,FAC-0043,RIF_INH,2023-01-03,7.0
STK-002671,FAC-0043,RIF_INH,2023-01-04,5.0
STK-002672,FAC-0043,RIF_INH,2023-01-05,5.0
STK-002673,FAC-0043,RIF_INH,2023-01-06,7.0
STK-002674,FAC-0044,EPINEPHRINE,2023-01-13,1.0
STK-002675,FAC-0044,EPINEPHRINE,2023-01-27,1.0
STK-002676,FAC-0044,PARACETAMOL,2023-01-01,33.0
STK-002677,FAC-0044,PARACETAMOL,2023-01-02,38.0
STK-002678,FAC-0044,PARACETAMOL,2023-01-03,19.0
STK-002679,FAC-0044,PARACETAMOL,2023-01-04,38.0
STK-002680,FAC-0044,RIF_INH,2023-01-01,3.0
STK-002681,FAC-0044,RIF_INH,2023-01-02,3.0
STK-002682,FAC-0044,RIF_INH,2023-01-03,2.0
STK-002683,FAC-0044,RIF_INH,2023-01-04,3.0
STK-002684,FAC-0044,RIF_INH,2023-01-06,2.0
STK-002685,FAC-0044,RIF_INH,2023-01-07,3.0
STK-002686,FAC-0044,RIF_INH,2023-01-08,3.0
STK-002687,FAC-0044,RIF_INH,2023-01-09,2.0
STK-002688,FAC-0044,RIF_INH,2023-01-12,1.0
STK-002689,FAC-0044,RIF_INH,2023-01-13,2.0
STK-002690,FAC-0044,RIF_INH,2023-01-14,2.0
STK-002691,FAC-0044,RIF_INH,2023-01-15,4.0
STK-002692,FAC-0044,RIF_INH,2023-01-17,1.0
STK-002693,FAC-0044,RIF_INH,2023-01-18,1.0
STK-002694,FAC-0044,RIF_INH,2023-01-19,1.0
STK-002695,FAC-0044,RIF_INH,2023-01-20,4.0
STK-002696,FAC-0044,RIF_INH,2023-01-21,3.0
STK-002697,FAC-0044,RIF_INH,2023-01-23,5.0
STK-002698,FAC-0044,RIF_INH,2023-01-24,1.0
STK-002699,FAC-0044,RIF_INH,2023-01-25,2.0
STK-002700,FAC-0044,RIF_INH,2023-01-26,1.0
STK-002701,FAC-0044,RIF_INH,2023-01-27,4.0
STK-002702,FAC-0044,RIF_INH,2023-01-28,4.0
STK-002703,FAC-0044,RIF_INH,2023-01-29,1.0
STK-002704,FAC-0044,RIF_INH,2023-01-30,1.0
STK-002705,FAC-0044,RIF_INH,2023-01-31,4.0
STK-002706,FAC-0044,RIF_INH,2023-02-01,1.0
STK-002707,FAC-0044,RIF_INH,2023-02-02,3.0
STK-002708,FAC-0044,RIF_INH,2023-02-03,1.0
STK-002709,FAC-0044,RIF_INH,2023-02-04,1.0
STK-002710,FAC-0044,RIF_INH,2023-02-05,1.0
STK-002711,FAC-0044,RIF_INH,2023-02-06,8.0
STK-002712,FAC-0044,RIF_INH,2023-02-07,4.0
STK-002713,FAC-0044,RIF_INH,2023-02-08,1.0
STK-002714,FAC-0044,RIF_INH,2023-02-11,1.0
STK-002715,FAC-0044,RIF_INH,2023-02-12,3.0
STK-002716,FAC-0045,EPINEPHRINE,2023-01-02,1.0
STK-002717,FAC-0045,EPINEPHRINE,2023-01-11,2.0
STK-002718,FAC-0045,EPINEPHRINE,2023-01-17,1.0
STK-002719,FAC-0045,EPINEPHRINE,2023-01-19,1.0
STK-002720,FAC-0045,EPINEPHRINE,2023-01-21,1.0
STK-002721,FAC-0045,EPINEPHRINE,2023-03-01,2.0
STK-002722,FAC-0045,EPINEPHRINE,2023-03-02,1.0
STK-002723,FAC-0045,EPINEPHRINE,2023-05-31,1.0
STK-002724,FAC-0045,EPINEPHRINE,2023-06-18,1.0
STK-002725,FAC-0045,EPINEPHRINE,2023-06-20,1.0
STK-002726,FAC-0045,EPINEPHRINE,2023-06-22,1.0
STK-002727,FAC-0045,EPINEPHRINE,2023-06-26,1.0
STK-002728,FAC-0045,EPINEPHRINE,2023-06-27,1.0
STK-002729,FAC-0045,EPINEPHRINE,2023-07-02,1.0
STK-002730,FAC-0045,EPINEPHRINE,2023-07-03,2.0
STK-002731,FAC-0045,EPINEPHRINE,2023-07-26,1.0
STK-002732,FAC-0045,EPINEPHRINE,2023-07-28,1.0
STK-002733,FAC-0045,EPINEPHRINE,2023-07-30,1.0
STK-002734,FAC-0045,EPINEPHRINE,2023-07-31,1.0
STK-002735,FAC-0045,EPINEPHRINE,2023-08-05,1.0
STK-002736,FAC-0045,EPINEPHRINE,2023-08-06,1.0
STK-002737,FAC-0045,EPINEPHRINE,2023-08-09,1.0
STK-002738,FAC-0045,EPINEPHRINE,2023-08-10,1.0
STK-002739,FAC-0045,EPINEPHRINE,2023-08-11,2.0
STK-002740,FAC-0045,EPINEPHRINE,2023-08-12,1.0
STK-002741,FAC-0045,EPINEPHRINE,2023-08-14,1.0
STK-002742,FAC-0045,EPINEPHRINE,2023-09-28,1.0
STK-002743,FAC-0045,EPINEPHRINE,2023-10-01,1.0
STK-002744,FAC-0045,EPINEPHRINE,2023-10-06,1.0
STK-002745,FAC-0045,EPINEPHRINE,2023-10-16,2.0
STK-002746,FAC-0045,EPINEPHRINE,2023-10-17,1.0
STK-002747,FAC-0045,PARACETAMOL,2023-01-01,121.0
STK-002748,FAC-0045,PARACETAMOL,2023-01-02,113.0
STK-002749,FAC-0045,PARACETAMOL,2023-01-03,114.0
STK-002750,FAC-0045,PARACETAMOL,2023-01-04,139.0
STK-002751,FAC-0045,PARACETAMOL,2023-01-05,95.0
STK-002752,FAC-0045,PARACETAMOL,2023-08-19,288.0
STK-002753,FAC-0045,PARACETAMOL,2023-08-20,359.0
STK-002754,FAC-0045,PARACETAMOL,2023-08-21,301.0
STK-002755,FAC-0045,PARACETAMOL,2023-08-22,380.0
STK-002756,FAC-0045,PARACETAMOL,2023-08-23,421.0
STK-002757,FAC-0045,PARACETAMOL,2023-08-24,414.0
STK-002758,FAC-0045,PARACETAMOL,2023-08-25,414.0
STK-002759,FAC-0045,PARACETAMOL,2023-08-26,404.0
STK-002760,FAC-0045,PARACETAMOL,2023-08-27,372.0
STK-002761,FAC-0045,PARACETAMOL,2023-08-28,442.0
STK-002762,FAC-0045,PARACETAMOL,2023-08-29,365.0
STK-002763,FAC-0045,PARACETAMOL,2023-08-30,426.0
STK-002764,FAC-0045,PARACETAMOL,2023-08-31,351.0
STK-002765,FAC-0045,PARACETAMOL,2023-09-01,390.0
STK-002766,FAC-0045,PARACETAMOL,2023-09-02,391.0
STK-002767,FAC-0045,PARACETAMOL,2023-09-14,48.0
STK-002768,FAC-0045,PARACETAMOL,2023-09-15,482.0
STK-002769,FAC-0045,PARACETAMOL,2023-09-16,426.0
STK-002770,FAC-0045,PARACETAMOL,2023-09-17,382.0
STK-002771,FAC-0045,PARACETAMOL,2023-09-18,379.0
STK-002772,FAC-0045,PARACETAMOL,2023-09-19,413.0
STK-002773,FAC-0045,PARACETAMOL,2023-09-20,327.0
STK-002774,FAC-0045,PARACETAMOL,2023-09-21,389.0
STK-002775,FAC-0045,PARACETAMOL,2023-09-22,317.0
STK-002776,FAC-0045,PARACETAMOL,2023-09-23,461.0
STK-002777,FAC-0045,PARACETAMOL,2023-09-24,353.0
STK-002778,FAC-0045,PARACETAMOL,2023-09-25,356.0
STK-002779,FAC-0045,PARACETAMOL,2023-09-26,368.0
STK-002780,FAC-0045,PARACETAMOL,2023-09-27,369.0
STK-002781,FAC-0045,PARACETAMOL,2023-09-28,358.0
STK-002782,FAC-0045,PARACETAMOL,2023-09-29,480.0
STK-002783,FAC-0045,PARACETAMOL,2023-09-30,360.0
STK-002784,FAC-0045,PARACETAMOL,2023-10-01,336.0
STK-002785,FAC-0045,PARACETAMOL,2023-10-02,347.0
STK-002786,FAC-0045,PARACETAMOL,2023-10-03,371.0
STK-002787,FAC-0045,PARACETAMOL,2023-10-04,308.0
STK-002788,FAC-0045,PARACETAMOL,2023-10-05,359.0
STK-002789,FAC-0045,PARACETAMOL,2023-10-06,336.0
STK-002790,FAC-0045,PARACETAMOL,2023-10-07,348.0
STK-002791,FAC-0045,PARACETAMOL,2023-10-08,313.0
STK-002792,FAC-0045,PARACETAMOL,2023-10-09,409.0
STK-002793,FAC-0045,PARACETAMOL,2023-10-10,303.0
STK-002794,FAC-0045,PARACETAMOL,2023-10-11,341.0
STK-002795,FAC-0045,PARACETAMOL,2023-11-26,20.0
STK-002796,FAC-0045,PARACETAMOL,2023-11-27,104.0
STK-002797,FAC-0045,PARACETAMOL,2023-11-28,128.0
STK-002798,FAC-0045,PARACETAMOL,2023-11-29,98.0
STK-002799,FAC-0045,RIF_INH,2023-01-01,6.0
STK-002800,FAC-0046,EPINEPHRINE,2023-01-01,1.0
STK-002801,FAC-0046,EPINEPHRINE,2023-01-25,1.0
STK-002802,FAC-0046,EPINEPHRINE,2023-02-01,2.0
STK-002803,FAC-0046,EPINEPHRINE,2023-02-03,1.0
STK-002804,FAC-0046,EPINEPHRINE,2023-02-28,1.0
STK-002805,FAC-0046,EPINEPHRINE,2023-03-01,1.0
STK-002806,FAC-0046,EPINEPHRINE,2023-04-20,2.0
STK-002807,FAC-0046,EPINEPHRINE,2023-04-22,1.0
STK-002808,FAC-0046,EPINEPHRINE,2023-05-01,1.0
STK-002809,FAC-0046,EPINEPHRINE,2023-05-04,1.0
STK-002810,FAC-0046,EPINEPHRINE,2023-06-07,1.0
STK-002811,FAC-0046,EPINEPHRINE,2023-07-21,2.0
STK-002812,FAC-0046,EPINEPHRINE,2023-07-25,1.0
STK-002813,FAC-0046,EPINEPHRINE,2023-07-27,1.0
STK-002814,FAC-0046,EPINEPHRINE,2023-07-28,3.0
STK-002815,FAC-0046,EPINEPHRINE,2023-07-29,1.0
STK-002816,FAC-0046,EPINEPHRINE,2023-07-30,1.0
STK-002817,FAC-0046,EPINEPHRINE,2023-08-15,2.0
STK-002818,FAC-0046,EPINEPHRINE,2023-08-17,1.0
STK-002819,FAC-0046,EPINEPHRINE,2023-08-25,1.0
STK-002820,FAC-0046,EPINEPHRINE,2023-08-26,1.0
STK-002821,FAC-0046,EPINEPHRINE,2023-08-28,1.0
STK-002822,FAC-0046,EPINEPHRINE,2023-08-29,1.0
STK-002823,FAC-0046,EPINEPHRINE,2023-09-21,1.0
STK-002824,FAC-0046,EPINEPHRINE,2023-09-22,1.0
STK-002825,FAC-0046,EPINEPHRINE,2023-09-27,1.0
STK-002826,FAC-0046,EPINEPHRINE,2023-11-24,1.0
STK-002827,FAC-0046,EPINEPHRINE,2023-11-25,1.0
STK-002828,FAC-0046,EPINEPHRINE,2023-11-26,2.0
STK-002829,FAC-0046,EPINEPHRINE,2023-11-29,1.0
STK-002830,FAC-0046,EPINEPHRINE,2023-12-20,1.0
STK-002831,FAC-0046,EPINEPHRINE,2023-12-23,1.0
STK-002832,FAC-0046,EPINEPHRINE,2023-12-24,1.0
STK-002833,FAC-0046,EPINEPHRINE,2023-12-28,1.0
STK-002834,FAC-0046,PARACETAMOL,2023-01-01,99.0
STK-002835,FAC-0046,PARACETAMOL,2023-01-02,106.0
STK-002836,FAC-0046,PARACETAMOL,2023-01-03,120.0
STK-002837,FAC-0046,PARACETAMOL,2023-01-04,121.0
STK-002838,FAC-0046,PARACETAMOL,2023-08-21,147.0
STK-002839,FAC-0046,PARACETAMOL,2023-08-22,428.0
STK-002840,FAC-0046,PARACETAMOL,2023-08-23,365.0
STK-002841,FAC-0046,PARACETAMOL,2023-08-24,398.0
STK-002842,FAC-0046,PARACETAMOL,2023-08-25,496.0
STK-002843,FAC-0046,PARACETAMOL,2023-08-26,456.0
STK-002844,FAC-0046,PARACETAMOL,2023-08-27,496.0
STK-002845,FAC-0046,PARACETAMOL,2023-08-28,345.0
STK-002846,FAC-0046,PARACETAMOL,2023-08-29,474.0
STK-002847,FAC-0046,PARACETAMOL,2023-08-30,347.0
STK-002848,FAC-0046,PARACETAMOL,2023-09-12,59.0
STK-002849,FAC-0046,PARACETAMOL,2023-09-13,368.0
STK-002850,FAC-0046,PARACETAMOL,2023-09-14,348.0
STK-002851,FAC-0046,PARACETAMOL,2023-09-15,520.0
STK-002852,FAC-0046,PARACETAMOL,2023-09-16,438.0
STK-002853,FAC-0046,PARACETAMOL,2023-09-17,327.0
STK-002854,FAC-0046,PARACETAMOL,2023-09-18,452.0
STK-002855,FAC-0046,PARACETAMOL,2023-09-19,347.0
STK-002856,FAC-0046,PARACETAMOL,2023-09-20,362.0
STK-002857,FAC-0046,PARACETAMOL,2023-09-21,344.0
STK-002858,FAC-0046,PARACETAMOL,2023-09-22,377.0
STK-002859,FAC-0046,PARACETAMOL,2023-09-23,368.0
STK-002860,FAC-0046,PARACETAMOL,2023-09-24,449.0
STK-002861,FAC-0046,PARACETAMOL,2023-09-25,345.0
STK-002862,FAC-0046,PARACETAMOL,2023-09-26,441.0
STK-002863,FAC-0046,PARACETAMOL,2023-09-27,296.0
STK-002864,FAC-0046,PARACETAMOL,2023-09-28,301.0
STK-002865,FAC-0046,PARACETAMOL,2023-10-13,154.0
STK-002866,FAC-0046,PARACETAMOL,2023-10-14,301.0
STK-002867,FAC-0046,PARACETAMOL,2023-10-15,343.0
STK-002868,FAC-0046,PARACETAMOL,2023-10-16,310.0
STK-002869,FAC-0046,PARACETAMOL,2023-10-17,262.0
STK-002870,FAC-0046,PARACETAMOL,2023-10-18,344.0
STK-002871,FAC-0046,PARACETAMOL,2023-10-19,321.0
STK-002872,FAC-0046,PARACETAMOL,2023-10-20,224.0
STK-002873,FAC-0046,PARACETAMOL,2023-10-21,318.0
STK-002874,FAC-0046,PARACETAMOL,2023-10-22,325.0
STK-002875,FAC-0046,PARACETAMOL,2023-10-23,224.0
STK-002876,FAC-0046,PARACETAMOL,2023-10-24,237.0
STK-002877,FAC-0046,PARACETAMOL,2023-10-25,258.0
STK-002878,FAC-0046,PARACETAMOL,2023-10-26,307.0
STK-002879,FAC-0046,PARACETAMOL,2023-10-27,294.0
STK-002880,FAC-0046,PARACETAMOL,2023-10-28,258.0
STK-002881,FAC-0046,PARACETAMOL,2023-10-29,193.0
STK-002882,FAC-0046,PARACETAMOL,2023-10-30,242.0
STK-002883,FAC-0046,PARACETAMOL,2023-10-31,213.0
STK-002884,FAC-0046,PARACETAMOL,2023-11-01,223.0
STK-002885,FAC-0046,PARACETAMOL,2023-11-02,124.0
STK-002886,FAC-0046,PARACETAMOL,2023-11-03,236.0
STK-002887,FAC-0046,PARACETAMOL,2023-11-04,220.0
STK-002888,FAC-0046,PARACETAMOL,2023-11-05,243.0
STK-002889,FAC-0046,PARACETAMOL,2023-11-06,240.0
STK-002890,FAC-0046,PARACETAMOL,2023-11-07,234.0
STK-002891,FAC-0046,PARACETAMOL,2023-11-08,250.0
STK-002892,FAC-0046,PARACETAMOL,2023-11-09,190.0
STK-002893,FAC-0046,PARACETAMOL,2023-11-10,193.0
STK-002894,FAC-0046,PARACETAMOL,2023-11-11,214.0
STK-002895,FAC-0046,PARACETAMOL,2023-11-12,251.0
STK-002896,FAC-0046,PARACETAMOL,2023-11-13,173.0
STK-002897,FAC-0046,PARACETAMOL,2023-11-14,146.0
STK-002898,FAC-0046,PARACETAMOL,2023-11-15,230.0
STK-002899,FAC-0046,PARACETAMOL,2023-11-16,138.0
STK-002900,FAC-0046,PARACETAMOL,2023-11-17,203.0
STK-002901,FAC-0046,PARACETAMOL,2023-11-18,141.0
STK-002902,FAC-0046,PARACETAMOL,2023-11-19,176.0
STK-002903,FAC-0046,PARACETAMOL,2023-11-20,125.0
STK-002904,FAC-0046,PARACETAMOL,2023-11-21,122.0
STK-002905,FAC-0046,RIF_INH,2023-01-01,11.0
STK-002906,FAC-0046,RIF_INH,2023-01-02,12.0
STK-002907,FAC-0046,RIF_INH,2023-01-03,9.0
STK-002908,FAC-0046,RIF_INH,2023-01-04,9.0
STK-002909,FAC-0047,PARACETAMOL,2023-01-01,34.0
STK-002910,FAC-0047,PARACETAMOL,2023-01-02,19.0
STK-002911,FAC-0047,PARACETAMOL,2023-01-03,38.0
STK-002912,FAC-0047,PARACETAMOL,2023-01-04,29.0
STK-002913,FAC-0047,PARACETAMOL,2023-01-05,13.0
STK-002914,FAC-0047,RIF_INH,2023-01-02,3.0
STK-002915,FAC-0047,RIF_INH,2023-01-03,2.0
STK-002916,FAC-0047,RIF_INH,2023-01-06,6.0
STK-002917,FAC-0047,RIF_INH,2023-01-07,3.0
STK-002918,FAC-0048,PARACETAMOL,2023-01-01,21.0
STK-002919,FAC-0048,PARACETAMOL,2023-01-02,41.0
STK-002920,FAC-0048,PARACETAMOL,2023-01-03,24.0
STK-002921,FAC-0048,PARACETAMOL,2023-01-04,65.0
STK-002922,FAC-0048,PARACETAMOL,2023-01-05,24.0
STK-002923,FAC-0048,PARACETAMOL,2023-01-06,29.0
STK-002924,FAC-0048,PARACETAMOL,2023-01-07,30.0
STK-002925,FAC-0048,PARACETAMOL,2023-01-08,38.0
STK-002926,FAC-0048,PARACETAMOL,2023-01-09,33.0
STK-002927,FAC-0048,PARACETAMOL,2023-01-10,45.0
STK-002928,FAC-0048,PARACETAMOL,2023-01-11,24.0
STK-002929,FAC-0048,PARACETAMOL,2023-01-12,16.0
STK-002930,FAC-0048,PARACETAMOL,2023-01-13,43.0
STK-002931,FAC-0048,PARACETAMOL,2023-01-14,20.0
STK-002932,FAC-0048,PARACETAMOL,2023-01-15,21.0
STK-002933,FAC-0048,PARACETAMOL,2023-01-16,23.0
STK-002934,FAC-0048,PARACETAMOL,2023-01-17,27.0
STK-002935,FAC-0048,PARACETAMOL,2023-01-18,36.0
STK-002936,FAC-0048,PARACETAMOL,2023-01-19,14.0
STK-002937,FAC-0048,PARACETAMOL,2023-01-20,26.0
STK-002938,FAC-0048,PARACETAMOL,2023-01-21,34.0
STK-002939,FAC-0048,PARACETAMOL,2023-01-22,20.0
STK-002940,FAC-0048,PARACETAMOL,2023-01-23,37.0
STK-002941,FAC-0048,PARACETAMOL,2023-01-24,34.0
STK-002942,FAC-0048,RIF_INH,2023-01-02,4.0
STK-002943,FAC-0048,RIF_INH,2023-01-03,1.0
STK-002944,FAC-0049,EPINEPHRINE,2023-01-01,1.0
STK-002945,FAC-0049,EPINEPHRINE,2023-01-04,1.0
STK-002946,FAC-0049,EPINEPHRINE,2023-01-06,1.0
STK-002947,FAC-0049,EPINEPHRINE,2023-01-07,1.0
STK-002948,FAC-0049,EPINEPHRINE,2023-01-08,1.0
STK-002949,FAC-0049,EPINEPHRINE,2023-01-09,1.0
STK-002950,FAC-0049,EPINEPHRINE,2023-01-13,1.0
STK-002951,FAC-0049,EPINEPHRINE,2023-01-16,1.0
STK-002952,FAC-0049,EPINEPHRINE,2023-01-17,1.0
STK-002953,FAC-0049,EPINEPHRINE,2023-01-18,1.0
STK-002954,FAC-0049,EPINEPHRINE,2023-01-20,1.0
STK-002955,FAC-0049,EPINEPHRINE,2023-02-23,1.0
STK-002956,FAC-0049,EPINEPHRINE,2023-02-24,1.0
STK-002957,FAC-0049,EPINEPHRINE,2023-02-27,1.0
STK-002958,FAC-0049,EPINEPHRINE,2023-02-28,1.0
STK-002959,FAC-0049,EPINEPHRINE,2023-03-03,1.0
STK-002960,FAC-0049,EPINEPHRINE,2023-03-07,1.0
STK-002961,FAC-0049,EPINEPHRINE,2023-03-24,1.0
STK-002962,FAC-0049,EPINEPHRINE,2023-03-25,2.0
STK-002963,FAC-0049,EPINEPHRINE,2023-03-27,1.0
STK-002964,FAC-0049,EPINEPHRINE,2023-03-29,1.0
STK-002965,FAC-0049,EPINEPHRINE,2023-04-02,1.0
STK-002966,FAC-0049,EPINEPHRINE,2023-04-03,1.0
STK-002967,FAC-0049,EPINEPHRINE,2023-04-04,2.0
STK-002968,FAC-0049,EPINEPHRINE,2023-04-25,1.0
STK-002969,FAC-0049,EPINEPHRINE,2023-04-30,1.0
STK-002970,FAC-0049,EPINEPHRINE,2023-05-01,1.0
STK-002971,FAC-0049,EPINEPHRINE,2023-05-02,1.0
STK-002972,FAC-0049,EPINEPHRINE,2023-05-03,2.0
STK-002973,FAC-0049,EPINEPHRINE,2023-05-04,2.0
STK-002974,FAC-0049,EPINEPHRINE,2023-05-25,1.0
STK-002975,FAC-0049,EPINEPHRINE,2023-05-26,1.0
STK-002976,FAC-0049,EPINEPHRINE,2023-06-01,2.0
STK-002977,FAC-0049,EPINEPHRINE,2023-06-02,1.0
STK-002978,FAC-0049,EPINEPHRINE,2023-09-23,3.0
STK-002979,FAC-0049,EPINEPHRINE,2023-09-24,1.0
STK-002980,FAC-0049,EPINEPHRINE,2023-09-25,1.0
STK-002981,FAC-0049,EPINEPHRINE,2023-09-28,1.0
STK-002982,FAC-0049,EPINEPHRINE,2023-09-29,1.0
STK-002983,FAC-0049,EPINEPHRINE,2023-10-01,1.0
STK-002984,FAC-0049,EPINEPHRINE,2023-10-02,1.0
STK-002985,FAC-0049,EPINEPHRINE,2023-11-22,1.0
STK-002986,FAC-0049,EPINEPHRINE,2023-11-24,1.0
STK-002987,FAC-0049,EPINEPHRINE,2023-11-25,1.0
STK-002988,FAC-0049,EPINEPHRINE,2023-11-26,2.0
STK-002989,FAC-0049,EPINEPHRINE,2023-11-27,1.0
STK-002990,FAC-0049,EPINEPHRINE,2023-12-10,1.0
STK-002991,FAC-0049,EPINEPHRINE,2023-12-11,1.0
STK-002992,FAC-0049,EPINEPHRINE,2023-12-12,1.0
STK-002993,FAC-0049,EPINEPHRINE,2023-12-15,1.0
STK-002994,FAC-0049,EPINEPHRINE,2023-12-17,2.0
STK-002995,FAC-0049,EPINEPHRINE,2023-12-18,1.0
STK-002996,FAC-0049,EPINEPHRINE,2023-12-21,1.0
STK-002997,FAC-0049,EPINEPHRINE,2023-12-24,1.0
STK-002998,FAC-0049,EPINEPHRINE,2023-12-28,1.0
STK-002999,FAC-0049,PARACETAMOL,2023-01-01,120.0
STK-003000,FAC-0049,PARACETAMOL,2023-01-02,167.0
STK-003001,FAC-0049,PARACETAMOL,2023-01-03,95.0
STK-003002,FAC-0049,PARACETAMOL,2023-01-04,154.0
STK-003003,FAC-0049,PARACETAMOL,2023-01-05,160.0
STK-003004,FAC-0049,PARACETAMOL,2023-01-06,127.0
STK-003005,FAC-0049,PARACETAMOL,2023-07-25,130.0
STK-003006,FAC-0049,PARACETAMOL,2023-07-26,408.0
STK-003007,FAC-0049,PARACETAMOL,2023-07-27,359.0
STK-003008,FAC-0049,PARACETAMOL,2023-07-28,353.0
STK-003009,FAC-0049,PARACETAMOL,2023-07-29,496.0
STK-003010,FAC-0049,PARACETAMOL,2023-08-09,26.0
STK-003011,FAC-0049,PARACETAMOL,2023-08-10,415.0
STK-003012,FAC-0049,PARACETAMOL,2023-08-11,525.0
STK-003013,FAC-0049,PARACETAMOL,2023-08-12,468.0
STK-003014,FAC-0049,PARACETAMOL,2023-08-13,366.0
STK-003015,FAC-0049,PARACETAMOL,2023-08-14,516.0
STK-003016,FAC-0049,PARACETAMOL,2023-08-15,455.0
STK-003017,FAC-0049,PARACETAMOL,2023-08-16,432.0
STK-003018,FAC-0049,PARACETAMOL,2023-08-17,499.0
STK-003019,FAC-0049,PARACETAMOL,2023-08-18,571.0
STK-003020,FAC-0049,PARACETAMOL,2023-08-19,317.0
STK-003021,FAC-0049,PARACETAMOL,2023-08-20,535.0
STK-003022,FAC-0049,PARACETAMOL,2023-08-21,474.0
STK-003023,FAC-0049,PARACETAMOL,2023-08-22,347.0
STK-003024,FAC-0049,PARACETAMOL,2023-08-23,472.0
STK-003025,FAC-0049,PARACETAMOL,2023-08-24,499.0
STK-003026,FAC-0049,PARACETAMOL,2023-08-25,414.0
STK-003027,FAC-0049,PARACETAMOL,2023-08-26,443.0
STK-003028,FAC-0049,PARACETAMOL,2023-08-27,523.0
STK-003029,FAC-0049,PARACETAMOL,2023-08-28,510.0
STK-003030,FAC-0049,PARACETAMOL,2023-08-29,434.0
STK-003031,FAC-0049,PARACETAMOL,2023-08-30,410.0
STK-003032,FAC-0049,PARACETAMOL,2023-08-31,546.0
STK-003033,FAC-0049,PARACETAMOL,2023-09-01,391.0
STK-003034,FAC-0049,PARACETAMOL,2023-09-02,371.0
STK-003035,FAC-0049,PARACETAMOL,2023-09-03,516.0
STK-003036,FAC-0049,PARACETAMOL,2023-09-04,442.0
STK-003037,FAC-0049,PARACETAMOL,2023-09-05,467.0
STK-003038,FAC-0049,PARACETAMOL,2023-09-06,454.0
STK-003039,FAC-0049,PARACETAMOL,2023-09-07,375.0
STK-003040,FAC-0049,PARACETAMOL,2023-09-08,420.0
STK-003041,FAC-0049,PARACETAMOL,2023-09-09,553.0
STK-003042,FAC-0049,PARACETAMOL,2023-09-10,458.0
STK-003043,FAC-0049,PARACETAMOL,2023-09-11,409.0
STK-003044,FAC-0049,PARACETAMOL,2023-09-12,479.0
STK-003045,FAC-0049,PARACETAMOL,2023-09-24,340.0
STK-003046,FAC-0049,PARACETAMOL,2023-09-25,443.0
STK-003047,FAC-0049,PARACETAMOL,2023-09-26,393.0
STK-003048,FAC-0049,PARACETAMOL,2023-09-27,427.0
STK-003049,FAC-0049,PARACETAMOL,2023-09-28,358.0
STK-003050,FAC-0049,PARACETAMOL,2023-09-29,359.0
STK-003051,FAC-0049,PARACETAMOL,2023-09-30,376.0
STK-003052,FAC-0049,PARACETAMOL,2023-10-01,362.0
STK-003053,FAC-0049,PARACETAMOL,2023-10-02,513.0
STK-003054,FAC-0049,PARACETAMOL,2023-10-03,388.0
STK-003055,FAC-0049,PARACETAMOL,2023-10-04,387.0
STK-003056,FAC-0049,PARACETAMOL,2023-10-05,445.0
STK-003057,FAC-0049,PARACETAMOL,2023-10-06,381.0
STK-003058,FAC-0049,PARACETAMOL,2023-10-07,421.0
STK-003059,FAC-0049,PARACETAMOL,2023-10-08,424.0
STK-003060,FAC-0049,PARACETAMOL,2023-10-09,507.0
STK-003061,FAC-0049,PARACETAMOL,2023-10-10,349.0
STK-003062,FAC-0049,PARACETAMOL,2023-10-11,346.0
STK-003063,FAC-0049,PARACETAMOL,2023-10-12,380.0
STK-003064,FAC-0049,PARACETAMOL,2023-10-13,226.0
STK-003065,FAC-0049,PARACETAMOL,2023-10-14,341.0
STK-003066,FAC-0049,PARACETAMOL,2023-10-15,340.0
STK-003067,FAC-0049,PARACETAMOL,2023-10-16,364.0
STK-003068,FAC-0049,PARACETAMOL,2023-10-17,346.0
STK-003069,FAC-0049,PARACETAMOL,2023-10-18,280.0
STK-003070,FAC-0049,PARACETAMOL,2023-10-19,388.0
STK-003071,FAC-0049,PARACETAMOL,2023-10-20,317.0
STK-003072,FAC-0049,PARACETAMOL,2023-10-21,320.0
STK-003073,FAC-0049,PARACETAMOL,2023-10-22,356.0
STK-003074,FAC-0049,PARACETAMOL,2023-10-23,329.0
STK-003075,FAC-0049,PARACETAMOL,2023-10-24,288.0
STK-003076,FAC-0049,PARACETAMOL,2023-10-25,298.0
STK-003077,FAC-0049,PARACETAMOL,2023-10-26,290.0
STK-003078,FAC-0049,PARACETAMOL,2023-10-27,280.0
STK-003079,FAC-0049,RIF_INH,2023-01-01,6.0
STK-003080,FAC-0049,RIF_INH,2023-01-02,18.0
STK-003081,FAC-0049,RIF_INH,2023-01-03,9.0
STK-003082,FAC-0049,RIF_INH,2023-01-04,12.0
STK-003083,FAC-0049,RIF_INH,2023-01-05,9.0
STK-003084,FAC-0049,RIF_INH,2023-01-06,7.0
STK-003085,FAC-0049,RIF_INH,2023-01-07,12.0
STK-003086,FAC-0049,RIF_INH,2023-01-08,11.0
STK-003087,FAC-0049,RIF_INH,2023-01-09,10.0
STK-003088,FAC-0049,RIF_INH,2023-01-10,5.0
STK-003089,FAC-0049,RIF_INH,2023-01-11,8.0
STK-003090,FAC-0049,RIF_INH,2023-01-12,6.0
STK-003091,FAC-0049,RIF_INH,2023-01-13,9.0
STK-003092,FAC-0049,RIF_INH,2023-01-14,6.0
STK-003093,FAC-0049,RIF_INH,2023-01-15,11.0
STK-003094,FAC-0049,RIF_INH,2023-01-16,7.0
STK-003095,FAC-0049,RIF_INH,2023-01-17,9.0
STK-003096,FAC-0049,RIF_INH,2023-01-18,5.0
STK-003097,FAC-0049,RIF_INH,2023-01-19,9.0
STK-003098,FAC-0049,RIF_INH,2023-01-20,9.0
STK-003099,FAC-0049,RIF_INH,2023-01-21,6.0
STK-003100,FAC-0049,RIF_INH,2023-01-22,4.0
STK-003101,FAC-0049,RIF_INH,2023-01-23,11.0
STK-003102,FAC-0049,RIF_INH,2023-01-24,6.0
STK-003103,FAC-0049,RIF_INH,2023-01-25,4.0
STK-003104,FAC-0049,RIF_INH,2023-01-26,9.0
STK-003105,FAC-0050,EPINEPHRINE,2023-01-03,1.0
STK-003106,FAC-0050,PARACETAMOL,2023-01-01,24.0
STK-003107,FAC-0050,PARACETAMOL,2023-01-02,33.0
STK-003108,FAC-0050,PARACETAMOL,2023-01-03,9.0
STK-003109,FAC-0050,PARACETAMOL,2023-01-04,19.0
STK-003110,FAC-0050,PARACETAMOL,2023-01-05,29.0
STK-003111,FAC-0050,RIF_INH,2023-01-01,1.0
STK-003112,FAC-0050,RIF_INH,2023-01-02,1.0
STK-003113,FAC-0050,RIF_INH,2023-01-04,1.0
STK-003114,FAC-0051,EPINEPHRINE,2023-01-01,1.0
STK-003115,FAC-0051,PARACETAMOL,2023-01-01,28.0
STK-003116,FAC-0051,PARACETAMOL,2023-01-02,28.0
STK-003117,FAC-0051,PARACETAMOL,2023-01-03,28.0
STK-003118,FAC-0051,PARACETAMOL,2023-01-04,18.0
STK-003119,FAC-0051,PARACETAMOL,2023-01-05,12.0
STK-003120,FAC-0051,PARACETAMOL,2023-01-06,19.0
STK-003121,FAC-0051,RIF_INH,2023-01-01,1.0
STK-003122,FAC-0051,RIF_INH,2023-01-02,1.0
STK-003123,FAC-0051,RIF_INH,2023-01-03,1.0
STK-003124,FAC-0051,RIF_INH,2023-01-04,2.0
STK-003125,FAC-0051,RIF_INH,2023-01-05,1.0
STK-003126,FAC-0051,RIF_INH,2023-01-06,2.0
STK-003127,FAC-0051,RIF_INH,2023-01-07,3.0
STK-003128,FAC-0051,RIF_INH,2023-01-09,2.0
STK-003129,FAC-0052,EPINEPHRINE,2023-01-01,1.0
STK-003130,FAC-0052,PARACETAMOL,2023-01-01,18.0
STK-003131,FAC-0052,RIF_INH,2023-01-01,3.0
STK-003132,FAC-0053,EPINEPHRINE,2023-01-22,2.0
STK-003133,FAC-0053,EPINEPHRINE,2023-01-24,1.0
STK-003134,FAC-0053,EPINEPHRINE,2023-01-25,1.0
STK-003135,FAC-0053,EPINEPHRINE,2023-01-26,1.0
STK-003136,FAC-0053,EPINEPHRINE,2023-01-27,1.0
STK-003137,FAC-0053,EPINEPHRINE,2023-01-30,1.0
STK-003138,FAC-0053,EPINEPHRINE,2023-02-23,2.0
STK-003139,FAC-0053,EPINEPHRINE,2023-02-25,1.0
STK-003140,FAC-0053,EPINEPHRINE,2023-03-17,1.0
STK-003141,FAC-0053,EPINEPHRINE,2023-03-19,1.0
STK-003142,FAC-0053,EPINEPHRINE,2023-03-21,1.0
STK-003143,FAC-0053,EPINEPHRINE,2023-03-22,1.0
STK-003144,FAC-0053,EPINEPHRINE,2023-03-23,1.0
STK-003145,FAC-0053,EPINEPHRINE,2023-03-24,1.0
STK-003146,FAC-0053,EPINEPHRINE,2023-03-25,1.0
STK-003147,FAC-0053,EPINEPHRINE,2023-03-28,3.0
STK-003148,FAC-0053,EPINEPHRINE,2023-03-29,1.0
STK-003149,FAC-0053,EPINEPHRINE,2023-04-02,2.0
STK-003150,FAC-0053,EPINEPHRINE,2023-04-03,1.0
STK-003151,FAC-0053,EPINEPHRINE,2023-04-22,1.0
STK-003152,FAC-0053,EPINEPHRINE,2023-04-28,2.0
STK-003153,FAC-0053,EPINEPHRINE,2023-05-01,1.0
STK-003154,FAC-0053,EPINEPHRINE,2023-05-02,2.0
STK-003155,FAC-0053,EPINEPHRINE,2023-05-05,1.0
STK-003156,FAC-0053,EPINEPHRINE,2023-05-06,2.0
STK-003157,FAC-0053,EPINEPHRINE,2023-05-07,1.0
STK-003158,FAC-0053,EPINEPHRINE,2023-05-08,1.0
STK-003159,FAC-0053,EPINEPHRINE,2023-06-01,3.0
STK-003160,FAC-0053,EPINEPHRINE,2023-06-02,2.0
STK-003161,FAC-0053,EPINEPHRINE,2023-06-05,1.0
STK-003162,FAC-0053,EPINEPHRINE,2023-06-09,1.0
STK-003163,FAC-0053,EPINEPHRINE,2023-06-10,2.0
STK-003164,FAC-0053,EPINEPHRINE,2023-06-14,1.0
STK-003165,FAC-0053,EPINEPHRINE,2023-06-17,2.0
STK-003166,FAC-0053,EPINEPHRINE,2023-06-18,1.0
STK-003167,FAC-0053,EPINEPHRINE,2023-06-19,1.0
STK-003168,FAC-0053,EPINEPHRINE,2023-06-20,1.0
STK-003169,FAC-0053,EPINEPHRINE,2023-06-21,1.0
STK-003170,FAC-0053,EPINEPHRINE,2023-07-03,1.0
STK-003171,FAC-0053,EPINEPHRINE,2023-07-04,1.0
STK-003172,FAC-0053,EPINEPHRINE,2023-07-07,3.0
STK-003173,FAC-0053,EPINEPHRINE,2023-07-18,1.0
STK-003174,FAC-0053,EPINEPHRINE,2023-07-19,1.0
STK-003175,FAC-0053,EPINEPHRINE,2023-07-22,1.0
STK-003176,FAC-0053,EPINEPHRINE,2023-07-27,1.0
STK-003177,FAC-0053,EPINEPHRINE,2023-07-31,3.0
STK-003178,FAC-0053,EPINEPHRINE,2023-08-16,2.0
STK-003179,FAC-0053,EPINEPHRINE,2023-08-20,2.0
STK-003180,FAC-0053,EPINEPHRINE,2023-08-26,2.0
STK-003181,FAC-0053,EPINEPHRINE,2023-08-27,1.0
STK-003182,FAC-0053,EPINEPHRINE,2023-08-30,1.0
STK-003183,FAC-0053,EPINEPHRINE,2023-09-02,1.0
STK-003184,FAC-0053,EPINEPHRINE,2023-09-03,1.0
STK-003185,FAC-0053,EPINEPHRINE,2023-09-08,1.0
STK-003186,FAC-0053,EPINEPHRINE,2023-09-09,1.0
STK-003187,FAC-0053,EPINEPHRINE,2023-09-13,2.0
STK-003188,FAC-0053,EPINEPHRINE,2023-09-14,2.0
STK-003189,FAC-0053,EPINEPHRINE,2023-10-02,1.0
STK-003190,FAC-0053,EPINEPHRINE,2023-10-03,1.0
STK-003191,FAC-0053,EPINEPHRINE,2023-10-09,1.0
STK-003192,FAC-0053,EPINEPHRINE,2023-10-10,1.0
STK-003193,FAC-0053,EPINEPHRINE,2023-10-11,2.0
STK-003194,FAC-0053,EPINEPHRINE,2023-10-29,1.0
STK-003195,FAC-0053,EPINEPHRINE,2023-10-30,1.0
STK-003196,FAC-0053,EPINEPHRINE,2023-11-02,1.0
STK-003197,FAC-0053,EPINEPHRINE,2023-11-03,1.0
STK-003198,FAC-0053,EPINEPHRINE,2023-11-04,1.0
STK-003199,FAC-0053,EPINEPHRINE,2023-11-05,2.0
STK-003200,FAC-0053,EPINEPHRINE,2023-12-02,1.0
STK-003201,FAC-0053,EPINEPHRINE,2023-12-03,2.0
STK-003202,FAC-0053,EPINEPHRINE,2023-12-09,2.0
STK-003203,FAC-0053,EPINEPHRINE,2023-12-11,1.0
STK-003204,FAC-0053,PARACETAMOL,2023-01-01,176.0
STK-003205,FAC-0053,PARACETAMOL,2023-01-02,188.0
STK-003206,FAC-0053,PARACETAMOL,2023-01-03,123.0
STK-003207,FAC-0053,PARACETAMOL,2023-01-04,225.0
STK-003208,FAC-0053,PARACETAMOL,2023-01-05,160.0
STK-003209,FAC-0053,PARACETAMOL,2023-01-06,160.0
STK-003210,FAC-0053,PARACETAMOL,2023-01-07,159.0
STK-003211,FAC-0053,PARACETAMOL,2023-01-08,143.0
STK-003212,FAC-0053,PARACETAMOL,2023-01-09,148.0
STK-003213,FAC-0053,PARACETAMOL,2023-01-10,169.0
STK-003214,FAC-0053,PARACETAMOL,2023-01-11,151.0
STK-003215,FAC-0053,PARACETAMOL,2023-01-12,165.0
STK-003216,FAC-0053,PARACETAMOL,2023-05-14,80.0
STK-003217,FAC-0053,PARACETAMOL,2023-05-15,168.0
STK-003218,FAC-0053,PARACETAMOL,2023-05-16,136.0
STK-003219,FAC-0053,PARACETAMOL,2023-05-17,157.0
STK-003220,FAC-0053,PARACETAMOL,2023-05-18,171.0
STK-003221,FAC-0053,PARACETAMOL,2023-05-19,150.0
STK-003222,FAC-0053,PARACETAMOL,2023-05-20,169.0
STK-003223,FAC-0053,PARACETAMOL,2023-05-21,156.0
STK-003224,FAC-0053,PARACETAMOL,2023-07-01,319.0
STK-003225,FAC-0053,PARACETAMOL,2023-07-02,295.0
STK-003226,FAC-0053,PARACETAMOL,2023-07-03,382.0
STK-003227,FAC-0053,PARACETAMOL,2023-07-04,395.0
STK-003228,FAC-0053,PARACETAMOL,2023-07-05,384.0
STK-003229,FAC-0053,PARACETAMOL,2023-07-06,443.0
STK-003230,FAC-0053,PARACETAMOL,2023-07-07,309.0
STK-003231,FAC-0053,PARACETAMOL,2023-07-08,326.0
STK-003232,FAC-0053,PARACETAMOL,2023-07-09,384.0
STK-003233,FAC-0053,PARACETAMOL,2023-07-21,279.0
STK-003234,FAC-0053,PARACETAMOL,2023-07-22,353.0
STK-003235,FAC-0053,PARACETAMOL,2023-07-23,457.0
STK-003236,FAC-0053,PARACETAMOL,2023-07-24,598.0
STK-003237,FAC-0053,PARACETAMOL,2023-07-25,435.0
STK-003238,FAC-0053,PARACETAMOL,2023-07-26,563.0
STK-003239,FAC-0053,PARACETAMOL,2023-07-27,472.0
STK-003240,FAC-0053,PARACETAMOL,2023-07-28,626.0
STK-003241,FAC-0053,PARACETAMOL,2023-07-29,576.0
STK-003242,FAC-0053,PARACETAMOL,2023-07-30,460.0
STK-003243,FAC-0053,PARACETAMOL,2023-07-31,563.0
STK-003244,FAC-0053,PARACETAMOL,2023-08-01,538.0
STK-003245,FAC-0053,PARACETAMOL,2023-08-02,542.0
STK-003246,FAC-0053,PARACETAMOL,2023-08-03,492.0
STK-003247,FAC-0053,PARACETAMOL,2023-08-04,581.0
STK-003248,FAC-0053,PARACETAMOL,2023-08-05,571.0
STK-003249,FAC-0053,PARACETAMOL,2023-08-06,606.0
STK-003250,FAC-0053,PARACETAMOL,2023-08-07,642.0
STK-003251,FAC-0053,PARACETAMOL,2023-08-08,523.0
STK-003252,FAC-0053,PARACETAMOL,2023-08-09,463.0
STK-003253,FAC-0053,PARACETAMOL,2023-08-10,440.0
STK-003254,FAC-0053,PARACETAMOL,2023-08-11,643.0
STK-003255,FAC-0053,PARACETAMOL,2023-08-12,634.0
STK-003256,FAC-0053,PARACETAMOL,2023-08-13,622.0
STK-003257,FAC-0053,PARACETAMOL,2023-08-22,11.0
STK-003258,FAC-0053,PARACETAMOL,2023-08-23,576.0
STK-003259,FAC-0053,PARACETAMOL,2023-08-24,622.0
STK-003260,FAC-0053,PARACETAMOL,2023-08-25,522.0
STK-003261,FAC-0053,PARACETAMOL,2023-08-26,489.0
STK-003262,FAC-0053,PARACETAMOL,2023-08-27,699.0
STK-003263,FAC-0053,PARACETAMOL,2023-08-28,512.0
STK-003264,FAC-0053,PARACETAMOL,2023-08-29,538.0
STK-003265,FAC-0053,PARACETAMOL,2023-09-07,102.0
STK-003266,FAC-0053,PARACETAMOL,2023-09-08,736.0
STK-003267,FAC-0053,PARACETAMOL,2023-09-09,566.0
STK-003268,FAC-0053,PARACETAMOL,2023-09-10,533.0
STK-003269,FAC-0053,PARACETAMOL,2023-09-11,567.0
STK-003270,FAC-0053,PARACETAMOL,2023-09-12,432.0
STK-003271,FAC-0053,PARACETAMOL,2023-09-13,559.0
STK-003272,FAC-0053,PARACETAMOL,2023-09-14,472.0
STK-003273,FAC-0053,PARACETAMOL,2023-09-15,723.0
STK-003274,FAC-0053,PARACETAMOL,2023-09-16,675.0
STK-003275,FAC-0053,PARACETAMOL,2023-09-17,463.0
STK-003276,FAC-0053,PARACETAMOL,2023-09-18,628.0
STK-003277,FAC-0053,PARACETAMOL,2023-09-19,509.0
STK-003278,FAC-0053,PARACETAMOL,2023-09-20,631.0
STK-003279,FAC-0053,PARACETAMOL,2023-09-21,587.0
STK-003280,FAC-0053,PARACETAMOL,2023-09-22,582.0
STK-003281,FAC-0053,PARACETAMOL,2023-09-23,542.0
STK-003282,FAC-0053,PARACETAMOL,2023-09-24,571.0
STK-003283,FAC-0053,PARACETAMOL,2023-09-25,579.0
STK-003284,FAC-0053,PARACETAMOL,2023-09-26,415.0
STK-003285,FAC-0053,PARACETAMOL,2023-09-27,652.0
STK-003286,FAC-0053,PARACETAMOL,2023-09-28,551.0
STK-003287,FAC-0053,PARACETAMOL,2023-09-29,597.0
STK-003288,FAC-0053,PARACETAMOL,2023-09-30,440.0
STK-003289,FAC-0053,PARACETAMOL,2023-10-01,403.0
STK-003290,FAC-0053,PARACETAMOL,2023-10-12,437.0
STK-003291,FAC-0053,PARACETAMOL,2023-10-13,400.0
STK-003292,FAC-0053,PARACETAMOL,2023-10-14,555.0
STK-003293,FAC-0053,PARACETAMOL,2023-10-15,361.0
STK-003294,FAC-0053,PARACETAMOL,2023-10-16,387.0
STK-003295,FAC-0053,PARACETAMOL,2023-10-17,427.0
STK-003296,FAC-0053,PARACETAMOL,2023-10-18,369.0
STK-003297,FAC-0053,PARACETAMOL,2023-10-19,432.0
STK-003298,FAC-0053,PARACETAMOL,2023-10-20,443.0
STK-003299,FAC-0053,PARACETAMOL,2023-10-21,333.0
STK-003300,FAC-0053,PARACETAMOL,2023-10-22,389.0
STK-003301,FAC-0053,PARACETAMOL,2023-10-23,386.0
STK-003302,FAC-0053,PARACETAMOL,2023-10-24,453.0
STK-003303,FAC-0053,PARACETAMOL,2023-10-25,347.0
STK-003304,FAC-0053,PARACETAMOL,2023-10-26,348.0
STK-003305,FAC-0053,PARACETAMOL,2023-10-27,294.0
STK-003306,FAC-0053,PARACETAMOL,2023-10-28,292.0
STK-003307,FAC-0053,PARACETAMOL,2023-10-29,364.0
STK-003308,FAC-0053,PARACETAMOL,2023-10-30,420.0
STK-003309,FAC-0053,PARACETAMOL,2023-10-31,248.0
STK-003310,FAC-0053,PARACETAMOL,2023-11-17,4.0
STK-003311,FAC-0053,PARACETAMOL,2023-11-18,246.0
STK-003312,FAC-0053,PARACETAMOL,2023-11-19,204.0
STK-003313,FAC-0053,PARACETAMOL,2023-11-20,170.0
STK-003314,FAC-0053,PARACETAMOL,2023-11-21,205.0
STK-003315,FAC-0053,PARACETAMOL,2023-11-22,208.0
STK-003316,FAC-0053,PARACETAMOL,2023-11-23,235.0
STK-003317,FAC-0053,PARACETAMOL,2023-11-24,178.0
STK-003318,FAC-0053,PARACETAMOL,2023-11-25,104.0
STK-003319,FAC-0053,PARACETAMOL,2023-11-26,196.0
STK-003320,FAC-0053,PARACETAMOL,2023-11-27,194.0
STK-003321,FAC-0053,PARACETAMOL,2023-11-28,156.0
STK-003322,FAC-0053,PARACETAMOL,2023-11-29,175.0
STK-003323,FAC-0053,PARACETAMOL,2023-11-30,199.0
STK-003324,FAC-0053,PARACETAMOL,2023-12-31,123.0
STK-003325,FAC-0054,EPINEPHRINE,2023-01-01,1.0
STK-003326,FAC-0054,EPINEPHRINE,2023-02-20,1.0
STK-003327,FAC-0054,EPINEPHRINE,2023-02-22,1.0
STK-003328,FAC-0054,EPINEPHRINE,2023-02-24,3.0
STK-003329,FAC-0054,EPINEPHRINE,2023-02-25,1.0
STK-003330,FAC-0054,EPINEPHRINE,2023-03-01,1.0
STK-003331,FAC-0054,EPINEPHRINE,2023-03-04,2.0
STK-003332,FAC-0054,EPINEPHRINE,2023-03-06,2.0
STK-003333,FAC-0054,EPINEPHRINE,2023-03-27,1.0
STK-003334,FAC-0054,EPINEPHRINE,2023-03-28,1.0
STK-003335,FAC-0054,EPINEPHRINE,2023-03-30,1.0
STK-003336,FAC-0054,EPINEPHRINE,2023-03-31,2.0
STK-003337,FAC-0054,EPINEPHRINE,2023-04-22,2.0
STK-003338,FAC-0054,EPINEPHRINE,2023-04-23,2.0
STK-003339,FAC-0054,EPINEPHRINE,2023-04-27,3.0
STK-003340,FAC-0054,EPINEPHRINE,2023-05-03,2.0
STK-003341,FAC-0054,EPINEPHRINE,2023-05-04,1.0
STK-003342,FAC-0054,EPINEPHRINE,2023-06-02,1.0
STK-003343,FAC-0054,EPINEPHRINE,2023-06-03,2.0
STK-003344,FAC-0054,EPINEPHRINE,2023-06-05,1.0
STK-003345,FAC-0054,EPINEPHRINE,2023-06-06,1.0
STK-003346,FAC-0054,EPINEPHRINE,2023-06-27,1.0
STK-003347,FAC-0054,EPINEPHRINE,2023-06-29,1.0
STK-003348,FAC-0054,EPINEPHRINE,2023-06-30,1.0
STK-003349,FAC-0054,EPINEPHRINE,2023-07-02,1.0
STK-003350,FAC-0054,EPINEPHRINE,2023-07-03,2.0
STK-003351,FAC-0054,EPINEPHRINE,2023-07-23,1.0
STK-003352,FAC-0054,EPINEPHRINE,2023-07-25,1.0
STK-003353,FAC-0054,EPINEPHRINE,2023-07-28,2.0
STK-003354,FAC-0054,EPINEPHRINE,2023-07-29,1.0
STK-003355,FAC-0054,EPINEPHRINE,2023-09-17,1.0
STK-003356,FAC-0054,EPINEPHRINE,2023-09-18,1.0
STK-003357,FAC-0054,EPINEPHRINE,2023-09-19,1.0
STK-003358,FAC-0054,EPINEPHRINE,2023-09-20,1.0
STK-003359,FAC-0054,EPINEPHRINE,2023-09-22,1.0
STK-003360,FAC-0054,EPINEPHRINE,2023-11-25,1.0
STK-003361,FAC-0054,EPINEPHRINE,2023-11-26,1.0
STK-003362,FAC-0054,EPINEPHRINE,2023-11-28,3.0
STK-003363,FAC-0054,EPINEPHRINE,2023-11-29,1.0
STK-003364,FAC-0054,EPINEPHRINE,2023-11-30,1.0
STK-003365,FAC-0054,EPINEPHRINE,2023-12-02,1.0
STK-003366,FAC-0054,EPINEPHRINE,2023-12-04,1.0
STK-003367,FAC-0054,EPINEPHRINE,2023-12-15,1.0
STK-003368,FAC-0054,EPINEPHRINE,2023-12-16,1.0
STK-003369,FAC-0054,EPINEPHRINE,2023-12-17,1.0
STK-003370,FAC-0054,EPINEPHRINE,2023-12-18,1.0
STK-003371,FAC-0054,EPINEPHRINE,2023-12-20,1.0
STK-003372,FAC-0054,EPINEPHRINE,2023-12-25,1.0
STK-003373,FAC-0054,EPINEPHRINE,2023-12-26,1.0
STK-003374,FAC-0054,PARACETAMOL,2023-01-01,113.0
STK-003375,FAC-0054,PARACETAMOL,2023-01-02,111.0
STK-003376,FAC-0054,PARACETAMOL,2023-01-03,131.0
STK-003377,FAC-0054,PARACETAMOL,2023-01-04,105.0
STK-003378,FAC-0054,PARACETAMOL,2023-08-12,220.0
STK-003379,FAC-0054,PARACETAMOL,2023-08-13,435.0
STK-003380,FAC-0054,PARACETAMOL,2023-08-14,462.0
STK-003381,FAC-0054,PARACETAMOL,2023-08-15,466.0
STK-003382,FAC-0054,PARACETAMOL,2023-08-16,478.0
STK-003383,FAC-0054,PARACETAMOL,2023-08-17,374.0
STK-003384,FAC-0054,PARACETAMOL,2023-08-18,355.0
STK-003385,FAC-0054,PARACETAMOL,2023-08-19,481.0
STK-003386,FAC-0054,PARACETAMOL,2023-08-20,474.0
STK-003387,FAC-0054,PARACETAMOL,2023-08-21,428.0
STK-003388,FAC-0054,PARACETAMOL,2023-08-22,397.0
STK-003389,FAC-0054,PARACETAMOL,2023-08-23,468.0
STK-003390,FAC-0054,PARACETAMOL,2023-08-24,522.0
STK-003391,FAC-0054,PARACETAMOL,2023-08-25,521.0
STK-003392,FAC-0054,PARACETAMOL,2023-08-26,406.0
STK-003393,FAC-0054,PARACETAMOL,2023-08-27,488.0
STK-003394,FAC-0054,PARACETAMOL,2023-08-28,426.0
STK-003395,FAC-0054,PARACETAMOL,2023-08-29,667.0
STK-003396,FAC-0054,PARACETAMOL,2023-08-30,543.0
STK-003397,FAC-0054,PARACETAMOL,2023-08-31,480.0
STK-003398,FAC-0054,PARACETAMOL,2023-09-12,220.0
STK-003399,FAC-0054,PARACETAMOL,2023-09-13,478.0
STK-003400,FAC-0054,PARACETAMOL,2023-09-14,379.0
STK-003401,FAC-0054,PARACETAMOL,2023-09-15,368.0
STK-003402,FAC-0054,PARACETAMOL,2023-09-16,471.0
STK-003403,FAC-0054,PARACETAMOL,2023-09-17,528.0
STK-003404,FAC-0054,PARACETAMOL,2023-09-18,419.0
STK-003405,FAC-0054,PARACETAMOL,2023-09-19,469.0
STK-003406,FAC-0054,PARACETAMOL,2023-09-20,523.0
STK-003407,FAC-0054,PARACETAMOL,2023-09-21,440.0
STK-003408,FAC-0054,PARACETAMOL,2023-09-22,498.0
STK-003409,FAC-0054,PARACETAMOL,2023-09-23,396.0
STK-003410,FAC-0054,PARACETAMOL,2023-09-24,401.0
STK-003411,FAC-0054,PARACETAMOL,2023-09-25,452.0
STK-003412,FAC-0054,PARACETAMOL,2023-09-26,487.0
STK-003413,FAC-0054,PARACETAMOL,2023-09-27,354.0
STK-003414,FAC-0054,PARACETAMOL,2023-09-28,402.0
STK-003415,FAC-0054,PARACETAMOL,2023-09-29,318.0
STK-003416,FAC-0054,PARACETAMOL,2023-09-30,381.0
STK-003417,FAC-0054,PARACETAMOL,2023-10-01,414.0
STK-003418,FAC-0054,PARACETAMOL,2023-10-02,403.0
STK-003419,FAC-0054,PARACETAMOL,2023-10-03,393.0
STK-003420,FAC-0054,PARACETAMOL,2023-10-18,189.0
STK-003421,FAC-0054,PARACETAMOL,2023-10-19,306.0
STK-003422,FAC-0054,PARACETAMOL,2023-10-20,344.0
STK-003423,FAC-0054,PARACETAMOL,2023-10-21,380.0
STK-003424,FAC-0054,PARACETAMOL,2023-10-22,321.0
STK-003425,FAC-0054,PARACETAMOL,2023-10-23,298.0
STK-003426,FAC-0054,PARACETAMOL,2023-10-24,305.0
STK-003427,FAC-0054,PARACETAMOL,2023-10-25,322.0
STK-003428,FAC-0054,PARACETAMOL,2023-10-26,361.0
STK-003429,FAC-0054,PARACETAMOL,2023-10-27,268.0
STK-003430,FAC-0054,PARACETAMOL,2023-10-28,268.0
STK-003431,FAC-0054,PARACETAMOL,2023-10-29,230.0
STK-003432,FAC-0054,PARACETAMOL,2023-10-30,286.0
STK-003433,FAC-0054,PARACETAMOL,2023-10-31,262.0
STK-003434,FAC-0054,PARACETAMOL,2023-11-01,349.0
STK-003435,FAC-0054,PARACETAMOL,2023-11-02,233.0
STK-003436,FAC-0054,PARACETAMOL,2023-11-03,153.0
STK-003437,FAC-0054,PARACETAMOL,2023-11-04,318.0
STK-003438,FAC-0054,PARACETAMOL,2023-11-05,233.0
STK-003439,FAC-0054,PARACETAMOL,2023-11-06,182.0
STK-003440,FAC-0054,PARACETAMOL,2023-11-07,267.0
STK-003441,FAC-0054,PARACETAMOL,2023-12-08,12.0
STK-003442,FAC-0054,PARACETAMOL,2023-12-09,121.0
STK-003443,FAC-0054,PARACETAMOL,2023-12-10,127.0
STK-003444,FAC-0054,PARACETAMOL,2023-12-11,126.0
STK-003445,FAC-0054,PARACETAMOL,2023-12-12,125.0
STK-003446,FAC-0054,PARACETAMOL,2023-12-13,115.0
STK-003447,FAC-0054,PARACETAMOL,2023-12-14,149.0
STK-003448,FAC-0054,PARACETAMOL,2023-12-15,166.0
STK-003449,FAC-0054,PARACETAMOL,2023-12-16,147.0
STK-003450,FAC-0054,PARACETAMOL,2023-12-17,153.0
STK-003451,FAC-0054,RIF_INH,2023-01-01,6.0
STK-003452,FAC-0054,RIF_INH,2023-01-02,12.0
STK-003453,FAC-0055,EPINEPHRINE,2023-01-04,1.0
STK-003454,FAC-0055,EPINEPHRINE,2023-01-05,1.0
STK-003455,FAC-0055,EPINEPHRINE,2023-01-06,1.0
STK-003456,FAC-0055,EPINEPHRINE,2023-03-02,1.0
STK-003457,FAC-0055,EPINEPHRINE,2023-03-03,1.0
STK-003458,FAC-0055,EPINEPHRINE,2023-03-07,2.0
STK-003459,FAC-0055,EPINEPHRINE,2023-03-25,2.0
STK-003460,FAC-0055,EPINEPHRINE,2023-03-27,1.0
STK-003461,FAC-0055,EPINEPHRINE,2023-03-31,1.0
STK-003462,FAC-0055,EPINEPHRINE,2023-04-01,1.0
STK-003463,FAC-0055,EPINEPHRINE,2023-04-25,1.0
STK-003464,FAC-0055,EPINEPHRINE,2023-06-01,2.0
STK-003465,FAC-0055,EPINEPHRINE,2023-06-02,1.0
STK-003466,FAC-0055,EPINEPHRINE,2023-06-06,2.0
STK-003467,FAC-0055,EPINEPHRINE,2023-06-28,1.0
STK-003468,FAC-0055,EPINEPHRINE,2023-06-29,2.0
STK-003469,FAC-0055,EPINEPHRINE,2023-07-04,2.0
STK-003470,FAC-0055,EPINEPHRINE,2023-08-03,1.0
STK-003471,FAC-0055,EPINEPHRINE,2023-08-05,1.0
STK-003472,FAC-0055,EPINEPHRINE,2023-08-29,1.0
STK-003473,FAC-0055,EPINEPHRINE,2023-09-03,1.0
STK-003474,FAC-0055,EPINEPHRINE,2023-10-03,1.0
STK-003475,FAC-0055,EPINEPHRINE,2023-10-04,2.0
STK-003476,FAC-0055,EPINEPHRINE,2023-10-08,1.0
STK-003477,FAC-0055,EPINEPHRINE,2023-10-11,2.0
STK-003478,FAC-0055,EPINEPHRINE,2023-10-12,3.0
STK-003479,FAC-0055,EPINEPHRINE,2023-10-13,1.0
STK-003480,FAC-0055,EPINEPHRINE,2023-10-14,1.0
STK-003481,FAC-0055,EPINEPHRINE,2023-11-08,1.0
STK-003482,FAC-0055,EPINEPHRINE,2023-12-28,1.0
STK-003483,FAC-0055,EPINEPHRINE,2023-12-31,2.0
STK-003484,FAC-0055,PARACETAMOL,2023-01-01,97.0
STK-003485,FAC-0055,PARACETAMOL,2023-08-17,93.0
STK-003486,FAC-0055,PARACETAMOL,2023-08-18,418.0
STK-003487,FAC-0055,PARACETAMOL,2023-08-19,419.0
STK-003488,FAC-0055,PARACETAMOL,2023-08-20,343.0
STK-003489,FAC-0055,PARACETAMOL,2023-08-21,457.0
STK-003490,FAC-0055,PARACETAMOL,2023-08-22,323.0
STK-003491,FAC-0055,PARACETAMOL,2023-08-23,258.0
STK-003492,FAC-0055,PARACETAMOL,2023-08-24,381.0
STK-003493,FAC-0055,PARACETAMOL,2023-08-25,381.0
STK-003494,FAC-0055,PARACETAMOL,2023-08-26,492.0
STK-003495,FAC-0055,PARACETAMOL,2023-08-27,463.0
STK-003496,FAC-0055,PARACETAMOL,2023-08-28,379.0
STK-003497,FAC-0055,PARACETAMOL,2023-08-29,447.0
STK-003498,FAC-0055,PARACETAMOL,2023-08-30,348.0
STK-003499,FAC-0055,PARACETAMOL,2023-08-31,503.0
STK-003500,FAC-0055,PARACETAMOL,2023-09-01,369.0
STK-003501,FAC-0055,PARACETAMOL,2023-09-02,404.0
STK-003502,FAC-0055,PARACETAMOL,2023-09-03,445.0
STK-003503,FAC-0055,PARACETAMOL,2023-09-04,320.0
STK-003504,FAC-0055,PARACETAMOL,2023-09-05,439.0
STK-003505,FAC-0055,PARACETAMOL,2023-09-18,57.0
STK-003506,FAC-0055,PARACETAMOL,2023-09-19,360.0
STK-003507,FAC-0055,PARACETAMOL,2023-09-20,382.0
STK-003508,FAC-0055,PARACETAMOL,2023-09-21,502.0
STK-003509,FAC-0055,PARACETAMOL,2023-09-22,420.0
STK-003510,FAC-0055,PARACETAMOL,2023-09-23,382.0
STK-003511,FAC-0055,PARACETAMOL,2023-09-24,441.0
STK-003512,FAC-0055,PARACETAMOL,2023-09-25,369.0
STK-003513,FAC-0055,PARACETAMOL,2023-09-26,481.0
STK-003514,FAC-0055,PARACETAMOL,2023-09-27,314.0
STK-003515,FAC-0055,PARACETAMOL,2023-09-28,357.0
STK-003516,FAC-0055,PARACETAMOL,2023-09-29,371.0
STK-003517,FAC-0055,PARACETAMOL,2023-10-14,13.0
STK-003518,FAC-0055,PARACETAMOL,2023-10-15,278.0
STK-003519,FAC-0055,PARACETAMOL,2023-10-16,209.0
STK-003520,FAC-0055,PARACETAMOL,2023-10-17,321.0
STK-003521,FAC-0055,PARACETAMOL,2023-10-18,307.0
STK-003522,FAC-0055,PARACETAMOL,2023-10-19,218.0
STK-003523,FAC-0055,PARACETAMOL,2023-10-20,320.0
STK-003524,FAC-0055,PARACETAMOL,2023-10-21,282.0
STK-003525,FAC-0055,PARACETAMOL,2023-10-22,280.0
STK-003526,FAC-0055,PARACETAMOL,2023-10-23,276.0
STK-003527,FAC-0055,PARACETAMOL,2023-10-24,229.0
STK-003528,FAC-0055,PARACETAMOL,2023-10-25,263.0
STK-003529,FAC-0055,PARACETAMOL,2023-10-26,307.0
STK-003530,FAC-0055,PARACETAMOL,2023-10-27,254.0
STK-003531,FAC-0055,PARACETAMOL,2023-10-28,210.0
STK-003532,FAC-0055,PARACETAMOL,2023-10-29,308.0
STK-003533,FAC-0055,PARACETAMOL,2023-10-30,260.0
STK-003534,FAC-0055,PARACETAMOL,2023-10-31,272.0
STK-003535,FAC-0055,PARACETAMOL,2023-11-01,197.0
STK-003536,FAC-0055,PARACETAMOL,2023-11-02,239.0
STK-003537,FAC-0055,PARACETAMOL,2023-11-03,212.0
STK-003538,FAC-0055,PARACETAMOL,2023-11-04,231.0
STK-003539,FAC-0055,PARACETAMOL,2023-11-05,200.0
STK-003540,FAC-0055,PARACETAMOL,2023-11-06,196.0
STK-003541,FAC-0055,PARACETAMOL,2023-11-07,379.0
STK-003542,FAC-0055,RIF_INH,2023-01-01,9.0
STK-003543,FAC-0056,EPINEPHRINE,2023-01-02,1.0
STK-003544,FAC-0056,EPINEPHRINE,2023-01-03,1.0
STK-003545,FAC-0056,EPINEPHRINE,2023-01-04,2.0
STK-003546,FAC-0056,EPINEPHRINE,2023-01-05,2.0
STK-003547,FAC-0056,EPINEPHRINE,2023-01-10,1.0
STK-003548,FAC-0056,EPINEPHRINE,2023-01-11,1.0
STK-003549,FAC-0056,EPINEPHRINE,2023-01-12,1.0
STK-003550,FAC-0056,EPINEPHRINE,2023-01-13,1.0
STK-003551,FAC-0056,EPINEPHRINE,2023-01-14,2.0
STK-003552,FAC-0056,EPINEPHRINE,2023-01-17,1.0
STK-003553,FAC-0056,EPINEPHRINE,2023-01-18,1.0
STK-003554,FAC-0056,EPINEPHRINE,2023-04-06,2.0
STK-003555,FAC-0056,EPINEPHRINE,2023-04-11,1.0
STK-003556,FAC-0056,EPINEPHRINE,2023-04-12,1.0
STK-003557,FAC-0056,EPINEPHRINE,2023-04-13,2.0
STK-003558,FAC-0056,EPINEPHRINE,2023-04-17,1.0
STK-003559,FAC-0056,EPINEPHRINE,2023-05-11,1.0
STK-003560,FAC-0056,EPINEPHRINE,2023-05-12,1.0
STK-003561,FAC-0056,EPINEPHRINE,2023-05-13,1.0
STK-003562,FAC-0056,EPINEPHRINE,2023-05-14,1.0
STK-003563,FAC-0056,EPINEPHRINE,2023-05-15,1.0
STK-003564,FAC-0056,EPINEPHRINE,2023-06-12,1.0
STK-003565,FAC-0056,EPINEPHRINE,2023-06-16,1.0
STK-003566,FAC-0056,EPINEPHRINE,2023-06-18,1.0
STK-003567,FAC-0056,EPINEPHRINE,2023-06-24,1.0
STK-003568,FAC-0056,EPINEPHRINE,2023-10-01,1.0
STK-003569,FAC-0056,EPINEPHRINE,2023-10-24,1.0
STK-003570,FAC-0056,EPINEPHRINE,2023-10-27,1.0
STK-003571,FAC-0056,EPINEPHRINE,2023-10-31,1.0
STK-003572,FAC-0056,EPINEPHRINE,2023-11-03,2.0
STK-003573,FAC-0056,EPINEPHRINE,2023-11-06,1.0
STK-003574,FAC-0056,EPINEPHRINE,2023-11-24,1.0
STK-003575,FAC-0056,EPINEPHRINE,2023-12-15,1.0
STK-003576,FAC-0056,EPINEPHRINE,2023-12-21,1.0
STK-003577,FAC-0056,EPINEPHRINE,2023-12-22,2.0
STK-003578,FAC-0056,EPINEPHRINE,2023-12-23,1.0
STK-003579,FAC-0056,EPINEPHRINE,2023-12-27,1.0
STK-003580,FAC-0056,PARACETAMOL,2023-08-17,172.0
STK-003581,FAC-0056,PARACETAMOL,2023-08-18,329.0
STK-003582,FAC-0056,PARACETAMOL,2023-08-19,332.0
STK-003583,FAC-0056,PARACETAMOL,2023-08-20,416.0
STK-003584,FAC-0056,PARACETAMOL,2023-08-21,487.0
STK-003585,FAC-0056,PARACETAMOL,2023-08-22,348.0
STK-003586,FAC-0056,PARACETAMOL,2023-08-23,401.0
STK-003587,FAC-0056,PARACETAMOL,2023-08-24,437.0
STK-003588,FAC-0056,PARACETAMOL,2023-08-25,407.0
STK-003589,FAC-0056,PARACETAMOL,2023-08-26,429.0
STK-003590,FAC-0056,PARACETAMOL,2023-08-27,396.0
STK-003591,FAC-0056,PARACETAMOL,2023-08-28,380.0
STK-003592,FAC-0056,PARACETAMOL,2023-08-29,393.0
STK-003593,FAC-0056,PARACETAMOL,2023-08-30,364.0
STK-003594,FAC-0056,PARACETAMOL,2023-08-31,482.0
STK-003595,FAC-0056,PARACETAMOL,2023-09-01,447.0
STK-003596,FAC-0056,PARACETAMOL,2023-09-02,362.0
STK-003597,FAC-0056,PARACETAMOL,2023-09-03,486.0
STK-003598,FAC-0056,PARACETAMOL,2023-09-04,369.0
STK-003599,FAC-0056,PARACETAMOL,2023-09-05,420.0
STK-003600,FAC-0056,PARACETAMOL,2023-09-06,427.0
STK-003601,FAC-0056,PARACETAMOL,2023-09-07,486.0
STK-003602,FAC-0056,PARACETAMOL,2023-09-08,397.0
STK-003603,FAC-0056,PARACETAMOL,2023-09-09,368.0
STK-003604,FAC-0056,PARACETAMOL,2023-09-10,371.0
STK-003605,FAC-0056,PARACETAMOL,2023-09-11,439.0
STK-003606,FAC-0056,PARACETAMOL,2023-09-24,171.0
STK-003607,FAC-0056,PARACETAMOL,2023-09-25,356.0
STK-003608,FAC-0056,PARACETAMOL,2023-09-26,407.0
STK-003609,FAC-0056,PARACETAMOL,2023-09-27,354.0
STK-003610,FAC-0056,PARACETAMOL,2023-09-28,431.0
STK-003611,FAC-0056,PARACETAMOL,2023-09-29,375.0
STK-003612,FAC-0056,PARACETAMOL,2023-09-30,358.0
STK-003613,FAC-0056,PARACETAMOL,2023-10-01,338.0
STK-003614,FAC-0056,PARACETAMOL,2023-10-02,314.0
STK-003615,FAC-0056,PARACETAMOL,2023-10-03,306.0
STK-003616,FAC-0056,PARACETAMOL,2023-10-04,348.0
STK-003617,FAC-0056,PARACETAMOL,2023-10-05,437.0
STK-003618,FAC-0056,PARACETAMOL,2023-10-06,334.0
STK-003619,FAC-0056,PARACETAMOL,2023-10-07,297.0
STK-003620,FAC-0056,PARACETAMOL,2023-10-08,312.0
STK-003621,FAC-0056,PARACETAMOL,2023-10-26,150.0
STK-003622,FAC-0056,PARACETAMOL,2023-10-27,226.0
STK-003623,FAC-0056,PARACETAMOL,2023-10-28,251.0
STK-003624,FAC-0056,PARACETAMOL,2023-10-29,236.0
STK-003625,FAC-0056,PARACETAMOL,2023-10-30,234.0
STK-003626,FAC-0056,PARACETAMOL,2023-10-31,224.0
STK-003627,FAC-0056,PARACETAMOL,2023-11-01,233.0
STK-003628,FAC-0056,PARACETAMOL,2023-11-02,193.0
STK-003629,FAC-0056,PARACETAMOL,2023-11-03,193.0
STK-003630,FAC-0056,PARACETAMOL,2023-11-04,251.0
STK-003631,FAC-0056,PARACETAMOL,2023-11-05,270.0
STK-003632,FAC-0056,PARACETAMOL,2023-11-06,188.0
STK-003633,FAC-0056,PARACETAMOL,2023-11-07,137.0
STK-003634,FAC-0056,PARACETAMOL,2023-11-08,242.0
STK-003635,FAC-0056,PARACETAMOL,2023-11-09,232.0
STK-003636,FAC-0056,PARACETAMOL,2023-11-10,236.0
STK-003637,FAC-0056,PARACETAMOL,2023-11-11,221.0
STK-003638,FAC-0056,PARACETAMOL,2023-11-12,231.0
STK-003639,FAC-0056,PARACETAMOL,2023-11-13,122.0
STK-003640,FAC-0056,RIF_INH,2023-01-01,6.0
STK-003641,FAC-0057,EPINEPHRINE,2023-01-04,1.0
STK-003642,FAC-0057,EPINEPHRINE,2023-01-13,1.0
STK-003643,FAC-0057,PARACETAMOL,2023-01-01,24.0
STK-003644,FAC-0057,PARACETAMOL,2023-01-02,28.0
STK-003645,FAC-0057,PARACETAMOL,2023-01-03,23.0
STK-003646,FAC-0057,PARACETAMOL,2023-01-04,39.0
STK-003647,FAC-0057,PARACETAMOL,2023-01-05,19.0
STK-003648,FAC-0057,PARACETAMOL,2023-01-06,28.0
STK-003649,FAC-0057,PARACETAMOL,2023-01-07,29.0
STK-003650,FAC-0057,PARACETAMOL,2023-01-08,42.0
STK-003651,FAC-0057,PARACETAMOL,2023-01-09,35.0
STK-003652,FAC-0057,PARACETAMOL,2023-01-10,34.0
STK-003653,FAC-0057,PARACETAMOL,2023-01-11,39.0
STK-003654,FAC-0057,PARACETAMOL,2023-01-12,35.0
STK-003655,FAC-0057,PARACETAMOL,2023-01-13,37.0
STK-003656,FAC-0057,PARACETAMOL,2023-01-14,38.0
STK-003657,FAC-0057,RIF_INH,2023-01-01,1.0
STK-003658,FAC-0057,RIF_INH,2023-01-02,1.0
STK-003659,FAC-0057,RIF_INH,2023-01-03,1.0
STK-003660,FAC-0058,PARACETAMOL,2023-01-01,38.0
STK-003661,FAC-0058,PARACETAMOL,2023-01-02,13.0
STK-003662,FAC-0058,PARACETAMOL,2023-01-03,37.0
STK-003663,FAC-0058,PARACETAMOL,2023-01-04,18.0
STK-003664,FAC-0058,PARACETAMOL,2023-01-05,25.0
STK-003665,FAC-0058,PARACETAMOL,2023-01-06,21.0
STK-003666,FAC-0058,RIF_INH,2023-01-01,2.0
STK-003667,FAC-0058,RIF_INH,2023-01-02,2.0
STK-003668,FAC-0058,RIF_INH,2023-01-03,1.0
STK-003669,FAC-0058,RIF_INH,2023-01-04,1.0
STK-003670,FAC-0058,RIF_INH,2023-01-06,2.0
STK-003671,FAC-0058,RIF_INH,2023-01-07,1.0
STK-003672,FAC-0058,RIF_INH,2023-01-08,1.0
STK-003673,FAC-0058,RIF_INH,2023-01-09,3.0
STK-003674,FAC-0058,RIF_INH,2023-01-10,3.0
STK-003675,FAC-0058,RIF_INH,2023-01-11,4.0
STK-003676,FAC-0058,RIF_INH,2023-01-12,1.0
STK-003677,FAC-0058,RIF_INH,2023-01-13,2.0
STK-003678,FAC-0058,RIF_INH,2023-01-14,1.0
STK-003679,FAC-0058,RIF_INH,2023-01-15,4.0
STK-003680,FAC-0058,RIF_INH,2023-01-17,1.0
STK-003681,FAC-0058,RIF_INH,2023-01-18,2.0
STK-003682,FAC-0058,RIF_INH,2023-01-19,1.0
STK-003683,FAC-0058,RIF_INH,2023-01-20,2.0
STK-003684,FAC-0058,RIF_INH,2023-01-23,1.0
STK-003685,FAC-0058,RIF_INH,2023-01-25,1.0
STK-003686,FAC-0058,RIF_INH,2023-01-27,2.0
STK-003687,FAC-0058,RIF_INH,2023-01-28,2.0
STK-003688,FAC-0058,RIF_INH,2023-01-29,1.0
STK-003689,FAC-0058,RIF_INH,2023-01-31,3.0
STK-003690,FAC-0058,RIF_INH,2023-02-02,1.0
STK-003691,FAC-0058,RIF_INH,2023-02-03,3.0
STK-003692,FAC-0058,RIF_INH,2023-02-04,1.0
STK-003693,FAC-0058,RIF_INH,2023-02-05,2.0
STK-003694,FAC-0058,RIF_INH,2023-02-06,2.0
STK-003695,FAC-0058,RIF_INH,2023-02-07,3.0
STK-003696,FAC-0058,RIF_INH,2023-02-09,2.0
STK-003697,FAC-0058,RIF_INH,2023-02-10,1.0
STK-003698,FAC-0058,RIF_INH,2023-02-12,2.0
STK-003699,FAC-0058,RIF_INH,2023-02-14,2.0
STK-003700,FAC-0058,RIF_INH,2023-02-15,1.0
STK-003701,FAC-0058,RIF_INH,2023-02-16,1.0
STK-003702,FAC-0059,EPINEPHRINE,2023-01-05,2.0
STK-003703,FAC-0059,PARACETAMOL,2023-01-01,17.0
STK-003704,FAC-0059,RIF_INH,2023-01-01,2.0
STK-003705,FAC-0059,RIF_INH,2023-01-02,1.0
STK-003706,FAC-0059,RIF_INH,2023-01-04,1.0
STK-003707,FAC-0059,RIF_INH,2023-01-05,3.0
STK-003708,FAC-0059,RIF_INH,2023-01-07,3.0
STK-003709,FAC-0059,RIF_INH,2023-01-09,1.0
STK-003710,FAC-0059,RIF_INH,2023-01-10,2.0
STK-003711,FAC-0059,RIF_INH,2023-01-13,2.0
STK-003712,FAC-0059,RIF_INH,2023-01-14,2.0
STK-003713,FAC-0059,RIF_INH,2023-01-15,1.0
STK-003714,FAC-0059,RIF_INH,2023-01-16,2.0
STK-003715,FAC-0060,EPINEPHRINE,2023-01-05,1.0
STK-003716,FAC-0060,PARACETAMOL,2023-01-01,50.0
STK-003717,FAC-0061,EPINEPHRINE,2023-01-26,2.0
STK-003718,FAC-0061,EPINEPHRINE,2023-01-28,1.0
STK-003719,FAC-0061,EPINEPHRINE,2023-01-31,1.0
STK-003720,FAC-0061,EPINEPHRINE,2023-02-01,1.0
STK-003721,FAC-0061,EPINEPHRINE,2023-02-04,1.0
STK-003722,FAC-0061,EPINEPHRINE,2023-02-06,2.0
STK-003723,FAC-0061,EPINEPHRINE,2023-02-11,2.0
STK-003724,FAC-0061,EPINEPHRINE,2023-02-13,1.0
STK-003725,FAC-0061,EPINEPHRINE,2023-03-04,1.0
STK-003726,FAC-0061,EPINEPHRINE,2023-03-06,1.0
STK-003727,FAC-0061,EPINEPHRINE,2023-03-07,1.0
STK-003728,FAC-0061,EPINEPHRINE,2023-03-09,1.0
STK-003729,FAC-0061,EPINEPHRINE,2023-03-10,1.0
STK-003730,FAC-0061,EPINEPHRINE,2023-03-12,1.0
STK-003731,FAC-0061,EPINEPHRINE,2023-04-03,1.0
STK-003732,FAC-0061,EPINEPHRINE,2023-04-06,1.0
STK-003733,FAC-0061,EPINEPHRINE,2023-04-07,2.0
STK-003734,FAC-0061,EPINEPHRINE,2023-05-02,1.0
STK-003735,FAC-0061,EPINEPHRINE,2023-05-03,1.0
STK-003736,FAC-0061,EPINEPHRINE,2023-05-06,1.0
STK-003737,FAC-0061,EPINEPHRINE,2023-05-07,1.0
STK-003738,FAC-0061,EPINEPHRINE,2023-05-08,2.0
STK-003739,FAC-0061,EPINEPHRINE,2023-05-09,1.0
STK-003740,FAC-0061,EPINEPHRINE,2023-05-27,1.0
STK-003741,FAC-0061,EPINEPHRINE,2023-05-29,2.0
STK-003742,FAC-0061,EPINEPHRINE,2023-05-30,1.0
STK-003743,FAC-0061,EPINEPHRINE,2023-06-14,2.0
STK-003744,FAC-0061,EPINEPHRINE,2023-06-18,1.0
STK-003745,FAC-0061,EPINEPHRINE,2023-06-23,1.0
STK-003746,FAC-0061,EPINEPHRINE,2023-06-25,1.0
STK-003747,FAC-0061,EPINEPHRINE,2023-06-26,2.0
STK-003748,FAC-0061,EPINEPHRINE,2023-06-27,1.0
STK-003749,FAC-0061,EPINEPHRINE,2023-06-28,1.0
STK-003750,FAC-0061,EPINEPHRINE,2023-06-29,1.0
STK-003751,FAC-0061,EPINEPHRINE,2023-07-15,2.0
STK-003752,FAC-0061,EPINEPHRINE,2023-07-22,2.0
STK-003753,FAC-0061,EPINEPHRINE,2023-07-24,1.0
STK-003754,FAC-0061,EPINEPHRINE,2023-07-25,1.0
STK-003755,FAC-0061,EPINEPHRINE,2023-07-27,1.0
STK-003756,FAC-0061,EPINEPHRINE,2023-07-28,1.0
STK-003757,FAC-0061,EPINEPHRINE,2023-07-29,1.0
STK-003758,FAC-0061,EPINEPHRINE,2023-07-30,1.0
STK-003759,FAC-0061,EPINEPHRINE,2023-09-02,2.0
STK-003760,FAC-0061,EPINEPHRINE,2023-09-03,1.0
STK-003761,FAC-0061,EPINEPHRINE,2023-09-04,1.0
STK-003762,FAC-0061,EPINEPHRINE,2023-09-05,1.0
STK-003763,FAC-0061,EPINEPHRINE,2023-09-06,1.0
STK-003764,FAC-0061,EPINEPHRINE,2023-11-14,1.0
STK-003765,FAC-0061,EPINEPHRINE,2023-11-15,2.0
STK-003766,FAC-0061,EPINEPHRINE,2023-11-16,2.0
STK-003767,FAC-0061,EPINEPHRINE,2023-11-18,1.0
STK-003768,FAC-0061,EPINEPHRINE,2023-11-19,2.0
STK-003769,FAC-0061,EPINEPHRINE,2023-11-21,1.0
STK-003770,FAC-0061,EPINEPHRINE,2023-11-23,1.0
STK-003771,FAC-0061,EPINEPHRINE,2023-11-24,2.0
STK-003772,FAC-0061,EPINEPHRINE,2023-11-25,2.0
STK-003773,FAC-0061,EPINEPHRINE,2023-11-29,1.0
STK-003774,FAC-0061,EPINEPHRINE,2023-11-30,1.0
STK-003775,FAC-0061,EPINEPHRINE,2023-12-01,1.0
STK-003776,FAC-0061,EPINEPHRINE,2023-12-21,1.0
STK-003777,FAC-0061,EPINEPHRINE,2023-12-23,1.0
STK-003778,FAC-0061,EPINEPHRINE,2023-12-24,1.0
STK-003779,FAC-0061,EPINEPHRINE,2023-12-25,2.0
STK-003780,FAC-0061,EPINEPHRINE,2023-12-26,2.0
STK-003781,FAC-0061,PARACETAMOL,2023-01-01,158.0
STK-003782,FAC-0061,PARACETAMOL,2023-01-02,184.0
STK-003783,FAC-0061,PARACETAMOL,2023-01-03,147.0
STK-003784,FAC-0061,PARACETAMOL,2023-02-03,116.0
STK-003785,FAC-0061,PARACETAMOL,2023-02-04,174.0
STK-003786,FAC-0061,PARACETAMOL,2023-02-05,130.0
STK-003787,FAC-0061,PARACETAMOL,2023-02-06,168.0
STK-003788,FAC-0061,PARACETAMOL,2023-02-07,168.0
STK-003789,FAC-0061,PARACETAMOL,2023-02-08,151.0
STK-003790,FAC-0061,PARACETAMOL,2023-02-09,181.0
STK-003791,FAC-0061,PARACETAMOL,2023-02-10,203.0
STK-003792,FAC-0061,PARACETAMOL,2023-02-11,171.0
STK-003793,FAC-0061,PARACETAMOL,2023-02-12,175.0
STK-003794,FAC-0061,PARACETAMOL,2023-02-13,157.0
STK-003795,FAC-0061,PARACETAMOL,2023-02-14,146.0
STK-003796,FAC-0061,PARACETAMOL,2023-02-15,150.0
STK-003797,FAC-0061,PARACETAMOL,2023-02-16,172.0
STK-003798,FAC-0061,PARACETAMOL,2023-02-17,190.0
STK-003799,FAC-0061,PARACETAMOL,2023-02-18,140.0
STK-003800,FAC-0061,PARACETAMOL,2023-02-19,165.0
STK-003801,FAC-0061,PARACETAMOL,2023-02-20,142.0
STK-003802,FAC-0061,PARACETAMOL,2023-02-21,163.0
STK-003803,FAC-0061,PARACETAMOL,2023-02-22,160.0
STK-003804,FAC-0061,PARACETAMOL,2023-02-23,136.0
STK-003805,FAC-0061,PARACETAMOL,2023-07-07,376.0
STK-003806,FAC-0061,PARACETAMOL,2023-07-08,407.0
STK-003807,FAC-0061,PARACETAMOL,2023-07-09,346.0
STK-003808,FAC-0061,PARACETAMOL,2023-07-10,381.0
STK-003809,FAC-0061,PARACETAMOL,2023-07-11,448.0
STK-003810,FAC-0061,PARACETAMOL,2023-07-12,402.0
STK-003811,FAC-0061,PARACETAMOL,2023-07-23,34.0
STK-003812,FAC-0061,PARACETAMOL,2023-07-24,537.0
STK-003813,FAC-0061,PARACETAMOL,2023-07-25,466.0
STK-003814,FAC-0061,PARACETAMOL,2023-07-26,406.0
STK-003815,FAC-0061,PARACETAMOL,2023-07-27,446.0
STK-003816,FAC-0061,PARACETAMOL,2023-07-28,511.0
STK-003817,FAC-0061,PARACETAMOL,2023-07-29,440.0
STK-003818,FAC-0061,PARACETAMOL,2023-07-30,475.0
STK-003819,FAC-0061,PARACETAMOL,2023-07-31,460.0
STK-003820,FAC-0061,PARACETAMOL,2023-08-01,549.0
STK-003821,FAC-0061,PARACETAMOL,2023-08-02,496.0
STK-003822,FAC-0061,PARACETAMOL,2023-08-03,389.0
STK-003823,FAC-0061,PARACETAMOL,2023-08-12,20.0
STK-003824,FAC-0061,PARACETAMOL,2023-08-13,417.0
STK-003825,FAC-0061,PARACETAMOL,2023-08-14,613.0
STK-003826,FAC-0061,PARACETAMOL,2023-08-15,538.0
STK-003827,FAC-0061,PARACETAMOL,2023-08-16,609.0
STK-003828,FAC-0061,PARACETAMOL,2023-08-17,612.0
STK-003829,FAC-0061,PARACETAMOL,2023-08-18,558.0
STK-003830,FAC-0061,PARACETAMOL,2023-08-19,642.0
STK-003831,FAC-0061,PARACETAMOL,2023-08-20,438.0
STK-003832,FAC-0061,PARACETAMOL,2023-08-21,465.0
STK-003833,FAC-0061,PARACETAMOL,2023-08-22,577.0
STK-003834,FAC-0061,PARACETAMOL,2023-08-23,587.0
STK-003835,FAC-0061,PARACETAMOL,2023-08-24,475.0
STK-003836,FAC-0061,PARACETAMOL,2023-08-25,617.0
STK-003837,FAC-0061,PARACETAMOL,2023-08-26,597.0
STK-003838,FAC-0061,PARACETAMOL,2023-08-27,642.0
STK-003839,FAC-0061,PARACETAMOL,2023-08-28,604.0
STK-003840,FAC-0061,PARACETAMOL,2023-08-29,582.0
STK-003841,FAC-0061,PARACETAMOL,2023-08-30,552.0
STK-003842,FAC-0061,PARACETAMOL,2023-08-31,709.0
STK-003843,FAC-0061,PARACETAMOL,2023-09-01,553.0
STK-003844,FAC-0061,PARACETAMOL,2023-09-02,743.0
STK-003845,FAC-0061,PARACETAMOL,2023-09-03,732.0
STK-003846,FAC-0061,PARACETAMOL,2023-09-04,559.0
STK-003847,FAC-0061,PARACETAMOL,2023-09-05,504.0
STK-003848,FAC-0061,PARACETAMOL,2023-09-06,652.0
STK-003849,FAC-0061,PARACETAMOL,2023-09-07,612.0
STK-003850,FAC-0061,PARACETAMOL,2023-09-08,573.0
STK-003851,FAC-0061,PARACETAMOL,2023-09-09,597.0
STK-003852,FAC-0061,PARACETAMOL,2023-09-10,452.0
STK-003853,FAC-0061,PARACETAMOL,2023-09-11,625.0
STK-003854,FAC-0061,PARACETAMOL,2023-09-21,235.0
STK-003855,FAC-0061,PARACETAMOL,2023-09-22,489.0
STK-003856,FAC-0061,PARACETAMOL,2023-09-23,479.0
STK-003857,FAC-0061,PARACETAMOL,2023-09-24,620.0
STK-003858,FAC-0061,PARACETAMOL,2023-09-25,456.0
STK-003859,FAC-0061,PARACETAMOL,2023-09-26,659.0
STK-003860,FAC-0061,PARACETAMOL,2023-09-27,453.0
STK-003861,FAC-0061,PARACETAMOL,2023-09-28,487.0
STK-003862,FAC-0061,PARACETAMOL,2023-09-29,481.0
STK-003863,FAC-0061,PARACETAMOL,2023-09-30,700.0
STK-003864,FAC-0061,PARACETAMOL,2023-10-10,112.0
STK-003865,FAC-0061,PARACETAMOL,2023-10-11,322.0
STK-003866,FAC-0061,PARACETAMOL,2023-10-12,393.0
STK-003867,FAC-0061,PARACETAMOL,2023-10-13,523.0
STK-003868,FAC-0061,PARACETAMOL,2023-10-14,452.0
STK-003869,FAC-0061,PARACETAMOL,2023-10-15,396.0
STK-003870,FAC-0061,PARACETAMOL,2023-10-16,355.0
STK-003871,FAC-0061,PARACETAMOL,2023-10-17,445.0
STK-003872,FAC-0061,PARACETAMOL,2023-10-18,415.0
STK-003873,FAC-0061,PARACETAMOL,2023-10-19,429.0
STK-003874,FAC-0061,PARACETAMOL,2023-10-20,469.0
STK-003875,FAC-0061,PARACETAMOL,2023-10-21,392.0
STK-003876,FAC-0061,PARACETAMOL,2023-10-22,261.0
STK-003877,FAC-0061,PARACETAMOL,2023-10-23,267.0
STK-003878,FAC-0061,PARACETAMOL,2023-10-24,435.0
STK-003879,FAC-0061,PARACETAMOL,2023-10-25,373.0
STK-003880,FAC-0061,PARACETAMOL,2023-10-26,387.0
STK-003881,FAC-0061,PARACETAMOL,2023-10-27,303.0
STK-003882,FAC-0061,PARACETAMOL,2023-10-28,379.0
STK-003883,FAC-0061,PARACETAMOL,2023-10-29,367.0
STK-003884,FAC-0061,PARACETAMOL,2023-10-30,296.0
STK-003885,FAC-0061,PARACETAMOL,2023-11-19,118.0
STK-003886,FAC-0061,PARACETAMOL,2023-11-20,168.0
STK-003887,FAC-0061,PARACETAMOL,2023-11-21,172.0
STK-003888,FAC-0061,PARACETAMOL,2023-11-22,188.0
STK-003889,FAC-0061,PARACETAMOL,2023-11-23,187.0
STK-003890,FAC-0061,PARACETAMOL,2023-11-24,150.0
STK-003891,FAC-0061,PARACETAMOL,2023-11-25,226.0
STK-003892,FAC-0061,PARACETAMOL,2023-11-26,139.0
STK-003893,FAC-0061,PARACETAMOL,2023-11-27,195.0
STK-003894,FAC-0061,PARACETAMOL,2023-11-28,231.0
STK-003895,FAC-0061,PARACETAMOL,2023-11-29,167.0
STK-003896,FAC-0061,PARACETAMOL,2023-11-30,143.0
STK-003897,FAC-0061,PARACETAMOL,2023-12-01,147.0
STK-003898,FAC-0061,PARACETAMOL,2023-12-02,187.0
STK-003899,FAC-0061,PARACETAMOL,2023-12-03,144.0
STK-003900,FAC-0061,PARACETAMOL,2023-12-04,229.0
STK-003901,FAC-0061,PARACETAMOL,2023-12-05,206.0
STK-003902,FAC-0061,PARACETAMOL,2023-12-06,164.0
STK-003903,FAC-0061,PARACETAMOL,2023-12-07,177.0
STK-003904,FAC-0061,PARACETAMOL,2023-12-08,172.0
STK-003905,FAC-0061,PARACETAMOL,2023-12-09,162.0
STK-003906,FAC-0061,PARACETAMOL,2023-12-10,131.0
STK-003907,FAC-0061,PARACETAMOL,2023-12-11,155.0
STK-003908,FAC-0061,RIF_INH,2023-01-01,15.0
STK-003909,FAC-0062,EPINEPHRINE,2023-01-07,1.0
STK-003910,FAC-0062,PARACETAMOL,2023-01-01,40.0
STK-003911,FAC-0062,PARACETAMOL,2023-01-02,36.0
STK-003912,FAC-0062,PARACETAMOL,2023-01-03,10.0
STK-003913,FAC-0062,PARACETAMOL,2023-01-04,29.0
STK-003914,FAC-0062,PARACETAMOL,2023-01-05,48.0
STK-003915,FAC-0062,PARACETAMOL,2023-01-06,24.0
STK-003916,FAC-0062,PARACETAMOL,2023-01-07,26.0
STK-003917,FAC-0062,PARACETAMOL,2023-01-08,31.0
STK-003918,FAC-0062,PARACETAMOL,2023-01-09,45.0
STK-003919,FAC-0062,PARACETAMOL,2023-01-10,42.0
STK-003920,FAC-0062,PARACETAMOL,2023-01-11,19.0
STK-003921,FAC-0062,PARACETAMOL,2023-01-12,34.0
STK-003922,FAC-0062,PARACETAMOL,2023-01-13,40.0
STK-003923,FAC-0062,PARACETAMOL,2023-01-14,31.0
STK-003924,FAC-0062,PARACETAMOL,2023-01-15,17.0
STK-003925,FAC-0062,PARACETAMOL,2023-01-16,28.0
STK-003926,FAC-0062,PARACETAMOL,2023-01-17,36.0
STK-003927,FAC-0062,PARACETAMOL,2023-01-18,25.0
STK-003928,FAC-0062,PARACETAMOL,2023-01-19,22.0
STK-003929,FAC-0062,PARACETAMOL,2023-01-20,43.0
STK-003930,FAC-0062,PARACETAMOL,2023-01-21,28.0
STK-003931,FAC-0062,PARACETAMOL,2023-01-22,34.0
STK-003932,FAC-0062,PARACETAMOL,2023-01-23,25.0
STK-003933,FAC-0062,PARACETAMOL,2023-01-24,16.0
STK-003934,FAC-0062,PARACETAMOL,2023-01-25,31.0
STK-003935,FAC-0062,PARACETAMOL,2023-01-26,38.0
STK-003936,FAC-0062,PARACETAMOL,2023-01-27,40.0
STK-003937,FAC-0062,PARACETAMOL,2023-01-28,33.0
STK-003938,FAC-0062,PARACETAMOL,2023-01-29,27.0
STK-003939,FAC-0062,PARACETAMOL,2023-01-30,18.0
STK-003940,FAC-0062,PARACETAMOL,2023-01-31,28.0
STK-003941,FAC-0062,PARACETAMOL,2023-02-01,26.0
STK-003942,FAC-0062,PARACETAMOL,2023-02-02,27.0
STK-003943,FAC-0062,PARACETAMOL,2023-02-03,39.0
STK-003944,FAC-0062,PARACETAMOL,2023-02-04,31.0
STK-003945,FAC-0062,PARACETAMOL,2023-02-05,18.0
STK-003946,FAC-0062,PARACETAMOL,2023-02-06,31.0
STK-003947,FAC-0062,PARACETAMOL,2023-02-07,20.0
STK-003948,FAC-0062,PARACETAMOL,2023-02-08,20.0
STK-003949,FAC-0062,PARACETAMOL,2023-02-09,41.0
STK-003950,FAC-0062,PARACETAMOL,2023-02-10,39.0
STK-003951,FAC-0062,PARACETAMOL,2023-02-11,27.0
STK-003952,FAC-0062,PARACETAMOL,2023-02-12,21.0
STK-003953,FAC-0062,PARACETAMOL,2023-02-13,26.0
STK-003954,FAC-0062,PARACETAMOL,2023-02-14,44.0
STK-003955,FAC-0062,PARACETAMOL,2023-02-15,26.0
STK-003956,FAC-0062,PARACETAMOL,2023-02-16,25.0
STK-003957,FAC-0062,PARACETAMOL,2023-02-17,37.0
STK-003958,FAC-0062,PARACETAMOL,2023-02-18,29.0
STK-003959,FAC-0062,PARACETAMOL,2023-02-19,23.0
STK-003960,FAC-0062,PARACETAMOL,2023-02-20,17.0
STK-003961,FAC-0062,PARACETAMOL,2023-02-21,34.0
STK-003962,FAC-0062,PARACETAMOL,2023-02-22,27.0
STK-003963,FAC-0062,PARACETAMOL,2023-02-23,29.0
STK-003964,FAC-0062,PARACETAMOL,2023-02-24,23.0
STK-003965,FAC-0062,PARACETAMOL,2023-02-25,28.0
STK-003966,FAC-0062,PARACETAMOL,2023-02-26,25.0
STK-003967,FAC-0062,RIF_INH,2023-01-02,5.0
STK-003968,FAC-0062,RIF_INH,2023-01-03,1.0
STK-003969,FAC-0062,RIF_INH,2023-01-05,3.0
STK-003970,FAC-0062,RIF_INH,2023-01-06,1.0
STK-003971,FAC-0062,RIF_INH,2023-01-07,2.0
STK-003972,FAC-0063,EPINEPHRINE,2023-01-15,1.0
STK-003973,FAC-0063,PARACETAMOL,2023-01-01,21.0
STK-003974,FAC-0063,PARACETAMOL,2023-01-02,24.0
STK-003975,FAC-0063,PARACETAMOL,2023-01-03,29.0
STK-003976,FAC-0063,PARACETAMOL,2023-01-04,29.0
STK-003977,FAC-0063,PARACETAMOL,2023-01-05,12.0
STK-003978,FAC-0063,PARACETAMOL,2023-01-06,29.0
STK-003979,FAC-0063,RIF_INH,2023-01-01,3.0
STK-003980,FAC-0063,RIF_INH,2023-01-02,2.0
STK-003981,FAC-0063,RIF_INH,2023-01-03,6.0
STK-003982,FAC-0064,EPINEPHRINE,2023-01-01,1.0
STK-003983,FAC-0064,EPINEPHRINE,2023-01-03,1.0
STK-003984,FAC-0064,EPINEPHRINE,2023-01-07,1.0
STK-003985,FAC-0064,EPINEPHRINE,2023-01-10,2.0
STK-003986,FAC-0064,EPINEPHRINE,2023-01-11,2.0
STK-003987,FAC-0064,EPINEPHRINE,2023-01-12,1.0
STK-003988,FAC-0064,EPINEPHRINE,2023-01-13,1.0
STK-003989,FAC-0064,PARACETAMOL,2023-01-01,77.0
STK-003990,FAC-0064,PARACETAMOL,2023-01-02,109.0
STK-003991,FAC-0064,PARACETAMOL,2023-01-03,86.0
STK-003992,FAC-0064,PARACETAMOL,2023-09-21,315.0
STK-003993,FAC-0064,PARACETAMOL,2023-09-22,315.0
STK-003994,FAC-0064,PARACETAMOL,2023-09-23,310.0
STK-003995,FAC-0064,PARACETAMOL,2023-09-24,274.0
STK-003996,FAC-0064,PARACETAMOL,2023-09-25,343.0
STK-003997,FAC-0064,PARACETAMOL,2023-09-26,258.0
STK-003998,FAC-0064,PARACETAMOL,2023-09-27,348.0
STK-003999,FAC-0064,PARACETAMOL,2023-09-28,306.0
STK-004000,FAC-0064,PARACETAMOL,2023-10-16,117.0
STK-004001,FAC-0064,PARACETAMOL,2023-10-17,223.0
STK-004002,FAC-0064,PARACETAMOL,2023-10-18,217.0
STK-004003,FAC-0064,PARACETAMOL,2023-10-19,220.0
STK-004004,FAC-0064,PARACETAMOL,2023-10-20,220.0
STK-004005,FAC-0064,PARACETAMOL,2023-10-21,280.0
STK-004006,FAC-0064,PARACETAMOL,2023-10-22,241.0
STK-004007,FAC-0064,PARACETAMOL,2023-10-23,238.0
STK-004008,FAC-0064,PARACETAMOL,2023-10-24,167.0
STK-004009,FAC-0064,PARACETAMOL,2023-10-25,228.0
STK-004010,FAC-0064,PARACETAMOL,2023-10-26,218.0
STK-004011,FAC-0064,PARACETAMOL,2023-10-27,199.0
STK-004012,FAC-0064,PARACETAMOL,2023-10-28,170.0
STK-004013,FAC-0064,PARACETAMOL,2023-10-29,233.0
STK-004014,FAC-0064,RIF_INH,2023-01-01,6.0
STK-004015,FAC-0064,RIF_INH,2023-01-02,4.0
STK-004016,FAC-0064,RIF_INH,2023-01-03,12.0
STK-004017,FAC-0064,RIF_INH,2023-01-04,6.0
STK-004018,FAC-0064,RIF_INH,2023-01-05,12.0
STK-004019,FAC-0064,RIF_INH,2023-01-06,3.0
STK-004020,FAC-0064,RIF_INH,2023-01-07,5.0
STK-004021,FAC-0064,RIF_INH,2023-01-08,10.0
STK-004022,FAC-0064,RIF_INH,2023-01-09,6.0
STK-004023,FAC-0064,RIF_INH,2023-01-10,6.0
STK-004024,FAC-0065,EPINEPHRINE,2023-01-01,3.0
STK-004025,FAC-0065,EPINEPHRINE,2023-01-04,1.0
STK-004026,FAC-0065,EPINEPHRINE,2023-01-08,1.0
STK-004027,FAC-0065,EPINEPHRINE,2023-01-10,1.0
STK-004028,FAC-0065,EPINEPHRINE,2023-01-12,4.0
STK-004029,FAC-0065,EPINEPHRINE,2023-01-14,2.0
STK-004030,FAC-0065,EPINEPHRINE,2023-01-16,1.0
STK-004031,FAC-0065,EPINEPHRINE,2023-01-17,1.0
STK-004032,FAC-0065,EPINEPHRINE,2023-01-19,1.0
STK-004033,FAC-0065,EPINEPHRINE,2023-02-23,1.0
STK-004034,FAC-0065,EPINEPHRINE,2023-02-26,1.0
STK-004035,FAC-0065,EPINEPHRINE,2023-03-08,1.0
STK-004036,FAC-0065,EPINEPHRINE,2023-03-09,1.0
STK-004037,FAC-0065,EPINEPHRINE,2023-03-11,1.0
STK-004038,FAC-0065,EPINEPHRINE,2023-03-17,2.0
STK-004039,FAC-0065,EPINEPHRINE,2023-05-04,1.0
STK-004040,FAC-0065,EPINEPHRINE,2023-05-05,1.0
STK-004041,FAC-0065,EPINEPHRINE,2023-05-22,2.0
STK-004042,FAC-0065,EPINEPHRINE,2023-05-30,1.0
STK-004043,FAC-0065,EPINEPHRINE,2023-05-31,1.0
STK-004044,FAC-0065,EPINEPHRINE,2023-06-20,1.0
STK-004045,FAC-0065,EPINEPHRINE,2023-06-24,1.0
STK-004046,FAC-0065,EPINEPHRINE,2023-06-26,2.0
STK-004047,FAC-0065,EPINEPHRINE,2023-06-27,1.0
STK-004048,FAC-0065,EPINEPHRINE,2023-06-30,1.0
STK-004049,FAC-0065,EPINEPHRINE,2023-07-05,1.0
STK-004050,FAC-0065,EPINEPHRINE,2023-07-07,1.0
STK-004051,FAC-0065,EPINEPHRINE,2023-07-09,1.0
STK-004052,FAC-0065,EPINEPHRINE,2023-07-10,1.0
STK-004053,FAC-0065,EPINEPHRINE,2023-07-12,1.0
STK-004054,FAC-0065,EPINEPHRINE,2023-07-15,1.0
STK-004055,FAC-0065,EPINEPHRINE,2023-08-29,1.0
STK-004056,FAC-0065,EPINEPHRINE,2023-09-27,1.0
STK-004057,FAC-0065,EPINEPHRINE,2023-10-17,1.0
STK-004058,FAC-0065,EPINEPHRINE,2023-10-20,1.0
STK-004059,FAC-0065,EPINEPHRINE,2023-10-23,2.0
STK-004060,FAC-0065,EPINEPHRINE,2023-10-26,2.0
STK-004061,FAC-0065,EPINEPHRINE,2023-10-27,2.0
STK-004062,FAC-0065,EPINEPHRINE,2023-10-29,1.0
STK-004063,FAC-0065,EPINEPHRINE,2023-10-30,1.0
STK-004064,FAC-0065,EPINEPHRINE,2023-11-02,1.0
STK-004065,FAC-0065,EPINEPHRINE,2023-11-05,1.0
STK-004066,FAC-0065,EPINEPHRINE,2023-11-07,1.0
STK-004067,FAC-0065,EPINEPHRINE,2023-11-08,2.0
STK-004068,FAC-0065,EPINEPHRINE,2023-11-12,1.0
STK-004069,FAC-0065,EPINEPHRINE,2023-11-13,1.0
STK-004070,FAC-0065,EPINEPHRINE,2023-11-14,1.0
STK-004071,FAC-0065,EPINEPHRINE,2023-12-28,1.0
STK-004072,FAC-0065,PARACETAMOL,2023-01-01,136.0
STK-004073,FAC-0065,PARACETAMOL,2023-01-02,129.0
STK-004074,FAC-0065,PARACETAMOL,2023-01-03,104.0
STK-004075,FAC-0065,PARACETAMOL,2023-01-04,129.0
STK-004076,FAC-0065,PARACETAMOL,2023-01-05,119.0
STK-004077,FAC-0065,PARACETAMOL,2023-01-06,121.0
STK-004078,FAC-0065,PARACETAMOL,2023-07-13,165.0
STK-004079,FAC-0065,PARACETAMOL,2023-07-14,382.0
STK-004080,FAC-0065,PARACETAMOL,2023-07-15,353.0
STK-004081,FAC-0065,PARACETAMOL,2023-07-28,38.0
STK-004082,FAC-0065,PARACETAMOL,2023-07-29,394.0
STK-004083,FAC-0065,PARACETAMOL,2023-07-30,459.0
STK-004084,FAC-0065,PARACETAMOL,2023-07-31,374.0
STK-004085,FAC-0065,PARACETAMOL,2023-08-01,498.0
STK-004086,FAC-0065,PARACETAMOL,2023-08-02,418.0
STK-004087,FAC-0065,PARACETAMOL,2023-08-03,449.0
STK-004088,FAC-0065,PARACETAMOL,2023-08-04,457.0
STK-004089,FAC-0065,PARACETAMOL,2023-08-05,500.0
STK-004090,FAC-0065,PARACETAMOL,2023-08-06,484.0
STK-004091,FAC-0065,PARACETAMOL,2023-08-07,568.0
STK-004092,FAC-0065,PARACETAMOL,2023-08-18,77.0
STK-004093,FAC-0065,PARACETAMOL,2023-08-19,498.0
STK-004094,FAC-0065,PARACETAMOL,2023-08-20,475.0
STK-004095,FAC-0065,PARACETAMOL,2023-08-21,495.0
STK-004096,FAC-0065,PARACETAMOL,2023-08-22,367.0
STK-004097,FAC-0065,PARACETAMOL,2023-08-23,509.0
STK-004098,FAC-0065,PARACETAMOL,2023-08-24,377.0
STK-004099,FAC-0065,PARACETAMOL,2023-08-25,445.0
STK-004100,FAC-0065,PARACETAMOL,2023-08-26,376.0
STK-004101,FAC-0065,PARACETAMOL,2023-08-27,565.0
STK-004102,FAC-0065,PARACETAMOL,2023-08-28,521.0
STK-004103,FAC-0065,PARACETAMOL,2023-09-08,402.0
STK-004104,FAC-0065,PARACETAMOL,2023-09-09,457.0
STK-004105,FAC-0065,PARACETAMOL,2023-09-10,464.0
STK-004106,FAC-0065,PARACETAMOL,2023-09-11,501.0
STK-004107,FAC-0065,PARACETAMOL,2023-09-12,504.0
STK-004108,FAC-0065,PARACETAMOL,2023-09-13,432.0
STK-004109,FAC-0065,PARACETAMOL,2023-09-14,471.0
STK-004110,FAC-0065,PARACETAMOL,2023-09-15,517.0
STK-004111,FAC-0065,PARACETAMOL,2023-09-16,474.0
STK-004112,FAC-0065,PARACETAMOL,2023-09-17,520.0
STK-004113,FAC-0065,PARACETAMOL,2023-09-18,606.0
STK-004114,FAC-0065,PARACETAMOL,2023-09-19,457.0
STK-004115,FAC-0065,PARACETAMOL,2023-09-20,366.0
STK-004116,FAC-0065,PARACETAMOL,2023-09-21,349.0
STK-004117,FAC-0065,PARACETAMOL,2023-09-22,440.0
STK-004118,FAC-0065,PARACETAMOL,2023-09-23,434.0
STK-004119,FAC-0065,PARACETAMOL,2023-09-24,443.0
STK-004120,FAC-0065,PARACETAMOL,2023-09-25,360.0
STK-004121,FAC-0065,PARACETAMOL,2023-09-26,514.0
STK-004122,FAC-0065,PARACETAMOL,2023-09-27,424.0
STK-004123,FAC-0065,PARACETAMOL,2023-09-28,422.0
STK-004124,FAC-0065,PARACETAMOL,2023-10-10,142.0
STK-004125,FAC-0065,PARACETAMOL,2023-10-11,310.0
STK-004126,FAC-0065,PARACETAMOL,2023-10-12,420.0
STK-004127,FAC-0065,PARACETAMOL,2023-10-13,352.0
STK-004128,FAC-0065,PARACETAMOL,2023-10-14,331.0
STK-004129,FAC-0065,PARACETAMOL,2023-10-15,334.0
STK-004130,FAC-0065,PARACETAMOL,2023-10-16,378.0
STK-004131,FAC-0065,PARACETAMOL,2023-10-17,227.0
STK-004132,FAC-0065,PARACETAMOL,2023-10-18,296.0
STK-004133,FAC-0065,PARACETAMOL,2023-10-19,303.0
STK-004134,FAC-0065,PARACETAMOL,2023-10-20,357.0
STK-004135,FAC-0065,PARACETAMOL,2023-10-21,297.0
STK-004136,FAC-0065,PARACETAMOL,2023-10-22,323.0
STK-004137,FAC-0065,PARACETAMOL,2023-10-23,315.0
STK-004138,FAC-0065,PARACETAMOL,2023-10-24,345.0
STK-004139,FAC-0065,PARACETAMOL,2023-10-25,294.0
STK-004140,FAC-0065,PARACETAMOL,2023-10-26,341.0
STK-004141,FAC-0065,PARACETAMOL,2023-10-27,240.0
STK-004142,FAC-0065,PARACETAMOL,2023-10-28,296.0
STK-004143,FAC-0065,PARACETAMOL,2023-10-29,376.0
STK-004144,FAC-0065,PARACETAMOL,2023-10-30,299.0
STK-004145,FAC-0065,PARACETAMOL,2023-10-31,259.0
STK-004146,FAC-0065,PARACETAMOL,2023-11-01,231.0
STK-004147,FAC-0065,PARACETAMOL,2023-11-02,191.0
STK-004148,FAC-0065,PARACETAMOL,2023-11-03,283.0
STK-004149,FAC-0065,PARACETAMOL,2023-11-04,283.0
STK-004150,FAC-0065,PARACETAMOL,2023-11-05,261.0
STK-004151,FAC-0065,PARACETAMOL,2023-11-06,150.0
STK-004152,FAC-0065,PARACETAMOL,2023-11-07,187.0
STK-004153,FAC-0065,PARACETAMOL,2023-11-08,186.0
STK-004154,FAC-0065,PARACETAMOL,2023-11-09,222.0
STK-004155,FAC-0065,PARACETAMOL,2023-11-10,213.0
STK-004156,FAC-0065,PARACETAMOL,2023-11-11,229.0
STK-004157,FAC-0065,PARACETAMOL,2023-11-12,260.0
STK-004158,FAC-0065,PARACETAMOL,2023-11-13,218.0
STK-004159,FAC-0065,PARACETAMOL,2023-11-14,201.0
STK-004160,FAC-0065,PARACETAMOL,2023-11-15,185.0
STK-004161,FAC-0065,PARACETAMOL,2023-11-16,228.0
STK-004162,FAC-0065,PARACETAMOL,2023-11-17,152.0
STK-004163,FAC-0065,PARACETAMOL,2023-11-18,196.0
STK-004164,FAC-0065,PARACETAMOL,2023-11-19,194.0
STK-004165,FAC-0065,PARACETAMOL,2023-11-20,164.0
STK-004166,FAC-0065,PARACETAMOL,2023-11-21,109.0
STK-004167,FAC-0065,PARACETAMOL,2023-11-22,258.0
STK-004168,FAC-0065,PARACETAMOL,2023-11-23,184.0
STK-004169,FAC-0065,PARACETAMOL,2023-11-24,142.0
STK-004170,FAC-0065,PARACETAMOL,2023-11-25,152.0
STK-004171,FAC-0065,PARACETAMOL,2023-11-26,122.0
STK-004172,FAC-0065,PARACETAMOL,2023-11-27,179.0
STK-004173,FAC-0065,PARACETAMOL,2023-11-28,161.0
STK-004174,FAC-0065,PARACETAMOL,2023-11-29,135.0
STK-004175,FAC-0065,RIF_INH,2023-01-01,9.0
STK-004176,FAC-0065,RIF_INH,2023-01-02,13.0
STK-004177,FAC-0065,RIF_INH,2023-01-03,4.0
STK-004178,FAC-0065,RIF_INH,2023-01-04,8.0
STK-004179,FAC-0065,RIF_INH,2023-01-05,11.0
STK-004180,FAC-0065,RIF_INH,2023-01-06,8.0
STK-004181,FAC-0065,RIF_INH,2023-01-07,12.0
STK-004182,FAC-0065,RIF_INH,2023-01-08,8.0
STK-004183,FAC-0065,RIF_INH,2023-01-09,10.0
STK-004184,FAC-0065,RIF_INH,2023-01-10,3.0
STK-004185,FAC-0065,RIF_INH,2023-01-11,7.0
STK-004186,FAC-0066,EPINEPHRINE,2023-01-03,1.0
STK-004187,FAC-0066,EPINEPHRINE,2023-01-09,1.0
STK-004188,FAC-0066,PARACETAMOL,2023-01-01,38.0
STK-004189,FAC-0066,PARACETAMOL,2023-01-02,21.0
STK-004190,FAC-0066,PARACETAMOL,2023-01-03,27.0
STK-004191,FAC-0066,PARACETAMOL,2023-01-04,19.0
STK-004192,FAC-0066,PARACETAMOL,2023-01-05,35.0
STK-004193,FAC-0066,PARACETAMOL,2023-01-06,27.0
STK-004194,FAC-0066,RIF_INH,2023-01-01,1.0
STK-004195,FAC-0066,RIF_INH,2023-01-02,1.0
STK-004196,FAC-0066,RIF_INH,2023-01-03,3.0
STK-004197,FAC-0066,RIF_INH,2023-01-04,3.0
STK-004198,FAC-0066,RIF_INH,2023-01-06,2.0
STK-004199,FAC-0066,RIF_INH,2023-01-07,1.0
STK-004200,FAC-0066,RIF_INH,2023-01-08,1.0
STK-004201,FAC-0066,RIF_INH,2023-01-09,1.0
STK-004202,FAC-0066,RIF_INH,2023-01-11,3.0
STK-004203,FAC-0066,RIF_INH,2023-01-13,3.0
STK-004204,FAC-0066,RIF_INH,2023-01-14,4.0
STK-004205,FAC-0067,EPINEPHRINE,2023-01-10,1.0
STK-004206,FAC-0067,PARACETAMOL,2023-01-01,10.0
STK-004207,FAC-0067,RIF_INH,2023-01-02,1.0
STK-004208,FAC-0067,RIF_INH,2023-01-03,1.0
STK-004209,FAC-0067,RIF_INH,2023-01-04,1.0
STK-004210,FAC-0067,RIF_INH,2023-01-05,1.0
STK-004211,FAC-0067,RIF_INH,2023-01-07,1.0
STK-004212,FAC-0067,RIF_INH,2023-01-08,5.0
STK-004213,FAC-0067,RIF_INH,2023-01-09,1.0
STK-004214,FAC-0067,RIF_INH,2023-01-10,4.0
STK-004215,FAC-0067,RIF_INH,2023-01-11,2.0
STK-004216,FAC-0067,RIF_INH,2023-01-13,2.0
STK-004217,FAC-0067,RIF_INH,2023-01-14,3.0
STK-004218,FAC-0067,RIF_INH,2023-01-16,1.0
STK-004219,FAC-0068,PARACETAMOL,2023-01-01,19.0
STK-004220,FAC-0068,PARACETAMOL,2023-01-02,22.0
STK-004221,FAC-0068,PARACETAMOL,2023-01-03,8.0
STK-004222,FAC-0068,PARACETAMOL,2023-01-04,21.0
STK-004223,FAC-0068,PARACETAMOL,2023-01-05,26.0
STK-004224,FAC-0068,PARACETAMOL,2023-01-06,13.0
STK-004225,FAC-0068,PARACETAMOL,2023-01-07,34.0
STK-004226,FAC-0068,PARACETAMOL,2023-01-08,8.0
STK-004227,FAC-0068,PARACETAMOL,2023-01-09,22.0
STK-004228,FAC-0068,PARACETAMOL,2023-01-10,22.0
STK-004229,FAC-0068,PARACETAMOL,2023-01-11,36.0
STK-004230,FAC-0068,PARACETAMOL,2023-01-12,17.0
STK-004231,FAC-0068,PARACETAMOL,2023-01-13,16.0
STK-004232,FAC-0068,PARACETAMOL,2023-01-14,16.0
STK-004233,FAC-0068,PARACETAMOL,2023-01-15,23.0
STK-004234,FAC-0068,PARACETAMOL,2023-01-16,34.0
STK-004235,FAC-0068,PARACETAMOL,2023-01-17,20.0
STK-004236,FAC-0068,PARACETAMOL,2023-01-18,12.0
STK-004237,FAC-0068,PARACETAMOL,2023-01-19,30.0
STK-004238,FAC-0068,PARACETAMOL,2023-01-20,19.0
STK-004239,FAC-0068,PARACETAMOL,2023-01-21,41.0
STK-004240,FAC-0068,PARACETAMOL,2023-01-22,16.0
STK-004241,FAC-0068,PARACETAMOL,2023-01-23,18.0
STK-004242,FAC-0068,PARACETAMOL,2023-01-24,19.0
STK-004243,FAC-0068,RIF_INH,2023-01-01,3.0
STK-004244,FAC-0068,RIF_INH,2023-01-02,3.0
STK-004245,FAC-0068,RIF_INH,2023-01-05,2.0
STK-004246,FAC-0068,RIF_INH,2023-01-07,3.0
STK-004247,FAC-0068,RIF_INH,2023-01-08,3.0
STK-004248,FAC-0068,RIF_INH,2023-01-09,2.0
STK-004249,FAC-0069,EPINEPHRINE,2023-01-01,1.0
STK-004250,FAC-0069,EPINEPHRINE,2023-01-06,1.0
STK-004251,FAC-0069,PARACETAMOL,2023-01-01,13.0
STK-004252,FAC-0069,PARACETAMOL,2023-01-02,13.0
STK-004253,FAC-0069,PARACETAMOL,2023-01-03,13.0
STK-004254,FAC-0069,PARACETAMOL,2023-01-04,29.0
STK-004255,FAC-0069,PARACETAMOL,2023-01-05,22.0
STK-004256,FAC-0069,PARACETAMOL,2023-01-06,26.0
STK-004257,FAC-0069,RIF_INH,2023-01-01,1.0
STK-004258,FAC-0069,RIF_INH,2023-01-02,3.0
STK-004259,FAC-0069,RIF_INH,2023-01-03,1.0
STK-004260,FAC-0069,RIF_INH,2023-01-05,1.0
STK-004261,FAC-0069,RIF_INH,2023-01-06,3.0
STK-004262,FAC-0069,RIF_INH,2023-01-08,2.0
STK-004263,FAC-0069,RIF_INH,2023-01-09,3.0
STK-004264,FAC-0069,RIF_INH,2023-01-12,2.0
STK-004265,FAC-0069,RIF_INH,2023-01-13,1.0
STK-004266,FAC-0069,RIF_INH,2023-01-14,3.0
STK-004267,FAC-0069,RIF_INH,2023-01-15,3.0
STK-004268,FAC-0069,RIF_INH,2023-01-16,1.0
STK-004269,FAC-0069,RIF_INH,2023-01-17,2.0
STK-004270,FAC-0070,EPINEPHRINE,2023-01-07,1.0
STK-004271,FAC-0070,PARACETAMOL,2023-01-01,28.0
STK-004272,FAC-0070,PARACETAMOL,2023-01-02,19.0
STK-004273,FAC-0070,PARACETAMOL,2023-01-03,12.0
STK-004274,FAC-0070,PARACETAMOL,2023-01-04,16.0
STK-004275,FAC-0070,PARACETAMOL,2023-01-05,16.0
STK-004276,FAC-0070,PARACETAMOL,2023-01-06,22.0
STK-004277,FAC-0070,PARACETAMOL,2023-01-07,26.0
STK-004278,FAC-0070,PARACETAMOL,2023-01-08,19.0
STK-004279,FAC-0070,PARACETAMOL,2023-01-09,32.0
STK-004280,FAC-0070,PARACETAMOL,2023-01-10,23.0
STK-004281,FAC-0070,PARACETAMOL,2023-01-11,25.0
STK-004282,FAC-0070,PARACETAMOL,2023-01-12,19.0
STK-004283,FAC-0070,RIF_INH,2023-01-01,1.0
STK-004284,FAC-0070,RIF_INH,2023-01-02,2.0
STK-004285,FAC-0071,EPINEPHRINE,2023-01-03,1.0
STK-004286,FAC-0071,EPINEPHRINE,2023-01-08,1.0
STK-004287,FAC-0071,EPINEPHRINE,2023-01-20,2.0
STK-004288,FAC-0071,EPINEPHRINE,2023-01-24,1.0
STK-004289,FAC-0071,EPINEPHRINE,2023-01-25,1.0
STK-004290,FAC-0071,EPINEPHRINE,2023-01-26,1.0
STK-004291,FAC-0071,EPINEPHRINE,2023-02-02,1.0
STK-004292,FAC-0071,PARACETAMOL,2023-01-01,20.0
STK-004293,FAC-0071,PARACETAMOL,2023-01-02,42.0
STK-004294,FAC-0071,PARACETAMOL,2023-01-03,31.0
STK-004295,FAC-0071,PARACETAMOL,2023-01-04,33.0
STK-004296,FAC-0071,PARACETAMOL,2023-01-05,12.0
STK-004297,FAC-0071,PARACETAMOL,2023-01-06,18.0
STK-004298,FAC-0071,PARACETAMOL,2023-01-07,29.0
STK-004299,FAC-0071,PARACETAMOL,2023-01-08,16.0
STK-004300,FAC-0071,RIF_INH,2023-01-01,3.0
STK-004301,FAC-0072,EPINEPHRINE,2023-01-01,1.0
STK-004302,FAC-0072,EPINEPHRINE,2023-01-02,1.0
STK-004303,FAC-0072,EPINEPHRINE,2023-01-04,1.0
STK-004304,FAC-0072,PARACETAMOL,2023-01-01,29.0
STK-004305,FAC-0072,PARACETAMOL,2023-01-02,19.0
STK-004306,FAC-0072,PARACETAMOL,2023-01-03,37.0
STK-004307,FAC-0072,PARACETAMOL,2023-01-04,19.0
STK-004308,FAC-0072,PARACETAMOL,2023-01-05,30.0
STK-004309,FAC-0072,PARACETAMOL,2023-01-06,39.0
STK-004310,FAC-0072,PARACETAMOL,2023-01-07,19.0
STK-004311,FAC-0072,PARACETAMOL,2023-01-08,34.0
STK-004312,FAC-0072,PARACETAMOL,2023-01-09,28.0
STK-004313,FAC-0072,PARACETAMOL,2023-01-10,24.0
STK-004314,FAC-0072,PARACETAMOL,2023-01-11,27.0
STK-004315,FAC-0072,PARACETAMOL,2023-01-12,32.0
STK-004316,FAC-0072,PARACETAMOL,2023-01-13,43.0
STK-004317,FAC-0072,PARACETAMOL,2023-01-14,30.0
STK-004318,FAC-0072,PARACETAMOL,2023-01-15,38.0
STK-004319,FAC-0072,PARACETAMOL,2023-01-16,29.0
STK-004320,FAC-0072,PARACETAMOL,2023-01-17,25.0
STK-004321,FAC-0072,PARACETAMOL,2023-01-18,24.0
STK-004322,FAC-0072,PARACETAMOL,2023-01-19,29.0
STK-004323,FAC-0072,PARACETAMOL,2023-01-20,34.0
STK-004324,FAC-0072,PARACETAMOL,2023-01-21,23.0
STK-004325,FAC-0072,PARACETAMOL,2023-01-22,30.0
STK-004326,FAC-0072,PARACETAMOL,2023-01-23,35.0
STK-004327,FAC-0072,PARACETAMOL,2023-01-24,17.0
STK-004328,FAC-0072,PARACETAMOL,2023-01-25,22.0
STK-004329,FAC-0072,PARACETAMOL,2023-01-26,25.0
STK-004330,FAC-0072,PARACETAMOL,2023-01-27,19.0
STK-004331,FAC-0072,PARACETAMOL,2023-01-28,20.0
STK-004332,FAC-0072,PARACETAMOL,2023-01-29,71.0
STK-004333,FAC-0072,PARACETAMOL,2023-01-30,28.0
STK-004334,FAC-0072,RIF_INH,2023-01-01,3.0
STK-004335,FAC-0072,RIF_INH,2023-01-02,2.0
STK-004336,FAC-0072,RIF_INH,2023-01-04,1.0
STK-004337,FAC-0072,RIF_INH,2023-01-05,2.0
STK-004338,FAC-0072,RIF_INH,2023-01-07,2.0
STK-004339,FAC-0072,RIF_INH,2023-01-08,1.0
STK-004340,FAC-0072,RIF_INH,2023-01-10,2.0
STK-004341,FAC-0072,RIF_INH,2023-01-11,2.0
STK-004342,FAC-0072,RIF_INH,2023-01-12,2.0
STK-004343,FAC-0072,RIF_INH,2023-01-14,3.0
STK-004344,FAC-0072,RIF_INH,2023-01-15,2.0
STK-004345,FAC-0072,RIF_INH,2023-01-16,1.0
STK-004346,FAC-0072,RIF_INH,2023-01-17,2.0
STK-004347,FAC-0072,RIF_INH,2023-01-18,2.0
STK-004348,FAC-0073,EPINEPHRINE,2023-02-07,1.0
STK-004349,FAC-0073,EPINEPHRINE,2023-02-09,1.0
STK-004350,FAC-0073,EPINEPHRINE,2023-05-27,1.0
STK-004351,FAC-0073,EPINEPHRINE,2023-05-29,1.0
STK-004352,FAC-0073,EPINEPHRINE,2023-08-02,3.0
STK-004353,FAC-0073,EPINEPHRINE,2023-08-05,3.0
STK-004354,FAC-0073,EPINEPHRINE,2023-08-07,1.0
STK-004355,FAC-0073,EPINEPHRINE,2023-08-09,2.0
STK-004356,FAC-0073,EPINEPHRINE,2023-09-07,1.0
STK-004357,FAC-0073,EPINEPHRINE,2023-09-09,1.0
STK-004358,FAC-0073,PARACETAMOL,2023-01-01,87.0
STK-004359,FAC-0073,PARACETAMOL,2023-01-02,92.0
STK-004360,FAC-0073,PARACETAMOL,2023-01-03,130.0
STK-004361,FAC-0073,PARACETAMOL,2023-01-04,87.0
STK-004362,FAC-0073,PARACETAMOL,2023-01-05,98.0
STK-004363,FAC-0073,PARACETAMOL,2023-09-16,258.0
STK-004364,FAC-0073,PARACETAMOL,2023-09-17,338.0
STK-004365,FAC-0073,PARACETAMOL,2023-09-18,465.0
STK-004366,FAC-0073,PARACETAMOL,2023-09-19,368.0
STK-004367,FAC-0073,PARACETAMOL,2023-09-20,375.0
STK-004368,FAC-0073,PARACETAMOL,2023-09-21,393.0
STK-004369,FAC-0073,PARACETAMOL,2023-09-22,473.0
STK-004370,FAC-0073,PARACETAMOL,2023-09-23,312.0
STK-004371,FAC-0073,PARACETAMOL,2023-09-24,247.0
STK-004372,FAC-0073,PARACETAMOL,2023-09-25,316.0
STK-004373,FAC-0073,PARACETAMOL,2023-09-26,306.0
STK-004374,FAC-0073,PARACETAMOL,2023-09-27,285.0
STK-004375,FAC-0073,PARACETAMOL,2023-10-15,307.0
STK-004376,FAC-0073,PARACETAMOL,2023-10-16,276.0
STK-004377,FAC-0073,PARACETAMOL,2023-10-17,288.0
STK-004378,FAC-0073,PARACETAMOL,2023-10-18,330.0
STK-004379,FAC-0073,PARACETAMOL,2023-10-19,215.0
STK-004380,FAC-0073,PARACETAMOL,2023-10-20,255.0
STK-004381,FAC-0073,PARACETAMOL,2023-10-21,220.0
STK-004382,FAC-0073,PARACETAMOL,2023-10-22,232.0
STK-004383,FAC-0073,PARACETAMOL,2023-10-23,214.0
STK-004384,FAC-0073,PARACETAMOL,2023-10-24,211.0
STK-004385,FAC-0073,PARACETAMOL,2023-10-25,225.0
STK-004386,FAC-0073,PARACETAMOL,2023-10-26,199.0
STK-004387,FAC-0073,PARACETAMOL,2023-10-27,213.0
STK-004388,FAC-0073,PARACETAMOL,2023-10-28,264.0
STK-004389,FAC-0073,PARACETAMOL,2023-10-29,191.0
STK-004390,FAC-0073,PARACETAMOL,2023-10-30,255.0
STK-004391,FAC-0073,PARACETAMOL,2023-10-31,159.0
STK-004392,FAC-0073,PARACETAMOL,2023-11-01,201.0
STK-004393,FAC-0073,PARACETAMOL,2023-11-02,216.0
STK-004394,FAC-0073,PARACETAMOL,2023-11-03,176.0
STK-004395,FAC-0073,PARACETAMOL,2023-11-04,231.0
STK-004396,FAC-0073,PARACETAMOL,2023-11-05,171.0
STK-004397,FAC-0073,PARACETAMOL,2023-11-06,199.0
STK-004398,FAC-0073,PARACETAMOL,2023-11-07,96.0
STK-004399,FAC-0073,PARACETAMOL,2023-11-08,149.0
STK-004400,FAC-0073,RIF_INH,2023-01-01,6.0
STK-004401,FAC-0073,RIF_INH,2023-01-02,8.0
STK-004402,FAC-0073,RIF_INH,2023-01-03,2.0
STK-004403,FAC-0073,RIF_INH,2023-01-04,8.0
STK-004404,FAC-0073,RIF_INH,2023-01-05,9.0
STK-004405,FAC-0074,EPINEPHRINE,2023-01-02,1.0
STK-004406,FAC-0074,EPINEPHRINE,2023-01-25,1.0
STK-004407,FAC-0074,PARACETAMOL,2023-01-01,12.0
STK-004408,FAC-0074,PARACETAMOL,2023-01-02,28.0
STK-004409,FAC-0074,PARACETAMOL,2023-01-03,27.0
STK-004410,FAC-0074,PARACETAMOL,2023-01-04,12.0
STK-004411,FAC-0074,PARACETAMOL,2023-01-05,28.0
STK-004412,FAC-0074,PARACETAMOL,2023-01-06,17.0
STK-004413,FAC-0074,PARACETAMOL,2023-01-07,19.0
STK-004414,FAC-0074,PARACETAMOL,2023-01-08,25.0
STK-004415,FAC-0074,PARACETAMOL,2023-01-09,19.0
STK-004416,FAC-0074,PARACETAMOL,2023-01-10,31.0
STK-004417,FAC-0074,PARACETAMOL,2023-01-11,16.0
STK-004418,FAC-0074,PARACETAMOL,2023-01-12,24.0
STK-004419,FAC-0074,PARACETAMOL,2023-01-13,29.0
STK-004420,FAC-0074,PARACETAMOL,2023-01-14,31.0
STK-004421,FAC-0074,PARACETAMOL,2023-01-15,23.0
STK-004422,FAC-0074,PARACETAMOL,2023-01-16,21.0
STK-004423,FAC-0074,PARACETAMOL,2023-01-17,20.0
STK-004424,FAC-0074,PARACETAMOL,2023-01-18,12.0
STK-004425,FAC-0074,PARACETAMOL,2023-01-19,33.0
STK-004426,FAC-0074,PARACETAMOL,2023-01-20,28.0
STK-004427,FAC-0074,PARACETAMOL,2023-01-21,20.0
STK-004428,FAC-0074,PARACETAMOL,2023-01-22,29.0
STK-004429,FAC-0074,RIF_INH,2023-01-04,1.0
STK-004430,FAC-0074,RIF_INH,2023-01-05,1.0
STK-004431,FAC-0074,RIF_INH,2023-01-07,1.0
STK-004432,FAC-0074,RIF_INH,2023-01-08,1.0
STK-004433,FAC-0074,RIF_INH,2023-01-09,1.0
STK-004434,FAC-0074,RIF_INH,2023-01-10,2.0
STK-004435,FAC-0074,RIF_INH,2023-01-11,1.0
STK-004436,FAC-0074,RIF_INH,2023-01-12,3.0
STK-004437,FAC-0074,RIF_INH,2023-01-13,1.0
STK-004438,FAC-0074,RIF_INH,2023-01-14,2.0
STK-004439,FAC-0074,RIF_INH,2023-01-15,1.0
STK-004440,FAC-0074,RIF_INH,2023-01-16,5.0
STK-004441,FAC-0074,RIF_INH,2023-01-19,5.0
STK-004442,FAC-0074,RIF_INH,2023-01-20,2.0
STK-004443,FAC-0074,RIF_INH,2023-01-24,2.0
STK-004444,FAC-0074,RIF_INH,2023-01-25,2.0
STK-004445,FAC-0075,PARACETAMOL,2023-01-01,23.0
STK-004446,FAC-0075,PARACETAMOL,2023-01-02,29.0
STK-004447,FAC-0075,PARACETAMOL,2023-01-03,24.0
STK-004448,FAC-0075,PARACETAMOL,2023-01-04,35.0
STK-004449,FAC-0075,RIF_INH,2023-01-01,2.0
STK-004450,FAC-0075,RIF_INH,2023-01-03,1.0
STK-004451,FAC-0075,RIF_INH,2023-01-04,2.0
STK-004452,FAC-0075,RIF_INH,2023-01-05,3.0
STK-004453,FAC-0075,RIF_INH,2023-01-06,4.0
STK-004454,FAC-0075,RIF_INH,2023-01-07,1.0
STK-004455,FAC-0075,RIF_INH,2023-01-08,2.0
STK-004456,FAC-0075,RIF_INH,2023-01-09,3.0
STK-004457,FAC-0075,RIF_INH,2023-01-10,2.0
STK-004458,FAC-0075,RIF_INH,2023-01-11,3.0
STK-004459,FAC-0075,RIF_INH,2023-01-12,4.0
STK-004460,FAC-0075,RIF_INH,2023-01-13,4.0
STK-004461,FAC-0075,RIF_INH,2023-01-15,2.0
STK-004462,FAC-0075,RIF_INH,2023-01-16,2.0
STK-004463,FAC-0075,RIF_INH,2023-01-17,1.0
STK-004464,FAC-0075,RIF_INH,2023-01-18,1.0
STK-004465,FAC-0075,RIF_INH,2023-01-19,3.0
STK-004466,FAC-0075,RIF_INH,2023-01-20,3.0
STK-004467,FAC-0075,RIF_INH,2023-01-21,2.0
STK-004468,FAC-0075,RIF_INH,2023-01-22,1.0
STK-004469,FAC-0075,RIF_INH,2023-01-23,2.0
STK-004470,FAC-0075,RIF_INH,2023-01-24,2.0
STK-004471,FAC-0075,RIF_INH,2023-01-25,4.0
STK-004472,FAC-0075,RIF_INH,2023-01-26,5.0
STK-004473,FAC-0075,RIF_INH,2023-01-27,2.0
STK-004474,FAC-0075,RIF_INH,2023-01-28,1.0
STK-004475,FAC-0075,RIF_INH,2023-01-30,2.0
STK-004476,FAC-0075,RIF_INH,2023-01-31,3.0
STK-004477,FAC-0075,RIF_INH,2023-02-02,1.0
STK-004478,FAC-0076,EPINEPHRINE,2023-01-03,1.0
STK-004479,FAC-0076,EPINEPHRINE,2023-01-07,1.0
STK-004480,FAC-0076,PARACETAMOL,2023-01-01,42.0
STK-004481,FAC-0076,PARACETAMOL,2023-01-02,38.0
STK-004482,FAC-0076,PARACETAMOL,2023-01-03,26.0
STK-004483,FAC-0076,PARACETAMOL,2023-01-04,33.0
STK-004484,FAC-0076,PARACETAMOL,2023-01-05,20.0
STK-004485,FAC-0076,PARACETAMOL,2023-01-06,13.0
STK-004486,FAC-0076,PARACETAMOL,2023-01-07,40.0
STK-004487,FAC-0076,PARACETAMOL,2023-01-08,18.0
STK-004488,FAC-0076,PARACETAMOL,2023-01-09,26.0
STK-004489,FAC-0076,PARACETAMOL,2023-01-10,37.0
STK-004490,FAC-0076,RIF_INH,2023-01-01,4.0
STK-004491,FAC-0076,RIF_INH,2023-01-02,2.0
STK-004492,FAC-0076,RIF_INH,2023-01-03,2.0
STK-004493,FAC-0076,RIF_INH,2023-01-04,1.0
STK-004494,FAC-0076,RIF_INH,2023-01-05,3.0
STK-004495,FAC-0076,RIF_INH,2023-01-06,2.0
STK-004496,FAC-0077,EPINEPHRINE,2023-01-01,2.0
STK-004497,FAC-0077,EPINEPHRINE,2023-01-02,1.0
STK-004498,FAC-0077,PARACETAMOL,2023-01-01,13.0
STK-004499,FAC-0077,PARACETAMOL,2023-01-02,11.0
STK-004500,FAC-0077,PARACETAMOL,2023-01-03,18.0
STK-004501,FAC-0077,PARACETAMOL,2023-01-04,29.0
STK-004502,FAC-0077,PARACETAMOL,2023-01-05,28.0
STK-004503,FAC-0077,PARACETAMOL,2023-01-06,32.0
STK-004504,FAC-0077,RIF_INH,2023-01-01,1.0
STK-004505,FAC-0077,RIF_INH,2023-01-02,3.0
STK-004506,FAC-0078,EPINEPHRINE,2023-01-01,1.0
STK-004507,FAC-0078,EPINEPHRINE,2023-01-03,1.0
STK-004508,FAC-0078,EPINEPHRINE,2023-01-16,1.0
STK-004509,FAC-0078,EPINEPHRINE,2023-01-18,1.0
STK-004510,FAC-0078,EPINEPHRINE,2023-01-19,1.0
STK-004511,FAC-0078,EPINEPHRINE,2023-01-22,1.0
STK-004512,FAC-0078,EPINEPHRINE,2023-01-26,1.0
STK-004513,FAC-0078,EPINEPHRINE,2023-01-27,1.0
STK-004514,FAC-0078,EPINEPHRINE,2023-01-30,1.0
STK-004515,FAC-0078,EPINEPHRINE,2023-02-18,1.0
STK-004516,FAC-0078,EPINEPHRINE,2023-02-20,1.0
STK-004517,FAC-0078,EPINEPHRINE,2023-02-23,1.0
STK-004518,FAC-0078,EPINEPHRINE,2023-02-24,1.0
STK-004519,FAC-0078,EPINEPHRINE,2023-03-01,1.0
STK-004520,FAC-0078,EPINEPHRINE,2023-03-04,2.0
STK-004521,FAC-0078,EPINEPHRINE,2023-04-20,2.0
STK-004522,FAC-0078,EPINEPHRINE,2023-04-25,1.0
STK-004523,FAC-0078,EPINEPHRINE,2023-04-26,1.0
STK-004524,FAC-0078,EPINEPHRINE,2023-04-28,1.0
STK-004525,FAC-0078,EPINEPHRINE,2023-04-29,1.0
STK-004526,FAC-0078,EPINEPHRINE,2023-05-03,2.0
STK-004527,FAC-0078,EPINEPHRINE,2023-05-22,1.0
STK-004528,FAC-0078,EPINEPHRINE,2023-05-26,1.0
STK-004529,FAC-0078,EPINEPHRINE,2023-05-29,1.0
STK-004530,FAC-0078,EPINEPHRINE,2023-05-30,1.0
STK-004531,FAC-0078,EPINEPHRINE,2023-05-31,1.0
STK-004532,FAC-0078,EPINEPHRINE,2023-06-29,2.0
STK-004533,FAC-0078,EPINEPHRINE,2023-07-26,1.0
STK-004534,FAC-0078,EPINEPHRINE,2023-07-27,1.0
STK-004535,FAC-0078,EPINEPHRINE,2023-08-02,2.0
STK-004536,FAC-0078,EPINEPHRINE,2023-10-18,1.0
STK-004537,FAC-0078,EPINEPHRINE,2023-10-19,1.0
STK-004538,FAC-0078,EPINEPHRINE,2023-10-23,1.0
STK-004539,FAC-0078,EPINEPHRINE,2023-10-25,1.0
STK-004540,FAC-0078,EPINEPHRINE,2023-10-26,1.0
STK-004541,FAC-0078,EPINEPHRINE,2023-10-28,2.0
STK-004542,FAC-0078,EPINEPHRINE,2023-10-29,3.0
STK-004543,FAC-0078,EPINEPHRINE,2023-10-31,1.0
STK-004544,FAC-0078,EPINEPHRINE,2023-11-03,1.0
STK-004545,FAC-0078,EPINEPHRINE,2023-11-06,1.0
STK-004546,FAC-0078,EPINEPHRINE,2023-11-07,1.0
STK-004547,FAC-0078,EPINEPHRINE,2023-11-08,2.0
STK-004548,FAC-0078,EPINEPHRINE,2023-11-10,2.0
STK-004549,FAC-0078,EPINEPHRINE,2023-11-13,1.0
STK-004550,FAC-0078,EPINEPHRINE,2023-11-14,2.0
STK-004551,FAC-0078,EPINEPHRINE,2023-11-17,1.0
STK-004552,FAC-0078,PARACETAMOL,2023-01-01,98.0
STK-004553,FAC-0078,PARACETAMOL,2023-01-02,166.0
STK-004554,FAC-0078,PARACETAMOL,2023-01-03,118.0
STK-004555,FAC-0078,PARACETAMOL,2023-01-04,131.0
STK-004556,FAC-0078,PARACETAMOL,2023-01-05,136.0
STK-004557,FAC-0078,PARACETAMOL,2023-01-06,151.0
STK-004558,FAC-0078,PARACETAMOL,2023-01-07,93.0
STK-004559,FAC-0078,PARACETAMOL,2023-01-08,132.0
STK-004560,FAC-0078,PARACETAMOL,2023-01-09,130.0
STK-004561,FAC-0078,PARACETAMOL,2023-08-11,220.0
STK-004562,FAC-0078,PARACETAMOL,2023-08-12,388.0
STK-004563,FAC-0078,PARACETAMOL,2023-08-13,454.0
STK-004564,FAC-0078,PARACETAMOL,2023-08-14,454.0
STK-004565,FAC-0078,PARACETAMOL,2023-08-15,450.0
STK-004566,FAC-0078,PARACETAMOL,2023-08-16,473.0
STK-004567,FAC-0078,PARACETAMOL,2023-08-17,496.0
STK-004568,FAC-0078,PARACETAMOL,2023-08-18,489.0
STK-004569,FAC-0078,PARACETAMOL,2023-08-19,438.0
STK-004570,FAC-0078,PARACETAMOL,2023-08-20,580.0
STK-004571,FAC-0078,PARACETAMOL,2023-08-21,505.0
STK-004572,FAC-0078,PARACETAMOL,2023-08-22,353.0
STK-004573,FAC-0078,PARACETAMOL,2023-08-23,426.0
STK-004574,FAC-0078,PARACETAMOL,2023-08-24,566.0
STK-004575,FAC-0078,PARACETAMOL,2023-08-25,410.0
STK-004576,FAC-0078,PARACETAMOL,2023-08-26,433.0
STK-004577,FAC-0078,PARACETAMOL,2023-08-27,496.0
STK-004578,FAC-0078,PARACETAMOL,2023-08-28,439.0
STK-004579,FAC-0078,PARACETAMOL,2023-09-08,35.0
STK-004580,FAC-0078,PARACETAMOL,2023-09-09,562.0
STK-004581,FAC-0078,PARACETAMOL,2023-09-10,401.0
STK-004582,FAC-0078,PARACETAMOL,2023-09-11,365.0
STK-004583,FAC-0078,PARACETAMOL,2023-09-12,520.0
STK-004584,FAC-0078,PARACETAMOL,2023-09-13,478.0
STK-004585,FAC-0078,PARACETAMOL,2023-09-14,365.0
STK-004586,FAC-0078,PARACETAMOL,2023-09-15,334.0
STK-004587,FAC-0078,PARACETAMOL,2023-09-16,525.0
STK-004588,FAC-0078,PARACETAMOL,2023-09-17,490.0
STK-004589,FAC-0078,PARACETAMOL,2023-09-18,428.0
STK-004590,FAC-0078,PARACETAMOL,2023-09-19,414.0
STK-004591,FAC-0078,PARACETAMOL,2023-09-20,397.0
STK-004592,FAC-0078,PARACETAMOL,2023-09-21,384.0
STK-004593,FAC-0078,PARACETAMOL,2023-09-22,398.0
STK-004594,FAC-0078,PARACETAMOL,2023-09-23,410.0
STK-004595,FAC-0078,PARACETAMOL,2023-09-24,342.0
STK-004596,FAC-0078,PARACETAMOL,2023-09-25,389.0
STK-004597,FAC-0078,PARACETAMOL,2023-09-26,435.0
STK-004598,FAC-0078,PARACETAMOL,2023-09-27,314.0
STK-004599,FAC-0078,PARACETAMOL,2023-09-28,400.0
STK-004600,FAC-0078,PARACETAMOL,2023-09-29,410.0
STK-004601,FAC-0078,PARACETAMOL,2023-10-12,179.0
STK-004602,FAC-0078,PARACETAMOL,2023-10-13,374.0
STK-004603,FAC-0078,PARACETAMOL,2023-10-14,301.0
STK-004604,FAC-0078,PARACETAMOL,2023-10-15,422.0
STK-004605,FAC-0078,PARACETAMOL,2023-10-16,357.0
STK-004606,FAC-0078,PARACETAMOL,2023-10-17,432.0
STK-004607,FAC-0078,PARACETAMOL,2023-10-18,302.0
STK-004608,FAC-0078,PARACETAMOL,2023-10-19,475.0
STK-004609,FAC-0078,PARACETAMOL,2023-10-20,349.0
STK-004610,FAC-0078,PARACETAMOL,2023-10-21,320.0
STK-004611,FAC-0078,PARACETAMOL,2023-10-22,269.0
STK-004612,FAC-0078,PARACETAMOL,2023-10-23,276.0
STK-004613,FAC-0078,PARACETAMOL,2023-10-24,318.0
STK-004614,FAC-0078,PARACETAMOL,2023-10-25,251.0
STK-004615,FAC-0078,PARACETAMOL,2023-10-26,232.0
STK-004616,FAC-0078,PARACETAMOL,2023-10-27,304.0
STK-004617,FAC-0078,PARACETAMOL,2023-10-28,373.0
STK-004618,FAC-0078,PARACETAMOL,2023-11-21,138.0
STK-004619,FAC-0078,PARACETAMOL,2023-11-22,156.0
STK-004620,FAC-0078,PARACETAMOL,2023-11-23,128.0
STK-004621,FAC-0078,PARACETAMOL,2023-11-24,127.0
STK-004622,FAC-0078,PARACETAMOL,2023-11-25,171.0
STK-004623,FAC-0078,PARACETAMOL,2023-11-26,103.0
STK-004624,FAC-0078,PARACETAMOL,2023-11-27,191.0
STK-004625,FAC-0078,PARACETAMOL,2023-11-28,157.0
STK-004626,FAC-0078,PARACETAMOL,2023-11-29,123.0
STK-004627,FAC-0078,PARACETAMOL,2023-11-30,117.0
STK-004628,FAC-0078,RIF_INH,2023-01-01,4.0
STK-004629,FAC-0078,RIF_INH,2023-01-02,7.0
STK-004630,FAC-0078,RIF_INH,2023-01-03,10.0
STK-004631,FAC-0078,RIF_INH,2023-01-04,7.0
STK-004632,FAC-0078,RIF_INH,2023-01-05,12.0
STK-004633,FAC-0079,EPINEPHRINE,2023-01-03,1.0
STK-004634,FAC-0079,EPINEPHRINE,2023-01-15,2.0
STK-004635,FAC-0079,EPINEPHRINE,2023-01-19,1.0
STK-004636,FAC-0079,EPINEPHRINE,2023-01-25,1.0
STK-004637,FAC-0079,EPINEPHRINE,2023-01-28,1.0
STK-004638,FAC-0079,PARACETAMOL,2023-01-01,39.0
STK-004639,FAC-0079,PARACETAMOL,2023-01-02,17.0
STK-004640,FAC-0079,PARACETAMOL,2023-01-03,32.0
STK-004641,FAC-0079,RIF_INH,2023-01-01,2.0
STK-004642,FAC-0080,EPINEPHRINE,2023-01-04,1.0
STK-004643,FAC-0080,EPINEPHRINE,2023-01-05,1.0
STK-004644,FAC-0080,EPINEPHRINE,2023-01-09,1.0
STK-004645,FAC-0080,EPINEPHRINE,2023-02-20,1.0
STK-004646,FAC-0080,EPINEPHRINE,2023-02-24,1.0
STK-004647,FAC-0080,EPINEPHRINE,2023-02-26,1.0
STK-004648,FAC-0080,EPINEPHRINE,2023-02-28,1.0
STK-004649,FAC-0080,PARACETAMOL,2023-01-01,71.0
STK-004650,FAC-0080,PARACETAMOL,2023-01-02,60.0
STK-004651,FAC-0080,PARACETAMOL,2023-01-03,95.0
STK-004652,FAC-0080,PARACETAMOL,2023-01-04,53.0
STK-004653,FAC-0080,PARACETAMOL,2023-01-05,57.0
STK-004654,FAC-0080,PARACETAMOL,2023-01-06,60.0
STK-004655,FAC-0080,PARACETAMOL,2023-01-07,59.0
STK-004656,FAC-0080,PARACETAMOL,2023-01-08,89.0
STK-004657,FAC-0080,PARACETAMOL,2023-01-09,49.0
STK-004658,FAC-0080,PARACETAMOL,2023-01-10,65.0
STK-004659,FAC-0080,PARACETAMOL,2023-01-11,65.0
STK-004660,FAC-0080,PARACETAMOL,2023-01-12,65.0
STK-004661,FAC-0080,PARACETAMOL,2023-01-13,54.0
STK-004662,FAC-0080,PARACETAMOL,2023-01-14,53.0
STK-004663,FAC-0080,PARACETAMOL,2023-01-15,65.0
STK-004664,FAC-0080,PARACETAMOL,2023-01-16,65.0
STK-004665,FAC-0080,PARACETAMOL,2023-01-17,69.0
STK-004666,FAC-0080,PARACETAMOL,2023-01-18,75.0
STK-004667,FAC-0080,PARACETAMOL,2023-01-19,48.0
STK-004668,FAC-0080,PARACETAMOL,2023-01-20,71.0
STK-004669,FAC-0080,PARACETAMOL,2023-01-21,44.0
STK-004670,FAC-0080,PARACETAMOL,2023-01-22,49.0
STK-004671,FAC-0080,PARACETAMOL,2023-01-23,78.0
STK-004672,FAC-0080,PARACETAMOL,2023-01-24,51.0
STK-004673,FAC-0080,PARACETAMOL,2023-01-25,39.0
STK-004674,FAC-0080,PARACETAMOL,2023-01-26,62.0
STK-004675,FAC-0080,RIF_INH,2023-01-01,2.0
STK-004676,FAC-0081,EPINEPHRINE,2023-01-01,1.0
STK-004677,FAC-0081,EPINEPHRINE,2023-01-02,1.0
STK-004678,FAC-0081,EPINEPHRINE,2023-01-03,1.0
STK-004679,FAC-0081,EPINEPHRINE,2023-01-04,1.0
STK-004680,FAC-0081,EPINEPHRINE,2023-01-12,1.0
STK-004681,FAC-0081,EPINEPHRINE,2023-01-13,1.0
STK-004682,FAC-0081,EPINEPHRINE,2023-01-14,1.0
STK-004683,FAC-0081,EPINEPHRINE,2023-03-06,1.0
STK-004684,FAC-0081,EPINEPHRINE,2023-03-25,1.0
STK-004685,FAC-0081,EPINEPHRINE,2023-03-27,1.0
STK-004686,FAC-0081,EPINEPHRINE,2023-03-28,2.0
STK-004687,FAC-0081,EPINEPHRINE,2023-03-30,1.0
STK-004688,FAC-0081,EPINEPHRINE,2023-04-03,3.0
STK-004689,FAC-0081,EPINEPHRINE,2023-04-04,1.0
STK-004690,FAC-0081,EPINEPHRINE,2023-04-06,1.0
STK-004691,FAC-0081,EPINEPHRINE,2023-04-10,1.0
STK-004692,FAC-0081,EPINEPHRINE,2023-04-12,1.0
STK-004693,FAC-0081,EPINEPHRINE,2023-04-13,1.0
STK-004694,FAC-0081,EPINEPHRINE,2023-04-14,1.0
STK-004695,FAC-0081,EPINEPHRINE,2023-04-15,1.0
STK-004696,FAC-0081,EPINEPHRINE,2023-05-19,1.0
STK-004697,FAC-0081,EPINEPHRINE,2023-05-22,1.0
STK-004698,FAC-0081,EPINEPHRINE,2023-05-23,1.0
STK-004699,FAC-0081,EPINEPHRINE,2023-05-24,1.0
STK-004700,FAC-0081,EPINEPHRINE,2023-06-19,4.0
STK-004701,FAC-0081,EPINEPHRINE,2023-06-20,1.0
STK-004702,FAC-0081,EPINEPHRINE,2023-06-21,2.0
STK-004703,FAC-0081,EPINEPHRINE,2023-06-24,1.0
STK-004704,FAC-0081,EPINEPHRINE,2023-06-28,1.0
STK-004705,FAC-0081,EPINEPHRINE,2023-07-29,4.0
STK-004706,FAC-0081,EPINEPHRINE,2023-07-31,1.0
STK-004707,FAC-0081,EPINEPHRINE,2023-08-01,1.0
STK-004708,FAC-0081,EPINEPHRINE,2023-08-02,1.0
STK-004709,FAC-0081,EPINEPHRINE,2023-08-08,1.0
STK-004710,FAC-0081,EPINEPHRINE,2023-08-12,1.0
STK-004711,FAC-0081,EPINEPHRINE,2023-08-14,1.0
STK-004712,FAC-0081,EPINEPHRINE,2023-08-15,1.0
STK-004713,FAC-0081,EPINEPHRINE,2023-10-01,1.0
STK-004714,FAC-0081,EPINEPHRINE,2023-10-03,1.0
STK-004715,FAC-0081,EPINEPHRINE,2023-10-04,1.0
STK-004716,FAC-0081,EPINEPHRINE,2023-10-06,1.0
STK-004717,FAC-0081,EPINEPHRINE,2023-10-09,1.0
STK-004718,FAC-0081,EPINEPHRINE,2023-10-11,1.0
STK-004719,FAC-0081,EPINEPHRINE,2023-10-13,1.0
STK-004720,FAC-0081,EPINEPHRINE,2023-10-16,2.0
STK-004721,FAC-0081,EPINEPHRINE,2023-10-18,1.0
STK-004722,FAC-0081,EPINEPHRINE,2023-10-20,1.0
STK-004723,FAC-0081,EPINEPHRINE,2023-10-22,2.0
STK-004724,FAC-0081,EPINEPHRINE,2023-10-23,1.0
STK-004725,FAC-0081,EPINEPHRINE,2023-11-23,1.0
STK-004726,FAC-0081,EPINEPHRINE,2023-11-25,1.0
STK-004727,FAC-0081,EPINEPHRINE,2023-11-28,1.0
STK-004728,FAC-0081,EPINEPHRINE,2023-12-04,1.0
STK-004729,FAC-0081,EPINEPHRINE,2023-12-05,1.0
STK-004730,FAC-0081,EPINEPHRINE,2023-12-06,1.0
STK-004731,FAC-0081,EPINEPHRINE,2023-12-07,1.0
STK-004732,FAC-0081,EPINEPHRINE,2023-12-08,1.0
STK-004733,FAC-0081,EPINEPHRINE,2023-12-29,1.0
STK-004734,FAC-0081,EPINEPHRINE,2023-12-30,1.0
STK-004735,FAC-0081,PARACETAMOL,2023-01-01,109.0
STK-004736,FAC-0081,PARACETAMOL,2023-01-02,160.0
STK-004737,FAC-0081,PARACETAMOL,2023-01-03,138.0
STK-004738,FAC-0081,PARACETAMOL,2023-01-04,147.0
STK-004739,FAC-0081,PARACETAMOL,2023-02-09,4.0
STK-004740,FAC-0081,PARACETAMOL,2023-02-10,147.0
STK-004741,FAC-0081,PARACETAMOL,2023-02-11,111.0
STK-004742,FAC-0081,PARACETAMOL,2023-02-12,156.0
STK-004743,FAC-0081,PARACETAMOL,2023-02-13,158.0
STK-004744,FAC-0081,PARACETAMOL,2023-02-14,131.0
STK-004745,FAC-0081,PARACETAMOL,2023-07-11,65.0
STK-004746,FAC-0081,PARACETAMOL,2023-07-25,191.0
STK-004747,FAC-0081,PARACETAMOL,2023-07-26,431.0
STK-004748,FAC-0081,PARACETAMOL,2023-07-27,334.0
STK-004749,FAC-0081,PARACETAMOL,2023-07-28,404.0
STK-004750,FAC-0081,PARACETAMOL,2023-07-29,392.0
STK-004751,FAC-0081,PARACETAMOL,2023-07-30,365.0
STK-004752,FAC-0081,PARACETAMOL,2023-07-31,451.0
STK-004753,FAC-0081,PARACETAMOL,2023-08-01,362.0
STK-004754,FAC-0081,PARACETAMOL,2023-08-02,473.0
STK-004755,FAC-0081,PARACETAMOL,2023-08-03,485.0
STK-004756,FAC-0081,PARACETAMOL,2023-08-04,541.0
STK-004757,FAC-0081,PARACETAMOL,2023-08-15,482.0
STK-004758,FAC-0081,PARACETAMOL,2023-08-16,422.0
STK-004759,FAC-0081,PARACETAMOL,2023-08-17,488.0
STK-004760,FAC-0081,PARACETAMOL,2023-08-18,511.0
STK-004761,FAC-0081,PARACETAMOL,2023-08-19,468.0
STK-004762,FAC-0081,PARACETAMOL,2023-08-20,456.0
STK-004763,FAC-0081,PARACETAMOL,2023-08-21,471.0
STK-004764,FAC-0081,PARACETAMOL,2023-08-22,701.0
STK-004765,FAC-0081,PARACETAMOL,2023-08-23,448.0
STK-004766,FAC-0081,PARACETAMOL,2023-08-24,503.0
STK-004767,FAC-0081,PARACETAMOL,2023-08-25,451.0
STK-004768,FAC-0081,PARACETAMOL,2023-08-26,575.0
STK-004769,FAC-0081,PARACETAMOL,2023-08-27,450.0
STK-004770,FAC-0081,PARACETAMOL,2023-08-28,575.0
STK-004771,FAC-0081,PARACETAMOL,2023-08-29,538.0
STK-004772,FAC-0081,PARACETAMOL,2023-08-30,489.0
STK-004773,FAC-0081,PARACETAMOL,2023-08-31,408.0
STK-004774,FAC-0081,PARACETAMOL,2023-09-01,566.0
STK-004775,FAC-0081,PARACETAMOL,2023-09-02,566.0
STK-004776,FAC-0081,PARACETAMOL,2023-09-03,400.0
STK-004777,FAC-0081,PARACETAMOL,2023-09-04,496.0
STK-004778,FAC-0081,PARACETAMOL,2023-09-05,299.0
STK-004779,FAC-0081,PARACETAMOL,2023-09-06,545.0
STK-004780,FAC-0081,PARACETAMOL,2023-09-07,414.0
STK-004781,FAC-0081,PARACETAMOL,2023-09-08,472.0
STK-004782,FAC-0081,PARACETAMOL,2023-09-09,488.0
STK-004783,FAC-0081,PARACETAMOL,2023-09-10,446.0
STK-004784,FAC-0081,PARACETAMOL,2023-09-11,407.0
STK-004785,FAC-0081,PARACETAMOL,2023-09-12,409.0
STK-004786,FAC-0081,PARACETAMOL,2023-09-13,487.0
STK-004787,FAC-0081,PARACETAMOL,2023-09-24,213.0
STK-004788,FAC-0081,PARACETAMOL,2023-09-25,356.0
STK-004789,FAC-0081,PARACETAMOL,2023-09-26,513.0
STK-004790,FAC-0081,PARACETAMOL,2023-09-27,539.0
STK-004791,FAC-0081,PARACETAMOL,2023-09-28,416.0
STK-004792,FAC-0081,PARACETAMOL,2023-09-29,510.0
STK-004793,FAC-0081,PARACETAMOL,2023-10-12,295.0
STK-004794,FAC-0081,PARACETAMOL,2023-10-13,446.0
STK-004795,FAC-0081,PARACETAMOL,2023-10-14,507.0
STK-004796,FAC-0081,PARACETAMOL,2023-10-15,355.0
STK-004797,FAC-0081,PARACETAMOL,2023-10-16,416.0
STK-004798,FAC-0081,PARACETAMOL,2023-10-17,388.0
STK-004799,FAC-0081,PARACETAMOL,2023-10-18,403.0
STK-004800,FAC-0081,PARACETAMOL,2023-10-19,292.0
STK-004801,FAC-0081,PARACETAMOL,2023-10-20,391.0
STK-004802,FAC-0081,PARACETAMOL,2023-10-21,369.0
STK-004803,FAC-0081,PARACETAMOL,2023-10-22,298.0
STK-004804,FAC-0081,PARACETAMOL,2023-10-23,350.0
STK-004805,FAC-0081,PARACETAMOL,2023-10-24,368.0
STK-004806,FAC-0081,PARACETAMOL,2023-10-25,318.0
STK-004807,FAC-0081,PARACETAMOL,2023-10-26,290.0
STK-004808,FAC-0081,PARACETAMOL,2023-10-27,328.0
STK-004809,FAC-0081,PARACETAMOL,2023-10-28,188.0
STK-004810,FAC-0081,PARACETAMOL,2023-10-29,279.0
STK-004811,FAC-0081,PARACETAMOL,2023-10-30,217.0
STK-004812,FAC-0081,PARACETAMOL,2023-10-31,235.0
STK-004813,FAC-0081,PARACETAMOL,2023-11-01,295.0
STK-004814,FAC-0081,PARACETAMOL,2023-11-02,266.0
STK-004815,FAC-0081,PARACETAMOL,2023-11-26,100.0
STK-004816,FAC-0081,PARACETAMOL,2023-11-27,162.0
STK-004817,FAC-0081,PARACETAMOL,2023-11-28,138.0
STK-004818,FAC-0081,PARACETAMOL,2023-11-29,158.0
STK-004819,FAC-0081,PARACETAMOL,2023-11-30,157.0
STK-004820,FAC-0081,PARACETAMOL,2023-12-01,161.0
STK-004821,FAC-0081,PARACETAMOL,2023-12-02,124.0
STK-004822,FAC-0081,PARACETAMOL,2023-12-03,119.0
STK-004823,FAC-0081,PARACETAMOL,2023-12-04,140.0
STK-004824,FAC-0081,RIF_INH,2023-01-01,7.0
STK-004825,FAC-0081,RIF_INH,2023-01-02,5.0
STK-004826,FAC-0082,EPINEPHRINE,2023-01-01,1.0
STK-004827,FAC-0082,PARACETAMOL,2023-01-01,24.0
STK-004828,FAC-0082,PARACETAMOL,2023-01-02,20.0
STK-004829,FAC-0082,PARACETAMOL,2023-01-03,32.0
STK-004830,FAC-0082,PARACETAMOL,2023-01-04,46.0
STK-004831,FAC-0082,PARACETAMOL,2023-01-05,12.0
STK-004832,FAC-0082,PARACETAMOL,2023-01-06,23.0
STK-004833,FAC-0082,PARACETAMOL,2023-01-07,40.0
STK-004834,FAC-0082,PARACETAMOL,2023-01-08,30.0
STK-004835,FAC-0082,PARACETAMOL,2023-01-09,24.0
STK-004836,FAC-0082,PARACETAMOL,2023-01-10,21.0
STK-004837,FAC-0082,PARACETAMOL,2023-01-11,17.0
STK-004838,FAC-0082,PARACETAMOL,2023-01-12,29.0
STK-004839,FAC-0082,PARACETAMOL,2023-01-13,25.0
STK-004840,FAC-0082,PARACETAMOL,2023-01-14,36.0
STK-004841,FAC-0082,RIF_INH,2023-01-01,2.0
STK-004842,FAC-0083,EPINEPHRINE,2023-03-14,1.0
STK-004843,FAC-0083,EPINEPHRINE,2023-03-15,1.0
STK-004844,FAC-0083,EPINEPHRINE,2023-03-19,1.0
STK-004845,FAC-0083,EPINEPHRINE,2023-03-21,2.0
STK-004846,FAC-0083,EPINEPHRINE,2023-03-22,2.0
STK-004847,FAC-0083,EPINEPHRINE,2023-03-24,1.0
STK-004848,FAC-0083,EPINEPHRINE,2023-05-17,2.0
STK-004849,FAC-0083,EPINEPHRINE,2023-09-22,1.0
STK-004850,FAC-0083,EPINEPHRINE,2023-09-29,1.0
STK-004851,FAC-0083,EPINEPHRINE,2023-12-31,1.0
STK-004852,FAC-0083,PARACETAMOL,2023-08-28,10.0
STK-004853,FAC-0083,PARACETAMOL,2023-08-29,433.0
STK-004854,FAC-0083,PARACETAMOL,2023-08-30,372.0
STK-004855,FAC-0083,PARACETAMOL,2023-09-13,244.0
STK-004856,FAC-0083,PARACETAMOL,2023-09-14,427.0
STK-004857,FAC-0083,PARACETAMOL,2023-09-15,349.0
STK-004858,FAC-0083,PARACETAMOL,2023-09-16,317.0
STK-004859,FAC-0083,PARACETAMOL,2023-09-17,346.0
STK-004860,FAC-0083,PARACETAMOL,2023-09-18,364.0
STK-004861,FAC-0083,PARACETAMOL,2023-09-19,319.0
STK-004862,FAC-0083,PARACETAMOL,2023-09-20,305.0
STK-004863,FAC-0083,PARACETAMOL,2023-09-21,310.0
STK-004864,FAC-0083,PARACETAMOL,2023-09-22,289.0
STK-004865,FAC-0083,PARACETAMOL,2023-09-23,329.0
STK-004866,FAC-0083,PARACETAMOL,2023-09-24,384.0
STK-004867,FAC-0083,PARACETAMOL,2023-09-25,256.0
STK-004868,FAC-0083,PARACETAMOL,2023-09-26,253.0
STK-004869,FAC-0083,PARACETAMOL,2023-09-27,285.0
STK-004870,FAC-0083,PARACETAMOL,2023-09-28,335.0
STK-004871,FAC-0083,PARACETAMOL,2023-10-14,27.0
STK-004872,FAC-0083,PARACETAMOL,2023-10-15,309.0
STK-004873,FAC-0083,PARACETAMOL,2023-10-16,254.0
STK-004874,FAC-0083,PARACETAMOL,2023-10-17,250.0
STK-004875,FAC-0083,PARACETAMOL,2023-10-18,267.0
STK-004876,FAC-0083,PARACETAMOL,2023-10-19,278.0
STK-004877,FAC-0083,PARACETAMOL,2023-10-20,294.0
STK-004878,FAC-0083,PARACETAMOL,2023-10-21,223.0
STK-004879,FAC-0083,PARACETAMOL,2023-10-22,239.0
STK-004880,FAC-0083,PARACETAMOL,2023-10-23,294.0
STK-004881,FAC-0083,PARACETAMOL,2023-10-24,188.0
STK-004882,FAC-0083,PARACETAMOL,2023-10-25,259.0
STK-004883,FAC-0083,PARACETAMOL,2023-10-26,233.0
STK-004884,FAC-0083,PARACETAMOL,2023-10-27,270.0
STK-004885,FAC-0083,PARACETAMOL,2023-10-28,289.0
STK-004886,FAC-0083,PARACETAMOL,2023-11-28,75.0
STK-004887,FAC-0083,PARACETAMOL,2023-11-29,115.0
STK-004888,FAC-0083,PARACETAMOL,2023-11-30,139.0
STK-004889,FAC-0083,PARACETAMOL,2023-12-01,99.0
STK-004890,FAC-0083,RIF_INH,2023-01-01,5.0
STK-004891,FAC-0083,RIF_INH,2023-01-02,3.0
STK-004892,FAC-0084,EPINEPHRINE,2023-01-15,1.0
STK-004893,FAC-0084,PARACETAMOL,2023-01-01,11.0
STK-004894,FAC-0084,PARACETAMOL,2023-01-02,32.0
STK-004895,FAC-0084,PARACETAMOL,2023-01-03,11.0
STK-004896,FAC-0084,PARACETAMOL,2023-01-04,22.0
STK-004897,FAC-0084,PARACETAMOL,2023-01-05,17.0
STK-004898,FAC-0084,PARACETAMOL,2023-01-06,19.0
STK-004899,FAC-0084,PARACETAMOL,2023-01-07,31.0
STK-004900,FAC-0084,PARACETAMOL,2023-01-08,23.0
STK-004901,FAC-0084,PARACETAMOL,2023-01-09,11.0
STK-004902,FAC-0084,PARACETAMOL,2023-01-10,23.0
STK-004903,FAC-0084,PARACETAMOL,2023-01-11,29.0
STK-004904,FAC-0084,PARACETAMOL,2023-01-12,48.0
STK-004905,FAC-0084,PARACETAMOL,2023-01-13,25.0
STK-004906,FAC-0084,PARACETAMOL,2023-01-14,29.0
STK-004907,FAC-0084,PARACETAMOL,2023-01-15,14.0
STK-004908,FAC-0084,PARACETAMOL,2023-01-16,13.0
STK-004909,FAC-0084,PARACETAMOL,2023-01-17,29.0
STK-004910,FAC-0084,PARACETAMOL,2023-01-18,10.0
STK-004911,FAC-0084,PARACETAMOL,2023-01-19,34.0
STK-004912,FAC-0084,PARACETAMOL,2023-01-20,13.0
STK-004913,FAC-0084,PARACETAMOL,2023-01-21,46.0
STK-004914,FAC-0084,PARACETAMOL,2023-01-22,22.0
STK-004915,FAC-0084,PARACETAMOL,2023-01-23,21.0
STK-004916,FAC-0084,PARACETAMOL,2023-01-24,13.0
STK-004917,FAC-0084,PARACETAMOL,2023-01-25,17.0
STK-004918,FAC-0084,PARACETAMOL,2023-01-26,15.0
STK-004919,FAC-0084,PARACETAMOL,2023-01-27,16.0
STK-004920,FAC-0084,PARACETAMOL,2023-01-28,18.0
STK-004921,FAC-0084,RIF_INH,2023-01-01,1.0
STK-004922,FAC-0084,RIF_INH,2023-01-02,3.0
STK-004923,FAC-0084,RIF_INH,2023-01-03,1.0
STK-004924,FAC-0084,RIF_INH,2023-01-04,2.0
STK-004925,FAC-0084,RIF_INH,2023-01-05,1.0
STK-004926,FAC-0084,RIF_INH,2023-01-08,1.0
STK-004927,FAC-0084,RIF_INH,2023-01-11,2.0
STK-004928,FAC-0084,RIF_INH,2023-01-12,2.0
STK-004929,FAC-0084,RIF_INH,2023-01-13,2.0
STK-004930,FAC-0084,RIF_INH,2023-01-15,2.0
STK-004931,FAC-0084,RIF_INH,2023-01-17,3.0
STK-004932,FAC-0084,RIF_INH,2023-01-18,2.0
STK-004933,FAC-0084,RIF_INH,2023-01-20,4.0
STK-004934,FAC-0084,RIF_INH,2023-01-24,2.0
STK-004935,FAC-0084,RIF_INH,2023-01-25,2.0
STK-004936,FAC-0084,RIF_INH,2023-01-26,1.0
STK-004937,FAC-0084,RIF_INH,2023-01-27,1.0
STK-004938,FAC-0084,RIF_INH,2023-01-28,2.0
STK-004939,FAC-0084,RIF_INH,2023-01-31,1.0
STK-004940,FAC-0085,PARACETAMOL,2023-01-01,19.0
STK-004941,FAC-0085,PARACETAMOL,2023-01-02,34.0
STK-004942,FAC-0085,PARACETAMOL,2023-01-03,28.0
STK-004943,FAC-0085,PARACETAMOL,2023-01-04,18.0
STK-004944,FAC-0085,PARACETAMOL,2023-01-05,33.0
STK-004945,FAC-0085,RIF_INH,2023-01-01,2.0
STK-004946,FAC-0085,RIF_INH,2023-01-02,2.0
STK-004947,FAC-0085,RIF_INH,2023-01-03,3.0
STK-004948,FAC-0086,PARACETAMOL,2023-01-01,22.0
STK-004949,FAC-0086,PARACETAMOL,2023-01-02,15.0
STK-004950,FAC-0086,PARACETAMOL,2023-01-03,22.0
STK-004951,FAC-0086,PARACETAMOL,2023-01-04,24.0
STK-004952,FAC-0086,PARACETAMOL,2023-01-05,36.0
STK-004953,FAC-0086,PARACETAMOL,2023-01-06,21.0
STK-004954,FAC-0086,PARACETAMOL,2023-01-07,24.0
STK-004955,FAC-0086,PARACETAMOL,2023-01-08,17.0
STK-004956,FAC-0086,PARACETAMOL,2023-01-09,11.0
STK-004957,FAC-0086,PARACETAMOL,2023-01-10,34.0
STK-004958,FAC-0086,PARACETAMOL,2023-01-11,29.0
STK-004959,FAC-0086,PARACETAMOL,2023-01-12,25.0
STK-004960,FAC-0086,PARACETAMOL,2023-01-13,29.0
STK-004961,FAC-0086,PARACETAMOL,2023-01-14,26.0
STK-004962,FAC-0086,PARACETAMOL,2023-01-15,17.0
STK-004963,FAC-0086,PARACETAMOL,2023-01-16,25.0
STK-004964,FAC-0086,PARACETAMOL,2023-01-17,20.0
STK-004965,FAC-0086,PARACETAMOL,2023-01-18,19.0
STK-004966,FAC-0086,PARACETAMOL,2023-01-19,12.0
STK-004967,FAC-0086,PARACETAMOL,2023-01-20,22.0
STK-004968,FAC-0086,PARACETAMOL,2023-01-21,13.0
STK-004969,FAC-0086,PARACETAMOL,2023-01-22,23.0
STK-004970,FAC-0086,PARACETAMOL,2023-01-23,17.0
STK-004971,FAC-0086,PARACETAMOL,2023-01-24,31.0
STK-004972,FAC-0086,PARACETAMOL,2023-01-25,23.0
STK-004973,FAC-0086,PARACETAMOL,2023-01-26,24.0
STK-004974,FAC-0087,EPINEPHRINE,2023-01-01,1.0
STK-004975,FAC-0087,EPINEPHRINE,2023-01-02,1.0
STK-004976,FAC-0087,EPINEPHRINE,2023-01-05,1.0
STK-004977,FAC-0087,EPINEPHRINE,2023-01-27,3.0
STK-004978,FAC-0087,EPINEPHRINE,2023-01-29,3.0
STK-004979,FAC-0087,EPINEPHRINE,2023-02-01,1.0
STK-004980,FAC-0087,EPINEPHRINE,2023-02-02,2.0
STK-004981,FAC-0087,EPINEPHRINE,2023-02-17,1.0
STK-004982,FAC-0087,EPINEPHRINE,2023-02-18,2.0
STK-004983,FAC-0087,EPINEPHRINE,2023-02-20,1.0
STK-004984,FAC-0087,EPINEPHRINE,2023-02-24,1.0
STK-004985,FAC-0087,EPINEPHRINE,2023-02-26,3.0
STK-004986,FAC-0087,EPINEPHRINE,2023-02-28,1.0
STK-004987,FAC-0087,EPINEPHRINE,2023-03-02,2.0
STK-004988,FAC-0087,EPINEPHRINE,2023-03-03,1.0
STK-004989,FAC-0087,EPINEPHRINE,2023-03-05,1.0
STK-004990,FAC-0087,EPINEPHRINE,2023-03-06,1.0
STK-004991,FAC-0087,EPINEPHRINE,2023-03-07,1.0
STK-004992,FAC-0087,EPINEPHRINE,2023-03-08,1.0
STK-004993,FAC-0087,EPINEPHRINE,2023-03-09,1.0
STK-004994,FAC-0087,EPINEPHRINE,2023-03-10,2.0
STK-004995,FAC-0087,EPINEPHRINE,2023-03-11,2.0
STK-004996,FAC-0087,EPINEPHRINE,2023-03-12,1.0
STK-004997,FAC-0087,EPINEPHRINE,2023-03-14,1.0
STK-004998,FAC-0087,EPINEPHRINE,2023-04-03,1.0
STK-004999,FAC-0087,EPINEPHRINE,2023-04-22,1.0
STK-005000,FAC-0087,EPINEPHRINE,2023-04-24,2.0
STK-005001,FAC-0087,EPINEPHRINE,2023-04-25,1.0
STK-005002,FAC-0087,EPINEPHRINE,2023-04-28,1.0
STK-005003,FAC-0087,EPINEPHRINE,2023-04-29,1.0
STK-005004,FAC-0087,EPINEPHRINE,2023-05-01,2.0
STK-005005,FAC-0087,EPINEPHRINE,2023-05-03,1.0
STK-005006,FAC-0087,EPINEPHRINE,2023-05-04,3.0
STK-005007,FAC-0087,EPINEPHRINE,2023-05-20,1.0
STK-005008,FAC-0087,EPINEPHRINE,2023-05-27,1.0
STK-005009,FAC-0087,EPINEPHRINE,2023-05-28,1.0
STK-005010,FAC-0087,EPINEPHRINE,2023-05-30,1.0
STK-005011,FAC-0087,EPINEPHRINE,2023-06-03,3.0
STK-005012,FAC-0087,EPINEPHRINE,2023-06-11,1.0
STK-005013,FAC-0087,EPINEPHRINE,2023-06-14,1.0
STK-005014,FAC-0087,EPINEPHRINE,2023-06-15,1.0
STK-005015,FAC-0087,EPINEPHRINE,2023-06-16,1.0
STK-005016,FAC-0087,EPINEPHRINE,2023-06-17,2.0
STK-005017,FAC-0087,EPINEPHRINE,2023-06-18,1.0
STK-005018,FAC-0087,EPINEPHRINE,2023-07-26,1.0
STK-005019,FAC-0087,EPINEPHRINE,2023-07-27,4.0
STK-005020,FAC-0087,EPINEPHRINE,2023-07-28,1.0
STK-005021,FAC-0087,EPINEPHRINE,2023-07-29,1.0
STK-005022,FAC-0087,EPINEPHRINE,2023-07-31,1.0
STK-005023,FAC-0087,EPINEPHRINE,2023-08-01,1.0
STK-005024,FAC-0087,EPINEPHRINE,2023-08-03,1.0
STK-005025,FAC-0087,EPINEPHRINE,2023-08-04,2.0
STK-005026,FAC-0087,EPINEPHRINE,2023-08-07,1.0
STK-005027,FAC-0087,EPINEPHRINE,2023-08-09,1.0
STK-005028,FAC-0087,EPINEPHRINE,2023-08-11,1.0
STK-005029,FAC-0087,EPINEPHRINE,2023-08-12,1.0
STK-005030,FAC-0087,EPINEPHRINE,2023-08-29,2.0
STK-005031,FAC-0087,EPINEPHRINE,2023-08-31,1.0
STK-005032,FAC-0087,EPINEPHRINE,2023-09-01,2.0
STK-005033,FAC-0087,EPINEPHRINE,2023-09-04,2.0
STK-005034,FAC-0087,EPINEPHRINE,2023-09-05,1.0
STK-005035,FAC-0087,EPINEPHRINE,2023-09-06,1.0
STK-005036,FAC-0087,EPINEPHRINE,2023-09-08,1.0
STK-005037,FAC-0087,EPINEPHRINE,2023-10-27,2.0
STK-005038,FAC-0087,EPINEPHRINE,2023-10-29,2.0
STK-005039,FAC-0087,EPINEPHRINE,2023-11-03,1.0
STK-005040,FAC-0087,EPINEPHRINE,2023-11-05,1.0
STK-005041,FAC-0087,EPINEPHRINE,2023-11-22,3.0
STK-005042,FAC-0087,EPINEPHRINE,2023-11-24,1.0
STK-005043,FAC-0087,EPINEPHRINE,2023-11-26,2.0
STK-005044,FAC-0087,EPINEPHRINE,2023-12-15,1.0
STK-005045,FAC-0087,EPINEPHRINE,2023-12-16,2.0
STK-005046,FAC-0087,EPINEPHRINE,2023-12-17,1.0
STK-005047,FAC-0087,EPINEPHRINE,2023-12-18,2.0
STK-005048,FAC-0087,EPINEPHRINE,2023-12-20,1.0
STK-005049,FAC-0087,EPINEPHRINE,2023-12-21,1.0
STK-005050,FAC-0087,EPINEPHRINE,2023-12-24,2.0
STK-005051,FAC-0087,PARACETAMOL,2023-01-01,138.0
STK-005052,FAC-0087,PARACETAMOL,2023-01-02,147.0
STK-005053,FAC-0087,PARACETAMOL,2023-01-03,131.0
STK-005054,FAC-0087,PARACETAMOL,2023-01-04,194.0
STK-005055,FAC-0087,PARACETAMOL,2023-01-05,156.0
STK-005056,FAC-0087,PARACETAMOL,2023-01-06,167.0
STK-005057,FAC-0087,PARACETAMOL,2023-03-07,3.0
STK-005058,FAC-0087,PARACETAMOL,2023-03-08,181.0
STK-005059,FAC-0087,PARACETAMOL,2023-03-09,159.0
STK-005060,FAC-0087,PARACETAMOL,2023-03-10,166.0
STK-005061,FAC-0087,PARACETAMOL,2023-03-11,127.0
STK-005062,FAC-0087,PARACETAMOL,2023-03-12,141.0
STK-005063,FAC-0087,PARACETAMOL,2023-03-13,226.0
STK-005064,FAC-0087,PARACETAMOL,2023-03-14,153.0
STK-005065,FAC-0087,PARACETAMOL,2023-04-13,63.0
STK-005066,FAC-0087,PARACETAMOL,2023-04-14,149.0
STK-005067,FAC-0087,PARACETAMOL,2023-04-15,192.0
STK-005068,FAC-0087,PARACETAMOL,2023-04-16,149.0
STK-005069,FAC-0087,PARACETAMOL,2023-04-17,182.0
STK-005070,FAC-0087,PARACETAMOL,2023-04-18,169.0
STK-005071,FAC-0087,PARACETAMOL,2023-04-19,160.0
STK-005072,FAC-0087,PARACETAMOL,2023-04-20,212.0
STK-005073,FAC-0087,PARACETAMOL,2023-04-21,97.0
STK-005074,FAC-0087,PARACETAMOL,2023-04-22,168.0
STK-005075,FAC-0087,PARACETAMOL,2023-04-23,133.0
STK-005076,FAC-0087,PARACETAMOL,2023-04-24,147.0
STK-005077,FAC-0087,PARACETAMOL,2023-04-25,209.0
STK-005078,FAC-0087,PARACETAMOL,2023-04-26,171.0
STK-005079,FAC-0087,PARACETAMOL,2023-04-27,201.0
STK-005080,FAC-0087,PARACETAMOL,2023-07-14,188.0
STK-005081,FAC-0087,PARACETAMOL,2023-07-15,410.0
STK-005082,FAC-0087,PARACETAMOL,2023-07-16,341.0
STK-005083,FAC-0087,PARACETAMOL,2023-07-17,336.0
STK-005084,FAC-0087,PARACETAMOL,2023-07-18,344.0
STK-005085,FAC-0087,PARACETAMOL,2023-07-19,664.0
STK-005086,FAC-0087,PARACETAMOL,2023-07-20,518.0
STK-005087,FAC-0087,PARACETAMOL,2023-07-21,549.0
STK-005088,FAC-0087,PARACETAMOL,2023-07-22,547.0
STK-005089,FAC-0087,PARACETAMOL,2023-07-23,544.0
STK-005090,FAC-0087,PARACETAMOL,2023-07-24,538.0
STK-005091,FAC-0087,PARACETAMOL,2023-07-25,489.0
STK-005092,FAC-0087,PARACETAMOL,2023-07-26,581.0
STK-005093,FAC-0087,PARACETAMOL,2023-07-27,620.0
STK-005094,FAC-0087,PARACETAMOL,2023-07-28,524.0
STK-005095,FAC-0087,PARACETAMOL,2023-07-29,660.0
STK-005096,FAC-0087,PARACETAMOL,2023-07-30,471.0
STK-005097,FAC-0087,PARACETAMOL,2023-07-31,620.0
STK-005098,FAC-0087,PARACETAMOL,2023-08-01,498.0
STK-005099,FAC-0087,PARACETAMOL,2023-08-02,537.0
STK-005100,FAC-0087,PARACETAMOL,2023-08-03,475.0
STK-005101,FAC-0087,PARACETAMOL,2023-08-12,547.0
STK-005102,FAC-0087,PARACETAMOL,2023-08-13,701.0
STK-005103,FAC-0087,PARACETAMOL,2023-08-14,508.0
STK-005104,FAC-0087,PARACETAMOL,2023-08-15,743.0
STK-005105,FAC-0087,PARACETAMOL,2023-08-16,666.0
STK-005106,FAC-0087,PARACETAMOL,2023-08-17,472.0
STK-005107,FAC-0087,PARACETAMOL,2023-08-18,684.0
STK-005108,FAC-0087,PARACETAMOL,2023-08-19,526.0
STK-005109,FAC-0087,PARACETAMOL,2023-08-20,611.0
STK-005110,FAC-0087,PARACETAMOL,2023-08-21,569.0
STK-005111,FAC-0087,PARACETAMOL,2023-08-22,547.0
STK-005112,FAC-0087,PARACETAMOL,2023-08-23,577.0
STK-005113,FAC-0087,PARACETAMOL,2023-08-24,537.0
STK-005114,FAC-0087,PARACETAMOL,2023-08-25,712.0
STK-005115,FAC-0087,PARACETAMOL,2023-08-26,620.0
STK-005116,FAC-0087,PARACETAMOL,2023-08-27,644.0
STK-005117,FAC-0087,PARACETAMOL,2023-08-28,625.0
STK-005118,FAC-0087,PARACETAMOL,2023-08-29,582.0
STK-005119,FAC-0087,PARACETAMOL,2023-08-30,515.0
STK-005120,FAC-0087,PARACETAMOL,2023-08-31,489.0
STK-005121,FAC-0087,PARACETAMOL,2023-09-01,689.0
STK-005122,FAC-0087,PARACETAMOL,2023-09-02,664.0
STK-005123,FAC-0087,PARACETAMOL,2023-09-03,643.0
STK-005124,FAC-0087,PARACETAMOL,2023-09-04,590.0
STK-005125,FAC-0087,PARACETAMOL,2023-09-05,630.0
STK-005126,FAC-0087,PARACETAMOL,2023-09-14,609.0
STK-005127,FAC-0087,PARACETAMOL,2023-09-15,589.0
STK-005128,FAC-0087,PARACETAMOL,2023-09-16,604.0
STK-005129,FAC-0087,PARACETAMOL,2023-09-17,556.0
STK-005130,FAC-0087,PARACETAMOL,2023-09-18,709.0
STK-005131,FAC-0087,PARACETAMOL,2023-09-19,576.0
STK-005132,FAC-0087,PARACETAMOL,2023-09-20,686.0
STK-005133,FAC-0087,PARACETAMOL,2023-09-21,591.0
STK-005134,FAC-0087,PARACETAMOL,2023-09-22,567.0
STK-005135,FAC-0087,PARACETAMOL,2023-09-23,556.0
STK-005136,FAC-0087,PARACETAMOL,2023-09-24,557.0
STK-005137,FAC-0087,PARACETAMOL,2023-09-25,580.0
STK-005138,FAC-0087,PARACETAMOL,2023-09-26,634.0
STK-005139,FAC-0087,PARACETAMOL,2023-09-27,449.0
STK-005140,FAC-0087,PARACETAMOL,2023-09-28,434.0
STK-005141,FAC-0087,PARACETAMOL,2023-09-29,647.0
STK-005142,FAC-0087,PARACETAMOL,2023-10-08,141.0
STK-005143,FAC-0087,PARACETAMOL,2023-10-09,471.0
STK-005144,FAC-0087,PARACETAMOL,2023-10-10,343.0
STK-005145,FAC-0087,PARACETAMOL,2023-10-11,384.0
STK-005146,FAC-0087,PARACETAMOL,2023-10-12,538.0
STK-005147,FAC-0087,PARACETAMOL,2023-10-13,484.0
STK-005148,FAC-0087,PARACETAMOL,2023-10-14,548.0
STK-005149,FAC-0087,PARACETAMOL,2023-10-15,466.0
STK-005150,FAC-0087,PARACETAMOL,2023-10-16,429.0
STK-005151,FAC-0087,PARACETAMOL,2023-10-17,456.0
STK-005152,FAC-0087,PARACETAMOL,2023-10-18,348.0
STK-005153,FAC-0087,PARACETAMOL,2023-10-19,387.0
STK-005154,FAC-0087,PARACETAMOL,2023-10-20,318.0
STK-005155,FAC-0087,PARACETAMOL,2023-10-21,426.0
STK-005156,FAC-0087,PARACETAMOL,2023-10-22,431.0
STK-005157,FAC-0087,PARACETAMOL,2023-10-23,400.0
STK-005158,FAC-0087,PARACETAMOL,2023-10-24,392.0
STK-005159,FAC-0087,PARACETAMOL,2023-10-25,377.0
STK-005160,FAC-0087,PARACETAMOL,2023-10-26,344.0
STK-005161,FAC-0087,PARACETAMOL,2023-10-27,321.0
STK-005162,FAC-0087,PARACETAMOL,2023-10-28,437.0
STK-005163,FAC-0087,PARACETAMOL,2023-10-29,254.0
STK-005164,FAC-0087,PARACETAMOL,2023-10-30,346.0
STK-005165,FAC-0087,PARACETAMOL,2023-11-18,185.0
STK-005166,FAC-0087,PARACETAMOL,2023-11-19,194.0
STK-005167,FAC-0087,PARACETAMOL,2023-11-20,221.0
STK-005168,FAC-0087,PARACETAMOL,2023-11-21,261.0
STK-005169,FAC-0087,PARACETAMOL,2023-11-22,205.0
STK-005170,FAC-0087,PARACETAMOL,2023-11-23,176.0
STK-005171,FAC-0087,PARACETAMOL,2023-11-24,204.0
STK-005172,FAC-0087,PARACETAMOL,2023-11-25,177.0
STK-005173,FAC-0087,PARACETAMOL,2023-11-26,188.0
STK-005174,FAC-0087,PARACETAMOL,2023-11-27,261.0
STK-005175,FAC-0087,PARACETAMOL,2023-11-28,186.0
STK-005176,FAC-0087,PARACETAMOL,2023-11-29,177.0
STK-005177,FAC-0087,PARACETAMOL,2023-11-30,154.0
STK-005178,FAC-0087,PARACETAMOL,2023-12-01,188.0
STK-005179,FAC-0087,PARACETAMOL,2023-12-02,179.0
STK-005180,FAC-0087,PARACETAMOL,2023-12-03,176.0
STK-005181,FAC-0087,PARACETAMOL,2023-12-04,149.0
STK-005182,FAC-0087,PARACETAMOL,2023-12-05,193.0
STK-005183,FAC-0087,PARACETAMOL,2023-12-06,147.0
STK-005184,FAC-0087,PARACETAMOL,2023-12-07,166.0
STK-005185,FAC-0087,PARACETAMOL,2023-12-08,184.0
STK-005186,FAC-0087,PARACETAMOL,2023-12-09,168.0
STK-005187,FAC-0087,PARACETAMOL,2023-12-10,145.0
STK-005188,FAC-0087,PARACETAMOL,2023-12-11,181.0
STK-005189,FAC-0087,PARACETAMOL,2023-12-12,172.0
STK-005190,FAC-0087,PARACETAMOL,2023-12-13,167.0
STK-005191,FAC-0087,PARACETAMOL,2023-12-14,164.0
STK-005192,FAC-0087,PARACETAMOL,2023-12-15,170.0
STK-005193,FAC-0087,RIF_INH,2023-01-01,15.0
STK-005194,FAC-0087,RIF_INH,2023-01-02,6.0
STK-005195,FAC-0087,RIF_INH,2023-01-03,15.0
STK-005196,FAC-0087,RIF_INH,2023-01-04,12.0
STK-005197,FAC-0087,RIF_INH,2023-01-05,11.0
STK-005198,FAC-0087,RIF_INH,2023-01-06,14.0
STK-005199,FAC-0087,RIF_INH,2023-01-07,11.0
STK-005200,FAC-0087,RIF_INH,2023-01-08,11.0
STK-005201,FAC-0087,RIF_INH,2023-01-09,7.0
STK-005202,FAC-0087,RIF_INH,2023-01-10,16.0
STK-005203,FAC-0087,RIF_INH,2023-01-11,9.0
STK-005204,FAC-0087,RIF_INH,2023-01-12,13.0
STK-005205,FAC-0087,RIF_INH,2023-01-13,5.0
STK-005206,FAC-0088,EPINEPHRINE,2023-01-07,1.0
STK-005207,FAC-0088,EPINEPHRINE,2023-01-10,1.0
STK-005208,FAC-0088,PARACETAMOL,2023-01-01,25.0
STK-005209,FAC-0088,PARACETAMOL,2023-01-02,15.0
STK-005210,FAC-0088,PARACETAMOL,2023-01-03,27.0
STK-005211,FAC-0088,PARACETAMOL,2023-01-04,42.0
STK-005212,FAC-0088,PARACETAMOL,2023-01-05,33.0
STK-005213,FAC-0088,PARACETAMOL,2023-01-06,15.0
STK-005214,FAC-0088,PARACETAMOL,2023-01-07,33.0
STK-005215,FAC-0088,PARACETAMOL,2023-01-08,42.0
STK-005216,FAC-0088,PARACETAMOL,2023-01-09,29.0
STK-005217,FAC-0088,PARACETAMOL,2023-01-10,36.0
STK-005218,FAC-0088,PARACETAMOL,2023-01-11,29.0
STK-005219,FAC-0088,PARACETAMOL,2023-01-12,30.0
STK-005220,FAC-0088,PARACETAMOL,2023-01-13,31.0
STK-005221,FAC-0088,PARACETAMOL,2023-01-14,42.0
STK-005222,FAC-0088,PARACETAMOL,2023-01-15,33.0
STK-005223,FAC-0088,PARACETAMOL,2023-01-16,35.0
STK-005224,FAC-0088,PARACETAMOL,2023-01-17,53.0
STK-005225,FAC-0088,PARACETAMOL,2023-01-18,46.0
STK-005226,FAC-0088,PARACETAMOL,2023-01-19,24.0
STK-005227,FAC-0088,PARACETAMOL,2023-01-20,21.0
STK-005228,FAC-0088,PARACETAMOL,2023-01-21,40.0
STK-005229,FAC-0088,RIF_INH,2023-01-01,2.0
STK-005230,FAC-0088,RIF_INH,2023-01-03,3.0
STK-005231,FAC-0088,RIF_INH,2023-01-04,1.0
STK-005232,FAC-0088,RIF_INH,2023-01-05,2.0
STK-005233,FAC-0088,RIF_INH,2023-01-06,4.0
STK-005234,FAC-0088,RIF_INH,2023-01-07,1.0
STK-005235,FAC-0088,RIF_INH,2023-01-08,2.0
STK-005236,FAC-0088,RIF_INH,2023-01-10,3.0
STK-005237,FAC-0088,RIF_INH,2023-01-11,2.0
STK-005238,FAC-0089,EPINEPHRINE,2023-01-08,2.0
STK-005239,FAC-0089,EPINEPHRINE,2023-01-11,1.0
STK-005240,FAC-0089,PARACETAMOL,2023-01-01,28.0
STK-005241,FAC-0089,PARACETAMOL,2023-01-02,13.0
STK-005242,FAC-0089,PARACETAMOL,2023-01-03,27.0
STK-005243,FAC-0089,PARACETAMOL,2023-01-04,30.0
STK-005244,FAC-0089,PARACETAMOL,2023-01-05,41.0
STK-005245,FAC-0089,PARACETAMOL,2023-01-06,18.0
STK-005246,FAC-0089,PARACETAMOL,2023-01-07,21.0
STK-005247,FAC-0089,PARACETAMOL,2023-01-08,30.0
STK-005248,FAC-0089,PARACETAMOL,2023-01-09,26.0
STK-005249,FAC-0089,PARACETAMOL,2023-01-10,55.0
STK-005250,FAC-0089,PARACETAMOL,2023-01-11,14.0
STK-005251,FAC-0089,PARACETAMOL,2023-01-12,17.0
STK-005252,FAC-0089,PARACETAMOL,2023-01-13,42.0
STK-005253,FAC-0089,PARACETAMOL,2023-01-14,34.0
STK-005254,FAC-0089,PARACETAMOL,2023-01-15,35.0
STK-005255,FAC-0089,PARACETAMOL,2023-01-16,29.0
STK-005256,FAC-0089,PARACETAMOL,2023-01-17,22.0
STK-005257,FAC-0089,PARACETAMOL,2023-01-18,35.0
STK-005258,FAC-0089,PARACETAMOL,2023-01-19,13.0
STK-005259,FAC-0089,PARACETAMOL,2023-01-20,19.0
STK-005260,FAC-0089,PARACETAMOL,2023-01-21,24.0
STK-005261,FAC-0089,PARACETAMOL,2023-01-22,28.0
STK-005262,FAC-0089,PARACETAMOL,2023-01-23,38.0
STK-005263,FAC-0089,PARACETAMOL,2023-01-24,20.0
STK-005264,FAC-0089,PARACETAMOL,2023-01-25,25.0
STK-005265,FAC-0089,PARACETAMOL,2023-01-26,21.0
STK-005266,FAC-0089,PARACETAMOL,2023-01-27,17.0
STK-005267,FAC-0089,PARACETAMOL,2023-01-28,23.0
STK-005268,FAC-0089,PARACETAMOL,2023-01-29,37.0
STK-005269,FAC-0089,PARACETAMOL,2023-01-30,19.0
STK-005270,FAC-0089,PARACETAMOL,2023-01-31,30.0
STK-005271,FAC-0089,PARACETAMOL,2023-02-01,15.0
STK-005272,FAC-0089,PARACETAMOL,2023-02-02,31.0
STK-005273,FAC-0089,PARACETAMOL,2023-02-03,11.0
STK-005274,FAC-0089,PARACETAMOL,2023-02-04,20.0
STK-005275,FAC-0089,PARACETAMOL,2023-02-05,8.0
STK-005276,FAC-0089,PARACETAMOL,2023-02-06,14.0
STK-005277,FAC-0089,PARACETAMOL,2023-02-07,43.0
STK-005278,FAC-0089,PARACETAMOL,2023-02-08,28.0
STK-005279,FAC-0089,PARACETAMOL,2023-02-09,10.0
STK-005280,FAC-0089,PARACETAMOL,2023-02-10,16.0
STK-005281,FAC-0089,PARACETAMOL,2023-02-11,25.0
STK-005282,FAC-0089,PARACETAMOL,2023-02-12,35.0
STK-005283,FAC-0089,PARACETAMOL,2023-02-13,19.0
STK-005284,FAC-0089,PARACETAMOL,2023-02-14,43.0
STK-005285,FAC-0089,RIF_INH,2023-01-02,2.0
STK-005286,FAC-0089,RIF_INH,2023-01-03,1.0
STK-005287,FAC-0089,RIF_INH,2023-01-05,1.0
STK-005288,FAC-0089,RIF_INH,2023-01-08,2.0
STK-005289,FAC-0089,RIF_INH,2023-01-09,2.0
STK-005290,FAC-0089,RIF_INH,2023-01-10,1.0
STK-005291,FAC-0089,RIF_INH,2023-01-12,1.0
STK-005292,FAC-0089,RIF_INH,2023-01-13,2.0
STK-005293,FAC-0089,RIF_INH,2023-01-14,1.0
STK-005294,FAC-0089,RIF_INH,2023-01-16,3.0
STK-005295,FAC-0089,RIF_INH,2023-01-17,1.0
STK-005296,FAC-0089,RIF_INH,2023-01-18,2.0
STK-005297,FAC-0089,RIF_INH,2023-01-19,1.0
STK-005298,FAC-0089,RIF_INH,2023-01-20,1.0
STK-005299,FAC-0090,EPINEPHRINE,2023-01-02,1.0
STK-005300,FAC-0090,EPINEPHRINE,2023-01-12,1.0
STK-005301,FAC-0090,PARACETAMOL,2023-01-01,39.0
STK-005302,FAC-0090,PARACETAMOL,2023-01-02,43.0
STK-005303,FAC-0090,PARACETAMOL,2023-01-03,34.0
STK-005304,FAC-0090,PARACETAMOL,2023-01-04,26.0
STK-005305,FAC-0090,PARACETAMOL,2023-01-05,52.0
STK-005306,FAC-0090,PARACETAMOL,2023-01-06,25.0
STK-005307,FAC-0090,PARACETAMOL,2023-01-07,35.0
STK-005308,FAC-0090,PARACETAMOL,2023-01-08,21.0
STK-005309,FAC-0090,PARACETAMOL,2023-01-09,47.0
STK-005310,FAC-0090,PARACETAMOL,2023-01-10,39.0
STK-005311,FAC-0090,PARACETAMOL,2023-01-11,33.0
STK-005312,FAC-0090,PARACETAMOL,2023-01-12,22.0
STK-005313,FAC-0090,RIF_INH,2023-01-03,2.0
STK-005314,FAC-0090,RIF_INH,2023-01-04,2.0
STK-005315,FAC-0090,RIF_INH,2023-01-05,3.0
STK-005316,FAC-0090,RIF_INH,2023-01-06,3.0
STK-005317,FAC-0090,RIF_INH,2023-01-07,3.0
STK-005318,FAC-0090,RIF_INH,2023-01-08,1.0
STK-005319,FAC-0090,RIF_INH,2023-01-09,2.0
STK-005320,FAC-0090,RIF_INH,2023-01-10,1.0
STK-005321,FAC-0090,RIF_INH,2023-01-11,2.0
STK-005322,FAC-0090,RIF_INH,2023-01-14,2.0
STK-005323,FAC-0090,RIF_INH,2023-01-15,4.0
STK-005324,FAC-0090,RIF_INH,2023-01-16,1.0
STK-005325,FAC-0090,RIF_INH,2023-01-17,1.0
STK-005326,FAC-0090,RIF_INH,2023-01-18,1.0
STK-005327,FAC-0090,RIF_INH,2023-01-19,2.0
STK-005328,FAC-0090,RIF_INH,2023-01-20,1.0
STK-005329,FAC-0090,RIF_INH,2023-01-21,1.0
STK-005330,FAC-0090,RIF_INH,2023-01-23,2.0
STK-005331,FAC-0090,RIF_INH,2023-01-24,2.0
STK-005332,FAC-0090,RIF_INH,2023-01-25,3.0
STK-005333,FAC-0090,RIF_INH,2023-01-26,5.0
STK-005334,FAC-0090,RIF_INH,2023-01-27,1.0
STK-005335,FAC-0090,RIF_INH,2023-01-28,5.0
STK-005336,FAC-0090,RIF_INH,2023-01-29,1.0
STK-005337,FAC-0090,RIF_INH,2023-01-30,3.0
STK-005338,FAC-0090,RIF_INH,2023-01-31,2.0
STK-005339,FAC-0090,RIF_INH,2023-02-01,2.0
STK-005340,FAC-0090,RIF_INH,2023-02-02,2.0
STK-005341,FAC-0091,EPINEPHRINE,2023-01-07,1.0
STK-005342,FAC-0091,EPINEPHRINE,2023-01-08,1.0
STK-005343,FAC-0091,EPINEPHRINE,2023-01-13,1.0
STK-005344,FAC-0091,PARACETAMOL,2023-01-01,16.0
STK-005345,FAC-0091,PARACETAMOL,2023-01-02,20.0
STK-005346,FAC-0091,PARACETAMOL,2023-01-03,12.0
STK-005347,FAC-0091,PARACETAMOL,2023-01-04,19.0
STK-005348,FAC-0091,PARACETAMOL,2023-01-05,17.0
STK-005349,FAC-0091,PARACETAMOL,2023-01-06,12.0
STK-005350,FAC-0091,PARACETAMOL,2023-01-07,14.0
STK-005351,FAC-0091,PARACETAMOL,2023-01-08,24.0
STK-005352,FAC-0091,PARACETAMOL,2023-01-09,29.0
STK-005353,FAC-0091,PARACETAMOL,2023-01-10,16.0
STK-005354,FAC-0091,PARACETAMOL,2023-01-11,9.0
STK-005355,FAC-0091,PARACETAMOL,2023-01-12,16.0
STK-005356,FAC-0091,PARACETAMOL,2023-01-13,11.0
STK-005357,FAC-0091,PARACETAMOL,2023-01-14,17.0
STK-005358,FAC-0091,PARACETAMOL,2023-01-15,21.0
STK-005359,FAC-0091,PARACETAMOL,2023-01-16,9.0
STK-005360,FAC-0091,PARACETAMOL,2023-01-17,19.0
STK-005361,FAC-0091,PARACETAMOL,2023-01-18,12.0
STK-005362,FAC-0091,RIF_INH,2023-01-02,1.0
STK-005363,FAC-0091,RIF_INH,2023-01-03,2.0
STK-005364,FAC-0092,EPINEPHRINE,2023-01-01,1.0
STK-005365,FAC-0092,EPINEPHRINE,2023-01-03,1.0
STK-005366,FAC-0092,EPINEPHRINE,2023-01-05,1.0
STK-005367,FAC-0092,EPINEPHRINE,2023-02-27,1.0
STK-005368,FAC-0092,EPINEPHRINE,2023-02-28,3.0
STK-005369,FAC-0092,EPINEPHRINE,2023-03-02,1.0
STK-005370,FAC-0092,EPINEPHRINE,2023-03-04,2.0
STK-005371,FAC-0092,EPINEPHRINE,2023-03-05,1.0
STK-005372,FAC-0092,EPINEPHRINE,2023-03-07,1.0
STK-005373,FAC-0092,EPINEPHRINE,2023-03-08,2.0
STK-005374,FAC-0092,EPINEPHRINE,2023-03-10,1.0
STK-005375,FAC-0092,EPINEPHRINE,2023-05-02,1.0
STK-005376,FAC-0092,EPINEPHRINE,2023-05-04,1.0
STK-005377,FAC-0092,EPINEPHRINE,2023-05-09,1.0
STK-005378,FAC-0092,EPINEPHRINE,2023-06-05,1.0
STK-005379,FAC-0092,EPINEPHRINE,2023-07-21,1.0
STK-005380,FAC-0092,EPINEPHRINE,2023-07-22,1.0
STK-005381,FAC-0092,EPINEPHRINE,2023-07-27,1.0
STK-005382,FAC-0092,EPINEPHRINE,2023-07-28,1.0
STK-005383,FAC-0092,EPINEPHRINE,2023-07-29,1.0
STK-005384,FAC-0092,EPINEPHRINE,2023-07-31,2.0
STK-005385,FAC-0092,EPINEPHRINE,2023-08-22,1.0
STK-005386,FAC-0092,EPINEPHRINE,2023-08-24,2.0
STK-005387,FAC-0092,EPINEPHRINE,2023-08-29,1.0
STK-005388,FAC-0092,EPINEPHRINE,2023-09-03,1.0
STK-005389,FAC-0092,EPINEPHRINE,2023-09-05,1.0
STK-005390,FAC-0092,EPINEPHRINE,2023-09-07,2.0
STK-005391,FAC-0092,EPINEPHRINE,2023-09-10,2.0
STK-005392,FAC-0092,EPINEPHRINE,2023-09-13,1.0
STK-005393,FAC-0092,EPINEPHRINE,2023-09-14,2.0
STK-005394,FAC-0092,EPINEPHRINE,2023-09-15,2.0
STK-005395,FAC-0092,EPINEPHRINE,2023-09-16,1.0
STK-005396,FAC-0092,EPINEPHRINE,2023-11-28,1.0
STK-005397,FAC-0092,EPINEPHRINE,2023-12-01,2.0
STK-005398,FAC-0092,EPINEPHRINE,2023-12-02,2.0
STK-005399,FAC-0092,EPINEPHRINE,2023-12-03,1.0
STK-005400,FAC-0092,EPINEPHRINE,2023-12-04,1.0
STK-005401,FAC-0092,EPINEPHRINE,2023-12-05,1.0
STK-005402,FAC-0092,EPINEPHRINE,2023-12-07,1.0
STK-005403,FAC-0092,EPINEPHRINE,2023-12-08,1.0
STK-005404,FAC-0092,PARACETAMOL,2023-01-01,121.0
STK-005405,FAC-0092,PARACETAMOL,2023-01-02,153.0
STK-005406,FAC-0092,PARACETAMOL,2023-01-03,135.0
STK-005407,FAC-0092,PARACETAMOL,2023-01-04,130.0
STK-005408,FAC-0092,PARACETAMOL,2023-01-05,129.0
STK-005409,FAC-0092,PARACETAMOL,2023-01-06,163.0
STK-005410,FAC-0092,PARACETAMOL,2023-07-26,136.0
STK-005411,FAC-0092,PARACETAMOL,2023-07-27,499.0
STK-005412,FAC-0092,PARACETAMOL,2023-07-28,430.0
STK-005413,FAC-0092,PARACETAMOL,2023-07-29,484.0
STK-005414,FAC-0092,PARACETAMOL,2023-08-10,90.0
STK-005415,FAC-0092,PARACETAMOL,2023-08-11,349.0
STK-005416,FAC-0092,PARACETAMOL,2023-08-12,510.0
STK-005417,FAC-0092,PARACETAMOL,2023-08-13,392.0
STK-005418,FAC-0092,PARACETAMOL,2023-08-14,428.0
STK-005419,FAC-0092,PARACETAMOL,2023-08-15,419.0
STK-005420,FAC-0092,PARACETAMOL,2023-08-16,387.0
STK-005421,FAC-0092,PARACETAMOL,2023-08-17,522.0
STK-005422,FAC-0092,PARACETAMOL,2023-08-18,583.0
STK-005423,FAC-0092,PARACETAMOL,2023-08-19,532.0
STK-005424,FAC-0092,PARACETAMOL,2023-08-20,551.0
STK-005425,FAC-0092,PARACETAMOL,2023-08-21,424.0
STK-005426,FAC-0092,PARACETAMOL,2023-08-22,558.0
STK-005427,FAC-0092,PARACETAMOL,2023-08-23,461.0
STK-005428,FAC-0092,PARACETAMOL,2023-08-24,504.0
STK-005429,FAC-0092,PARACETAMOL,2023-08-25,465.0
STK-005430,FAC-0092,PARACETAMOL,2023-08-26,388.0
STK-005431,FAC-0092,PARACETAMOL,2023-08-27,563.0
STK-005432,FAC-0092,PARACETAMOL,2023-08-28,551.0
STK-005433,FAC-0092,PARACETAMOL,2023-09-08,478.0
STK-005434,FAC-0092,PARACETAMOL,2023-09-09,372.0
STK-005435,FAC-0092,PARACETAMOL,2023-09-10,495.0
STK-005436,FAC-0092,PARACETAMOL,2023-09-11,404.0
STK-005437,FAC-0092,PARACETAMOL,2023-09-12,434.0
STK-005438,FAC-0092,PARACETAMOL,2023-09-13,558.0
STK-005439,FAC-0092,PARACETAMOL,2023-09-14,465.0
STK-005440,FAC-0092,PARACETAMOL,2023-09-15,432.0
STK-005441,FAC-0092,PARACETAMOL,2023-09-16,520.0
STK-005442,FAC-0092,PARACETAMOL,2023-09-17,544.0
STK-005443,FAC-0092,PARACETAMOL,2023-09-18,434.0
STK-005444,FAC-0092,PARACETAMOL,2023-09-19,406.0
STK-005445,FAC-0092,PARACETAMOL,2023-09-20,426.0
STK-005446,FAC-0092,PARACETAMOL,2023-09-21,448.0
STK-005447,FAC-0092,PARACETAMOL,2023-09-22,498.0
STK-005448,FAC-0092,PARACETAMOL,2023-09-23,411.0
STK-005449,FAC-0092,PARACETAMOL,2023-09-24,282.0
STK-005450,FAC-0092,PARACETAMOL,2023-09-25,363.0
STK-005451,FAC-0092,PARACETAMOL,2023-09-26,427.0
STK-005452,FAC-0092,PARACETAMOL,2023-09-27,512.0
STK-005453,FAC-0092,PARACETAMOL,2023-09-28,344.0
STK-005454,FAC-0092,PARACETAMOL,2023-09-29,351.0
STK-005455,FAC-0092,PARACETAMOL,2023-09-30,533.0
STK-005456,FAC-0092,PARACETAMOL,2023-10-13,233.0
STK-005457,FAC-0092,PARACETAMOL,2023-10-14,420.0
STK-005458,FAC-0092,PARACETAMOL,2023-10-15,314.0
STK-005459,FAC-0092,PARACETAMOL,2023-10-16,370.0
STK-005460,FAC-0092,PARACETAMOL,2023-10-17,452.0
STK-005461,FAC-0092,PARACETAMOL,2023-10-18,400.0
STK-005462,FAC-0092,PARACETAMOL,2023-10-19,309.0
STK-005463,FAC-0092,PARACETAMOL,2023-10-20,299.0
STK-005464,FAC-0092,PARACETAMOL,2023-10-21,283.0
STK-005465,FAC-0092,PARACETAMOL,2023-10-22,323.0
STK-005466,FAC-0092,PARACETAMOL,2023-10-23,263.0
STK-005467,FAC-0092,PARACETAMOL,2023-10-24,310.0
STK-005468,FAC-0092,PARACETAMOL,2023-10-25,302.0
STK-005469,FAC-0092,PARACETAMOL,2023-10-26,218.0
STK-005470,FAC-0092,PARACETAMOL,2023-10-27,279.0
STK-005471,FAC-0092,PARACETAMOL,2023-11-18,41.0
STK-005472,FAC-0092,PARACETAMOL,2023-11-19,153.0
STK-005473,FAC-0092,PARACETAMOL,2023-11-20,169.0
STK-005474,FAC-0092,PARACETAMOL,2023-11-21,172.0
STK-005475,FAC-0092,PARACETAMOL,2023-11-22,156.0
STK-005476,FAC-0092,PARACETAMOL,2023-11-23,91.0
STK-005477,FAC-0092,PARACETAMOL,2023-11-24,149.0
STK-005478,FAC-0092,PARACETAMOL,2023-11-25,146.0
STK-005479,FAC-0092,PARACETAMOL,2023-11-26,106.0
STK-005480,FAC-0092,PARACETAMOL,2023-11-27,101.0
STK-005481,FAC-0092,PARACETAMOL,2023-11-28,135.0
STK-005482,FAC-0092,PARACETAMOL,2023-11-29,144.0
STK-005483,FAC-0092,PARACETAMOL,2023-11-30,108.0
STK-005484,FAC-0092,PARACETAMOL,2023-12-01,109.0
STK-005485,FAC-0092,PARACETAMOL,2023-12-02,121.0
STK-005486,FAC-0092,PARACETAMOL,2023-12-03,123.0
STK-005487,FAC-0092,PARACETAMOL,2023-12-04,131.0
STK-005488,FAC-0092,PARACETAMOL,2023-12-05,158.0
STK-005489,FAC-0092,PARACETAMOL,2023-12-06,123.0
STK-005490,FAC-0092,PARACETAMOL,2023-12-07,140.0
STK-005491,FAC-0092,RIF_INH,2023-01-01,6.0
STK-005492,FAC-0092,RIF_INH,2023-01-02,12.0
STK-005493,FAC-0092,RIF_INH,2023-01-03,7.0
STK-005494,FAC-0092,RIF_INH,2023-01-04,10.0
STK-005495,FAC-0092,RIF_INH,2023-01-05,6.0
STK-005496,FAC-0092,RIF_INH,2023-01-06,13.0
STK-005497,FAC-0092,RIF_INH,2023-01-07,13.0
STK-005498,FAC-0092,RIF_INH,2023-01-08,8.0
STK-005499,FAC-0093,PARACETAMOL,2023-01-01,23.0
STK-005500,FAC-0093,PARACETAMOL,2023-01-02,29.0
STK-005501,FAC-0093,PARACETAMOL,2023-01-03,20.0
STK-005502,FAC-0093,PARACETAMOL,2023-01-04,23.0
STK-005503,FAC-0093,PARACETAMOL,2023-01-05,36.0
STK-005504,FAC-0093,PARACETAMOL,2023-01-06,22.0
STK-005505,FAC-0093,PARACETAMOL,2023-01-07,23.0
STK-005506,FAC-0093,PARACETAMOL,2023-01-08,31.0
STK-005507,FAC-0093,PARACETAMOL,2023-01-09,25.0
STK-005508,FAC-0093,PARACETAMOL,2023-01-10,26.0
STK-005509,FAC-0093,PARACETAMOL,2023-01-11,33.0
STK-005510,FAC-0093,PARACETAMOL,2023-01-12,14.0
STK-005511,FAC-0093,PARACETAMOL,2023-01-13,51.0
STK-005512,FAC-0093,PARACETAMOL,2023-01-14,26.0
STK-005513,FAC-0093,PARACETAMOL,2023-01-15,24.0
STK-005514,FAC-0093,PARACETAMOL,2023-01-16,19.0
STK-005515,FAC-0093,PARACETAMOL,2023-01-17,32.0
STK-005516,FAC-0093,PARACETAMOL,2023-01-18,24.0
STK-005517,FAC-0093,RIF_INH,2023-01-02,2.0
STK-005518,FAC-0093,RIF_INH,2023-01-03,4.0
STK-005519,FAC-0093,RIF_INH,2023-01-04,1.0
STK-005520,FAC-0094,RIF_INH,2023-01-01,2.0
STK-005521,FAC-0095,EPINEPHRINE,2023-01-09,1.0
STK-005522,FAC-0095,EPINEPHRINE,2023-01-11,1.0
STK-005523,FAC-0095,EPINEPHRINE,2023-01-13,1.0
STK-005524,FAC-0095,EPINEPHRINE,2023-01-14,1.0
STK-005525,FAC-0095,PARACETAMOL,2023-01-01,31.0
STK-005526,FAC-0095,RIF_INH,2023-01-01,2.0
STK-005527,FAC-0095,RIF_INH,2023-01-02,4.0
STK-005528,FAC-0095,RIF_INH,2023-01-03,1.0
STK-005529,FAC-0095,RIF_INH,2023-01-04,2.0
STK-005530,FAC-0096,EPINEPHRINE,2023-01-03,1.0
STK-005531,FAC-0096,EPINEPHRINE,2023-01-10,2.0
STK-005532,FAC-0096,EPINEPHRINE,2023-01-13,1.0
STK-005533,FAC-0096,EPINEPHRINE,2023-01-31,1.0
STK-005534,FAC-0096,EPINEPHRINE,2023-02-21,1.0
STK-005535,FAC-0096,EPINEPHRINE,2023-02-27,1.0
STK-005536,FAC-0096,EPINEPHRINE,2023-03-01,1.0
STK-005537,FAC-0096,EPINEPHRINE,2023-03-03,1.0
STK-005538,FAC-0096,EPINEPHRINE,2023-03-25,2.0
STK-005539,FAC-0096,EPINEPHRINE,2023-03-28,2.0
STK-005540,FAC-0096,EPINEPHRINE,2023-03-31,1.0
STK-005541,FAC-0096,EPINEPHRINE,2023-04-01,2.0
STK-005542,FAC-0096,EPINEPHRINE,2023-07-28,1.0
STK-005543,FAC-0096,EPINEPHRINE,2023-07-30,1.0
STK-005544,FAC-0096,EPINEPHRINE,2023-08-05,1.0
STK-005545,FAC-0096,EPINEPHRINE,2023-08-10,1.0
STK-005546,FAC-0096,EPINEPHRINE,2023-08-12,1.0
STK-005547,FAC-0096,EPINEPHRINE,2023-10-28,1.0
STK-005548,FAC-0096,EPINEPHRINE,2023-11-03,1.0
STK-005549,FAC-0096,EPINEPHRINE,2023-11-05,2.0
STK-005550,FAC-0096,EPINEPHRINE,2023-11-08,2.0
STK-005551,FAC-0096,EPINEPHRINE,2023-11-13,3.0
STK-005552,FAC-0096,EPINEPHRINE,2023-11-14,1.0
STK-005553,FAC-0096,EPINEPHRINE,2023-12-27,1.0
STK-005554,FAC-0096,PARACETAMOL,2023-01-01,98.0
STK-005555,FAC-0096,PARACETAMOL,2023-01-02,95.0
STK-005556,FAC-0096,PARACETAMOL,2023-01-03,130.0
STK-005557,FAC-0096,PARACETAMOL,2023-01-04,105.0
STK-005558,FAC-0096,PARACETAMOL,2023-08-22,40.0
STK-005559,FAC-0096,PARACETAMOL,2023-08-23,408.0
STK-005560,FAC-0096,PARACETAMOL,2023-08-24,461.0
STK-005561,FAC-0096,PARACETAMOL,2023-08-25,422.0
STK-005562,FAC-0096,PARACETAMOL,2023-08-26,395.0
STK-005563,FAC-0096,PARACETAMOL,2023-08-27,447.0
STK-005564,FAC-0096,PARACETAMOL,2023-08-28,391.0
STK-005565,FAC-0096,PARACETAMOL,2023-08-29,583.0
STK-005566,FAC-0096,PARACETAMOL,2023-09-12,139.0
STK-005567,FAC-0096,PARACETAMOL,2023-09-13,404.0
STK-005568,FAC-0096,PARACETAMOL,2023-09-14,398.0
STK-005569,FAC-0096,PARACETAMOL,2023-09-15,389.0
STK-005570,FAC-0096,PARACETAMOL,2023-09-16,320.0
STK-005571,FAC-0096,PARACETAMOL,2023-09-17,441.0
STK-005572,FAC-0096,PARACETAMOL,2023-09-18,344.0
STK-005573,FAC-0096,PARACETAMOL,2023-09-19,415.0
STK-005574,FAC-0096,PARACETAMOL,2023-09-20,372.0
STK-005575,FAC-0096,PARACETAMOL,2023-09-21,353.0
STK-005576,FAC-0096,PARACETAMOL,2023-09-22,382.0
STK-005577,FAC-0096,PARACETAMOL,2023-09-23,380.0
STK-005578,FAC-0096,PARACETAMOL,2023-09-24,280.0
STK-005579,FAC-0096,PARACETAMOL,2023-09-25,401.0
STK-005580,FAC-0096,PARACETAMOL,2023-09-26,250.0
STK-005581,FAC-0096,PARACETAMOL,2023-09-27,265.0
STK-005582,FAC-0096,PARACETAMOL,2023-09-28,343.0
STK-005583,FAC-0096,PARACETAMOL,2023-09-29,359.0
STK-005584,FAC-0096,PARACETAMOL,2023-09-30,408.0
STK-005585,FAC-0096,PARACETAMOL,2023-10-01,330.0
STK-005586,FAC-0096,PARACETAMOL,2023-10-02,367.0
STK-005587,FAC-0096,PARACETAMOL,2023-10-03,341.0
STK-005588,FAC-0096,PARACETAMOL,2023-10-20,156.0
STK-005589,FAC-0096,PARACETAMOL,2023-10-21,316.0
STK-005590,FAC-0096,PARACETAMOL,2023-10-22,324.0
STK-005591,FAC-0096,PARACETAMOL,2023-10-23,241.0
STK-005592,FAC-0096,PARACETAMOL,2023-10-24,232.0
STK-005593,FAC-0096,PARACETAMOL,2023-10-25,305.0
STK-005594,FAC-0096,PARACETAMOL,2023-10-26,224.0
STK-005595,FAC-0096,PARACETAMOL,2023-10-27,298.0
STK-005596,FAC-0096,PARACETAMOL,2023-10-28,300.0
STK-005597,FAC-0096,PARACETAMOL,2023-10-29,179.0
STK-005598,FAC-0096,PARACETAMOL,2023-10-30,224.0
STK-005599,FAC-0096,PARACETAMOL,2023-10-31,200.0
STK-005600,FAC-0096,PARACETAMOL,2023-11-01,163.0
STK-005601,FAC-0096,RIF_INH,2023-01-01,5.0
STK-005602,FAC-0096,RIF_INH,2023-01-02,9.0
STK-005603,FAC-0096,RIF_INH,2023-01-03,5.0
STK-005604,FAC-0096,RIF_INH,2023-01-04,8.0
STK-005605,FAC-0096,RIF_INH,2023-01-05,5.0
STK-005606,FAC-0097,PARACETAMOL,2023-01-01,28.0
STK-005607,FAC-0097,PARACETAMOL,2023-01-02,14.0
STK-005608,FAC-0097,PARACETAMOL,2023-01-03,24.0
STK-005609,FAC-0097,PARACETAMOL,2023-01-04,28.0
STK-005610,FAC-0097,PARACETAMOL,2023-01-05,21.0
STK-005611,FAC-0097,PARACETAMOL,2023-01-06,23.0
STK-005612,FAC-0097,PARACETAMOL,2023-01-07,26.0
STK-005613,FAC-0097,PARACETAMOL,2023-01-08,19.0
STK-005614,FAC-0097,PARACETAMOL,2023-01-09,31.0
STK-005615,FAC-0097,PARACETAMOL,2023-01-10,38.0
STK-005616,FAC-0097,PARACETAMOL,2023-01-11,42.0
STK-005617,FAC-0097,PARACETAMOL,2023-01-12,18.0
STK-005618,FAC-0097,PARACETAMOL,2023-01-13,31.0
STK-005619,FAC-0097,PARACETAMOL,2023-01-14,25.0
STK-005620,FAC-0097,PARACETAMOL,2023-01-15,20.0
STK-005621,FAC-0097,PARACETAMOL,2023-01-16,21.0
STK-005622,FAC-0097,PARACETAMOL,2023-01-17,23.0
STK-005623,FAC-0097,PARACETAMOL,2023-01-18,19.0
STK-005624,FAC-0097,PARACETAMOL,2023-01-19,19.0
STK-005625,FAC-0097,PARACETAMOL,2023-01-20,15.0
STK-005626,FAC-0097,PARACETAMOL,2023-01-21,21.0
STK-005627,FAC-0097,PARACETAMOL,2023-01-22,20.0
STK-005628,FAC-0097,PARACETAMOL,2023-01-23,16.0
STK-005629,FAC-0097,PARACETAMOL,2023-01-24,24.0
STK-005630,FAC-0097,PARACETAMOL,2023-01-25,28.0
STK-005631,FAC-0097,PARACETAMOL,2023-01-26,13.0
STK-005632,FAC-0097,PARACETAMOL,2023-01-27,28.0
STK-005633,FAC-0097,PARACETAMOL,2023-01-28,26.0
STK-005634,FAC-0097,PARACETAMOL,2023-01-29,26.0
STK-005635,FAC-0097,PARACETAMOL,2023-01-30,29.0
STK-005636,FAC-0097,PARACETAMOL,2023-01-31,21.0
STK-005637,FAC-0097,PARACETAMOL,2023-02-01,31.0
STK-005638,FAC-0097,PARACETAMOL,2023-02-02,11.0
STK-005639,FAC-0097,RIF_INH,2023-01-01,3.0
STK-005640,FAC-0097,RIF_INH,2023-01-02,3.0
STK-005641,FAC-0097,RIF_INH,2023-01-03,2.0
STK-005642,FAC-0097,RIF_INH,2023-01-04,1.0
STK-005643,FAC-0097,RIF_INH,2023-01-05,1.0
STK-005644,FAC-0097,RIF_INH,2023-01-06,1.0
STK-005645,FAC-0097,RIF_INH,2023-01-07,2.0
STK-005646,FAC-0097,RIF_INH,2023-01-08,2.0
STK-005647,FAC-0097,RIF_INH,2023-01-09,1.0
STK-005648,FAC-0097,RIF_INH,2023-01-10,2.0
STK-005649,FAC-0098,EPINEPHRINE,2023-01-03,1.0
STK-005650,FAC-0098,EPINEPHRINE,2023-01-05,1.0
STK-005651,FAC-0098,EPINEPHRINE,2023-01-24,1.0
STK-005652,FAC-0098,PARACETAMOL,2023-01-01,21.0
STK-005653,FAC-0098,PARACETAMOL,2023-01-02,32.0
STK-005654,FAC-0098,PARACETAMOL,2023-01-03,20.0
STK-005655,FAC-0098,PARACETAMOL,2023-01-04,19.0
STK-005656,FAC-0098,PARACETAMOL,2023-01-05,21.0
STK-005657,FAC-0098,PARACETAMOL,2023-01-06,20.0
STK-005658,FAC-0098,PARACETAMOL,2023-01-07,17.0
STK-005659,FAC-0098,PARACETAMOL,2023-01-08,30.0
STK-005660,FAC-0098,PARACETAMOL,2023-01-09,27.0
STK-005661,FAC-0098,PARACETAMOL,2023-01-10,33.0
STK-005662,FAC-0098,PARACETAMOL,2023-01-11,29.0
STK-005663,FAC-0098,PARACETAMOL,2023-01-12,15.0
STK-005664,FAC-0098,PARACETAMOL,2023-01-13,20.0
STK-005665,FAC-0098,PARACETAMOL,2023-01-14,17.0
STK-005666,FAC-0098,PARACETAMOL,2023-01-15,24.0
STK-005667,FAC-0098,PARACETAMOL,2023-01-16,31.0
STK-005668,FAC-0098,PARACETAMOL,2023-01-17,22.0
STK-005669,FAC-0098,RIF_INH,2023-01-01,3.0
STK-005670,FAC-0098,RIF_INH,2023-01-02,3.0
STK-005671,FAC-0098,RIF_INH,2023-01-03,1.0
STK-005672,FAC-0098,RIF_INH,2023-01-05,1.0
STK-005673,FAC-0098,RIF_INH,2023-01-06,3.0
STK-005674,FAC-0099,EPINEPHRINE,2023-01-04,1.0
STK-005675,FAC-0099,PARACETAMOL,2023-01-01,16.0
STK-005676,FAC-0099,PARACETAMOL,2023-01-02,14.0
STK-005677,FAC-0099,PARACETAMOL,2023-01-03,34.0
STK-005678,FAC-0099,PARACETAMOL,2023-01-04,26.0
STK-005679,FAC-0100,EPINEPHRINE,2023-01-02,1.0
STK-005680,FAC-0100,EPINEPHRINE,2023-01-03,1.0
STK-005681,FAC-0100,EPINEPHRINE,2023-01-04,1.0
STK-005682,FAC-0100,EPINEPHRINE,2023-01-05,1.0
STK-005683,FAC-0100,EPINEPHRINE,2023-01-06,1.0
STK-005684,FAC-0100,EPINEPHRINE,2023-01-07,1.0
STK-005685,FAC-0100,EPINEPHRINE,2023-01-11,1.0
STK-005686,FAC-0100,EPINEPHRINE,2023-01-16,1.0
STK-005687,FAC-0100,EPINEPHRINE,2023-01-17,1.0
STK-005688,FAC-0100,EPINEPHRINE,2023-01-24,1.0
STK-005689,FAC-0100,EPINEPHRINE,2023-01-25,1.0
STK-005690,FAC-0100,EPINEPHRINE,2023-03-28,1.0
STK-005691,FAC-0100,EPINEPHRINE,2023-03-31,2.0
STK-005692,FAC-0100,EPINEPHRINE,2023-04-03,1.0
STK-005693,FAC-0100,EPINEPHRINE,2023-05-06,1.0
STK-005694,FAC-0100,EPINEPHRINE,2023-05-11,1.0
STK-005695,FAC-0100,EPINEPHRINE,2023-06-30,1.0
STK-005696,FAC-0100,EPINEPHRINE,2023-07-01,1.0
STK-005697,FAC-0100,EPINEPHRINE,2023-07-03,1.0
STK-005698,FAC-0100,EPINEPHRINE,2023-07-05,4.0
STK-005699,FAC-0100,EPINEPHRINE,2023-07-30,2.0
STK-005700,FAC-0100,EPINEPHRINE,2023-08-01,1.0
STK-005701,FAC-0100,EPINEPHRINE,2023-09-11,1.0
STK-005702,FAC-0100,EPINEPHRINE,2023-09-12,1.0
STK-005703,FAC-0100,EPINEPHRINE,2023-11-19,1.0
STK-005704,FAC-0100,PARACETAMOL,2023-01-01,114.0
STK-005705,FAC-0100,PARACETAMOL,2023-01-02,121.0
STK-005706,FAC-0100,PARACETAMOL,2023-01-03,95.0
STK-005707,FAC-0100,PARACETAMOL,2023-01-04,123.0
STK-005708,FAC-0100,PARACETAMOL,2023-01-05,118.0
STK-005709,FAC-0100,PARACETAMOL,2023-01-06,116.0
STK-005710,FAC-0100,PARACETAMOL,2023-01-07,119.0
STK-005711,FAC-0100,PARACETAMOL,2023-01-08,155.0
STK-005712,FAC-0100,PARACETAMOL,2023-01-09,78.0
STK-005713,FAC-0100,PARACETAMOL,2023-01-10,104.0
STK-005714,FAC-0100,PARACETAMOL,2023-01-11,129.0
STK-005715,FAC-0100,PARACETAMOL,2023-01-12,113.0
STK-005716,FAC-0100,PARACETAMOL,2023-01-13,91.0
STK-005717,FAC-0100,PARACETAMOL,2023-01-14,96.0
STK-005718,FAC-0100,PARACETAMOL,2023-01-15,97.0
STK-005719,FAC-0100,PARACETAMOL,2023-08-09,125.0
STK-005720,FAC-0100,PARACETAMOL,2023-08-10,325.0
STK-005721,FAC-0100,PARACETAMOL,2023-08-23,37.0
STK-005722,FAC-0100,PARACETAMOL,2023-08-24,276.0
STK-005723,FAC-0100,PARACETAMOL,2023-08-25,344.0
STK-005724,FAC-0100,PARACETAMOL,2023-08-26,406.0
STK-005725,FAC-0100,PARACETAMOL,2023-08-27,412.0
STK-005726,FAC-0100,PARACETAMOL,2023-08-28,357.0
STK-005727,FAC-0100,PARACETAMOL,2023-08-29,368.0
STK-005728,FAC-0100,PARACETAMOL,2023-08-30,471.0
STK-005729,FAC-0100,PARACETAMOL,2023-09-13,323.0
STK-005730,FAC-0100,PARACETAMOL,2023-09-14,448.0
STK-005731,FAC-0100,PARACETAMOL,2023-09-15,446.0
STK-005732,FAC-0100,PARACETAMOL,2023-09-16,324.0
STK-005733,FAC-0100,PARACETAMOL,2023-09-17,366.0
STK-005734,FAC-0100,PARACETAMOL,2023-09-18,387.0
STK-005735,FAC-0100,PARACETAMOL,2023-09-19,385.0
STK-005736,FAC-0100,PARACETAMOL,2023-09-20,415.0
STK-005737,FAC-0100,PARACETAMOL,2023-09-21,373.0
STK-005738,FAC-0100,PARACETAMOL,2023-09-22,382.0
STK-005739,FAC-0100,PARACETAMOL,2023-09-23,319.0
STK-005740,FAC-0100,PARACETAMOL,2023-09-24,483.0
STK-005741,FAC-0100,PARACETAMOL,2023-09-25,310.0
STK-005742,FAC-0100,PARACETAMOL,2023-09-26,468.0
STK-005743,FAC-0100,PARACETAMOL,2023-09-27,309.0
STK-005744,FAC-0100,PARACETAMOL,2023-09-28,398.0
STK-005745,FAC-0100,PARACETAMOL,2023-09-29,362.0
STK-005746,FAC-0100,PARACETAMOL,2023-10-15,256.0
STK-005747,FAC-0100,PARACETAMOL,2023-10-16,394.0
STK-005748,FAC-0100,PARACETAMOL,2023-10-17,320.0
STK-005749,FAC-0100,PARACETAMOL,2023-10-18,278.0
STK-005750,FAC-0100,PARACETAMOL,2023-10-19,291.0
STK-005751,FAC-0100,PARACETAMOL,2023-10-20,274.0
STK-005752,FAC-0100,PARACETAMOL,2023-10-21,273.0
STK-005753,FAC-0100,PARACETAMOL,2023-10-22,247.0
STK-005754,FAC-0100,PARACETAMOL,2023-10-23,232.0
STK-005755,FAC-0100,PARACETAMOL,2023-10-24,297.0
STK-005756,FAC-0100,PARACETAMOL,2023-10-25,238.0
STK-005757,FAC-0100,PARACETAMOL,2023-10-26,218.0
STK-005758,FAC-0100,PARACETAMOL,2023-10-27,196.0
STK-005759,FAC-0100,PARACETAMOL,2023-10-28,278.0
STK-005760,FAC-0100,PARACETAMOL,2023-10-29,297.0
STK-005761,FAC-0100,PARACETAMOL,2023-10-30,197.0
STK-005762,FAC-0100,PARACETAMOL,2023-10-31,248.0
STK-005763,FAC-0100,PARACETAMOL,2023-11-01,185.0
STK-005764,FAC-0100,PARACETAMOL,2023-11-02,201.0
STK-005765,FAC-0100,PARACETAMOL,2023-11-03,218.0
STK-005766,FAC-0100,PARACETAMOL,2023-11-04,220.0
STK-005767,FAC-0100,PARACETAMOL,2023-11-05,141.0
STK-005768,FAC-0100,PARACETAMOL,2023-11-06,267.0
STK-005769,FAC-0100,PARACETAMOL,2023-11-07,223.0
STK-005770,FAC-0100,PARACETAMOL,2023-11-08,226.0
STK-005771,FAC-0100,PARACETAMOL,2023-11-09,179.0
STK-005772,FAC-0100,PARACETAMOL,2023-11-10,162.0
STK-005773,FAC-0100,PARACETAMOL,2023-11-11,182.0
STK-005774,FAC-0100,PARACETAMOL,2023-11-12,123.0
STK-005775,FAC-0100,PARACETAMOL,2023-11-13,142.0
STK-005776,FAC-0100,PARACETAMOL,2023-11-14,159.0
STK-005777,FAC-0100,PARACETAMOL,2023-11-15,223.0
STK-005778,FAC-0100,PARACETAMOL,2023-11-16,145.0
STK-005779,FAC-0100,PARACETAMOL,2023-11-17,156.0
STK-005780,FAC-0100,PARACETAMOL,2023-11-18,186.0
STK-005781,FAC-0100,PARACETAMOL,2023-11-19,159.0
STK-005782,FAC-0100,PARACETAMOL,2023-11-20,107.0
STK-005783,FAC-0100,RIF_INH,2023-01-01,5.0
STK-005784,FAC-0100,RIF_INH,2023-01-02,4.0
STK-005785,FAC-0100,RIF_INH,2023-01-03,12.0
STK-005786,FAC-0100,RIF_INH,2023-01-04,9.0
STK-005787,FAC-0100,RIF_INH,2023-01-05,7.0
STK-005788,FAC-0100,RIF_INH,2023-01-06,5.0
STK-005789,FAC-0100,RIF_INH,2023-01-07,3.0
STK-005790,FAC-0100,RIF_INH,2023-01-08,5.0
STK-005791,FAC-0100,RIF_INH,2023-01-09,7.0
STK-005792,FAC-0100,RIF_INH,2023-01-10,2.0
STK-005793,FAC-0100,RIF_INH,2023-01-11,3.0
STK-005794,FAC-0100,RIF_INH,2023-01-12,5.0
STK-005795,FAC-0100,RIF_INH,2023-01-13,3.0
STK-005796,FAC-0100,RIF_INH,2023-01-14,5.0
STK-005797,FAC-0100,RIF_INH,2023-01-15,6.0
STK-005798,FAC-0100,RIF_INH,2023-01-16,5.0
